t_sec,alpha_x,alpha_y,alpha_z,omega_z_abs,residual_rms,a_c_x,a_c_y,a_c_z,s1_raw_x,s1_raw_y,s1_raw_z,s1_cal_x,s1_cal_y,s1_cal_z,s1_disk_x,s1_disk_y,s1_disk_z,s2_raw_x,s2_raw_y,s2_raw_z,s2_cal_x,s2_cal_y,s2_cal_z,s2_disk_x,s2_disk_y,s2_disk_z,s3_raw_x,s3_raw_y,s3_raw_z,s3_cal_x,s3_cal_y,s3_cal_z,s3_disk_x,s3_disk_y,s3_disk_z,s4_raw_x,s4_raw_y,s4_raw_z,s4_cal_x,s4_cal_y,s4_cal_z,s4_disk_x,s4_disk_y,s4_disk_z
0.0000,-1.159195,-1.273257,-3.582022,1.351799,0.057697,-0.42156,-0.954715,9.760706,-0.0156,-0.1326,0.9672,0.00296,-0.12598,0.97526,0.02905,-1.23545,9.56402,0.078,-0.0351,0.9477,0.03845,-0.06836,1.02576,-0.55402,-1.42596,9.97199,0.039,-0.0819,0.9867,0.067,-0.09598,1.00505,-0.92192,-0.61452,9.86077,0.0,-0.0078,0.9906,0.03468,-0.03185,0.98436,-0.23934,-0.54293,9.64604
0.0228,0.854509,-3.118852,-0.169576,1.459921,0.03979,-0.494849,-1.005842,9.730447,-0.0702,-0.1326,0.9906,-0.0494,-0.12598,0.99931,-0.48443,-1.23545,9.79993,0.0351,-0.0546,0.9633,-0.00328,-0.0871,1.04148,-0.74062,-1.03714,10.16956,0.0039,-0.0663,0.9594,0.03297,-0.08103,0.97753,-0.57721,-0.70768,9.58117,-0.0546,-0.0117,0.9672,-0.01879,-0.03565,0.96082,-0.17714,-1.0431,9.37113
0.0451,0.136961,-2.14849,9.320292,1.430678,0.079035,-0.35318,-1.053929,9.737584,-0.1833,-0.1326,0.9789,-0.15786,-0.12598,0.98729,-1.54805,-1.23545,9.68197,-0.0741,-0.0507,0.9438,-0.10951,-0.08335,1.02183,-0.71757,0.01935,10.08573,-0.1599,-0.0546,0.9633,-0.12582,-0.06983,0.98146,0.98145,-0.77648,9.64691,-0.1755,-0.0156,0.9945,-0.13718,-0.03946,0.98828,-0.12856,-2.22314,9.53572
0.0670,-0.455025,-0.407225,3.15443,1.239053,0.075032,-0.095461,-0.892811,9.765764,-0.0624,-0.1131,0.9789,-0.04192,-0.10675,0.98729,-0.41107,-1.0469,9.68197,-0.0273,-0.0039,0.9243,-0.06398,-0.03837,1.00219,-0.2737,-0.39934,9.84344,-0.0741,-0.0702,0.9789,-0.04265,-0.08477,0.99719,0.1579,-0.67957,9.79846,-0.0936,-0.0468,1.0062,-0.05698,-0.0699,1.00005,0.14503,-1.44544,9.73919
0.0890,-1.20541,4.290769,-4.84835,1.149419,0.103496,0.00967,-0.862311,9.777126,0.0429,-0.0897,0.9711,0.05906,-0.08368,0.97927,0.5792,-0.82063,9.60334,0.1092,0.0078,0.8775,0.0688,-0.02712,0.95505,-0.15414,-1.64516,9.2474,0.0117,-0.0858,0.9906,0.04053,-0.09971,1.00899,-0.66474,-0.5767,9.91192,0.0195,-0.0663,1.0569,0.05377,-0.08893,1.05105,0.27836,-0.40675,10.34584
0.1109,-1.557915,0.893802,-6.383684,1.301956,0.177518,0.077007,-0.710598,9.791145,0.117,-0.0858,0.9633,0.13012,-0.07984,0.97125,1.27606,-0.78292,9.5247,0.0741,-0.0117,0.9243,0.03466,-0.04587,1.00219,-0.33648,-1.3623,9.74377,0.0312,-0.0975,0.9906,0.05943,-0.11092,1.00899,-0.85364,-0.47361,9.92353,0.0351,-0.0585,1.0179,0.06905,-0.08132,1.01182,0.22209,-0.22355,9.97258
0.1329,-0.871448,-0.980486,-1.611609,1.46668,0.016895,-0.346956,-0.922672,9.77784,-0.0312,-0.1287,0.975,-0.012,-0.12214,0.98328,-0.11766,-1.19774,9.64265,0.0468,-0.0429,0.9399,0.0081,-0.07585,1.01791,-0.63169,-1.12284,9.92698,0.0,-0.078,0.9867,0.02919,-0.09224,1.00505,-0.55024,-0.63982,9.86575,-0.0195,-0.0234,0.9945,0.01558,-0.04707,0.98828,-0.08823,-0.73028,9.67598
0.1548,1.584884,-3.517152,7.007394,1.44841,0.015062,-0.526726,-1.067526,9.801096,-0.1716,-0.1404,1.0101,-0.14664,-0.13367,1.01936,-1.43802,-1.31087,9.99652,-0.0546,-0.0585,0.9633,-0.09054,-0.09085,1.04148,-0.78687,-0.18653,10.25873,-0.0936,-0.0546,0.9594,-0.06155,-0.06983,0.97753,0.3526,-0.78901,9.59079,-0.1521,-0.0039,0.975,-0.11427,-0.02804,0.96866,-0.23461,-1.9837,9.35834
0.1767,0.393944,-2.372836,6.202374,1.154605,0.071205,-0.335558,-1.115929,9.782286,-0.1287,-0.1287,0.9906,-0.1055,-0.12214,0.99931,-1.03458,-1.19774,9.79993,-0.0312,-0.039,0.9516,-0.06778,-0.07211,1.02969,-0.6019,-0.39432,10.11879,-0.1131,-0.0468,0.9711,-0.08045,-0.06236,0.98933,0.53753,-0.87382,9.69908,-0.1521,-0.0039,0.9906,-0.11427,-0.02804,0.98436,-0.24327,-1.99784,9.51135
0.1988,0.224707,-0.167151,1.286816,1.009247,0.043161,-0.058695,-0.918125,9.777296,-0.0351,-0.1053,0.9906,-0.01574,-0.09906,0.99931,-0.15434,-0.97148,9.79993,0.0117,-0.0039,0.9243,-0.02605,-0.03837,1.00219,-0.26957,-0.76937,9.80482,-0.0702,-0.0585,0.975,-0.03887,-0.07356,0.99326,0.12544,-0.78322,9.7424,-0.0624,-0.039,1.0062,-0.02643,-0.06229,1.00005,0.06369,-1.14844,9.76203
0.2208,-1.982886,3.456788,-7.651098,1.125906,0.065649,0.062561,-0.736552,9.766396,0.1014,-0.0858,0.9594,0.11516,-0.07984,0.96724,1.12935,-0.78292,9.48538,0.1209,0.0039,0.8892,0.08019,-0.03087,0.96683,-0.18837,-1.7686,9.35113,0.0351,-0.0936,0.9984,0.06321,-0.10718,1.01685,-0.89129,-0.5228,9.993,0.0741,-0.0585,1.0413,0.10724,-0.08132,1.03536,0.20056,0.12812,10.23607
0.2427,-1.835623,1.880212,-4.242669,1.238871,0.052121,-0.015735,-0.776852,9.816642,0.0468,-0.0975,0.9672,0.0628,-0.09137,0.97526,0.61587,-0.89605,9.56402,0.0702,-0.0039,0.9087,0.03086,-0.03837,0.98648,-0.2651,-1.30843,9.59364,0.0039,-0.0897,1.0023,0.03297,-0.10345,1.02078,-0.59462,-0.55624,10.03394,0.0234,-0.0546,1.0296,0.05759,-0.07751,1.02359,0.18091,-0.34668,10.07497
0.2647,-0.888911,-0.760035,0.666196,1.357094,0.109398,-0.094984,-1.019821,9.781403,-0.0156,-0.1209,0.9789,0.00296,-0.11444,0.98729,0.02905,-1.12232,9.68197,0.0312,-0.0273,0.9321,-0.00708,-0.06086,1.01005,-0.48718,-0.96505,9.86434,-0.0624,-0.0702,0.9906,-0.0313,-0.08477,1.00899,0.04401,-0.70073,9.90953,-0.078,-0.0351,0.9984,-0.0417,-0.05849,0.9922,0.03418,-1.29118,9.66977
0.2866,0.952448,-3.10815,8.995819,1.296492,0.043953,-0.388047,-1.10383,9.799037,-0.1755,-0.1365,1.0023,-0.15038,-0.12983,1.01134,-1.4747,-1.27316,9.91788,-0.0741,-0.0429,0.9555,-0.10951,-0.07585,1.03362,-0.64277,0.00826,10.19995,-0.1404,-0.0507,0.9672,-0.10692,-0.06609,0.98539,0.79653,-0.82406,9.67406,-0.1872,-0.0039,0.9828,-0.14864,-0.02804,0.97651,-0.23125,-2.32636,9.40426
0.3085,1.015242,-1.755091,4.783863,0.982117,0.06593,-0.282187,-1.085657,9.791836,-0.1092,-0.1209,0.9984,-0.0868,-0.11444,1.00733,-0.85119,-1.12232,9.87856,-0.0117,-0.0234,0.9477,-0.04881,-0.05711,1.02576,-0.45325,-0.57355,10.05971,-0.0975,-0.0468,0.9633,-0.06533,-0.06236,0.98146,0.39117,-0.86624,9.61866,-0.1287,-0.0078,0.9984,-0.09135,-0.03185,0.9922,-0.21548,-1.78052,9.61041
0.3304,-0.49956,0.729191,-4.915411,0.912214,0.083742,-0.05473,-0.942649,9.736884,0.0546,-0.1014,0.975,0.07028,-0.09522,0.98328,0.68923,-0.93377,9.64265,0.1053,-0.0039,0.9204,0.06501,-0.03837,0.99826,-0.2601,-1.65344,9.67383,0.0078,-0.0663,0.9789,0.03675,-0.08103,0.99719,-0.61883,-0.73859,9.77054,0.0117,-0.0312,1.0101,0.04614,-0.05468,1.00397,-0.02922,-0.44481,9.86051
0.3523,-0.801119,1.520273,-3.533262,1.228379,0.03034,-0.033524,-0.686923,9.817253,0.0273,-0.0975,0.9828,0.0441,-0.09137,0.9913,0.43249,-0.89605,9.72129,0.0468,0.0039,0.9087,0.0081,-0.03087,0.98648,-0.19406,-1.08552,9.61608,0.0,-0.0936,0.9906,0.02919,-0.10718,1.00899,-0.55605,-0.50108,9.92638,0.0312,-0.0546,1.0218,0.06523,-0.07751,1.01574,0.18353,-0.26503,10.00527
0.3741,-2.425362,1.492342,-1.56712,1.173333,0.037569,-0.002634,-0.817708,9.74703,0.0078,-0.1014,0.9516,0.0254,-0.09522,0.95922,0.24911,-0.93377,9.40675,0.039,0.0,0.9048,0.00051,-0.03462,0.98255,-0.23207,-1.00797,9.58585,-0.0351,-0.078,1.0023,-0.00484,-0.09224,1.02078,-0.2205,-0.65389,10.02764,-0.0117,-0.0546,1.0218,0.02322,-0.07751,1.01574,0.19293,-0.67521,9.96789
0.3960,0.012729,-0.457496,0.607019,1.307586,0.059416,-0.124943,-0.906367,9.811144,-0.0273,-0.117,0.9906,-0.00826,-0.1106,0.99931,-0.08098,-1.08461,9.79993,0.0117,-0.0156,0.9321,-0.02605,-0.04962,1.01005,-0.37898,-0.7787,9.88255,-0.0468,-0.0741,0.9789,-0.01618,-0.0885,0.99719,-0.10264,-0.65101,9.79667,-0.0585,-0.039,1.0062,-0.02261,-0.06229,1.00005,0.06283,-1.11115,9.76543
0.4179,0.237508,-2.054919,7.674217,1.033395,0.058375,-0.280001,-1.094085,9.765707,-0.1443,-0.1248,0.9867,-0.12046,-0.11829,0.99531,-1.18128,-1.16003,9.76061,-0.0546,-0.0273,0.9438,-0.09054,-0.06086,1.02183,-0.49497,-0.16298,10.06424,-0.1365,-0.0429,0.9711,-0.10314,-0.05862,0.98933,0.76102,-0.90346,9.69981,-0.1677,-0.0078,0.9945,-0.12954,-0.03185,0.98828,-0.20477,-2.14987,9.53818
0.4397,0.433835,-2.468251,7.504176,0.991842,0.052281,-0.335707,-1.070049,9.807135,-0.1638,-0.1326,0.9906,-0.13916,-0.12598,0.99931,-1.36467,-1.23545,9.79993,-0.0624,-0.0156,0.9555,-0.09813,-0.04962,1.03362,-0.38424,-0.09961,10.18581,-0.117,-0.039,0.9711,-0.08423,-0.05489,0.98933,0.57702,-0.94508,9.68887,-0.1521,-0.0117,0.9945,-0.11427,-0.03565,0.98828,-0.17093,-2.00006,9.55394
0.4616,0.251796,-0.225624,-1.196514,0.933,0.056848,-0.237264,-0.870574,9.816098,-0.039,-0.1092,0.9945,-0.01948,-0.10291,1.00332,-0.19101,-1.00919,9.83925,0.039,0.0,0.9321,0.00051,-0.03462,1.01005,-0.22907,-1.03592,9.85406,-0.0078,-0.0663,0.9789,0.02163,-0.08103,0.99719,-0.47065,-0.73424,9.77479,-0.0156,-0.0273,1.0062,0.0194,-0.05087,1.00005,-0.05832,-0.70295,9.7963
0.4834,-1.707403,1.68507,-8.594747,0.826367,0.05101,-0.025686,-0.777323,9.785779,0.1053,-0.0858,0.9672,0.1189,-0.07984,0.97526,1.16603,-0.78292,9.56402,0.1287,0.0039,0.9126,0.08777,-0.03087,0.99041,-0.18497,-1.86657,9.5733,0.0624,-0.078,1.0023,0.08968,-0.09224,1.02078,-1.14663,-0.68108,10.00111,0.0819,-0.0429,1.0179,0.11488,-0.0661,1.01182,0.06283,0.22128,10.00468
0.5052,-1.075395,0.763024,-2.336553,1.214767,0.061301,-0.029183,-0.776547,9.781479,-0.0039,-0.1053,0.975,0.01418,-0.09906,0.98328,0.13908,-0.97148,9.64265,0.0546,0.0039,0.9165,0.01569,-0.03087,0.99433,-0.19238,-1.16751,9.68499,-0.0312,-0.0819,0.9906,-0.00106,-0.09598,1.00899,-0.25602,-0.60091,9.91796,0.0195,-0.0546,1.0101,0.05377,-0.07751,1.00397,0.19259,-0.36629,9.88032
0.5271,-1.136097,0.019506,-0.966528,1.102094,0.037882,-0.099167,-0.899133,9.768886,-0.0078,-0.117,0.975,0.01044,-0.1106,0.98328,0.1024,-1.08461,9.64265,0.0312,-0.0039,0.9204,-0.00708,-0.03837,0.99826,-0.26794,-0.95039,9.7472,-0.0312,-0.0663,0.9945,-0.00106,-0.08103,1.01292,-0.25204,-0.75157,9.9335,-0.0273,-0.0351,1.0023,0.00794,-0.05849,0.99613,0.02091,-0.80996,9.75219
0.5489,0.818958,-0.646684,7.522678,1.118766,0.10475,-0.312822,-0.993934,9.814801,-0.1365,-0.1209,1.0023,-0.11298,-0.11444,1.01134,-1.10793,-1.12232,9.91788,-0.0819,-0.0234,0.9243,-0.1171,-0.05711,1.00219,-0.46325,0.11646,9.89932,-0.1053,-0.0546,0.9711,-0.07289,-0.06983,0.98933,0.46099,-0.80364,9.70823,-0.1677,-0.0156,1.014,-0.12954,-0.03946,1.0079,-0.14109,-2.16624,9.73377
0.5708,-0.233721,-2.369543,7.940607,0.886901,0.107612,-0.13131,-1.111158,9.765909,-0.1521,-0.1248,0.9789,-0.12794,-0.11829,0.98729,-1.25464,-1.16003,9.68197,-0.039,-0.0039,0.9516,-0.07537,-0.03837,1.02969,-0.27193,-0.31629,10.12323,-0.1716,-0.039,0.975,-0.13717,-0.05489,0.99326,1.09474,-0.93581,9.74181,-0.156,-0.0195,0.9906,-0.11809,-0.04326,0.98436,-0.09341,-2.0325,9.51663
0.5926,0.985862,0.217363,0.148832,0.805235,0.020478,-0.107376,-0.842452,9.790715,-0.0273,-0.1014,1.0023,-0.00826,-0.09522,1.01134,-0.08098,-0.93377,9.91788,0.0156,0.0039,0.9204,-0.02225,-0.03087,0.99826,-0.19608,-0.80148,9.76192,-0.0468,-0.0624,0.9672,-0.01618,-0.0773,0.98539,-0.09623,-0.74164,9.6655,-0.0351,-0.0273,1.0101,0.00031,-0.05087,1.00397,-0.05622,-0.89292,9.81756
0.6144,-1.720138,0.374284,-1.097056,0.733739,0.05752,-0.109535,-0.864484,9.765083,-0.0195,-0.0936,0.9594,-0.00078,-0.08753,0.96724,-0.00763,-0.85834,9.48538,0.039,0.0078,0.9243,0.00051,-0.02712,1.00219,-0.15642,-1.02704,9.7767,-0.0234,-0.0624,0.9945,0.0065,-0.0773,1.01292,-0.32491,-0.78992,9.92574,-0.0234,-0.039,1.014,0.01176,-0.06229,1.0079,0.05081,-0.78263,9.87251
0.6363,-1.587684,1.360326,-6.498085,0.873461,0.04867,0.032508,-0.77862,9.731348,0.0819,-0.0897,0.9594,0.09646,-0.08368,0.96724,0.94597,-0.82063,9.48538,0.1014,0.0078,0.9126,0.06122,-0.02712,0.99041,-0.1511,-1.6071,9.59997,0.0234,-0.0741,0.9906,0.05187,-0.0885,1.00899,-0.77221,-0.68849,9.89183,0.0585,-0.0468,1.014,0.09197,-0.0699,1.0079,0.10737,0.00174,9.94821
0.6581,-0.94044,0.286647,-2.258211,0.947027,0.040013,-0.13807,-0.884666,9.804054,0.0039,-0.1092,0.975,0.02166,-0.10291,0.98328,0.21243,-1.00919,9.64265,0.0468,-0.0039,0.9282,0.0081,-0.03837,1.00612,-0.26543,-1.10638,9.80839,-0.0078,-0.0624,0.9906,0.02163,-0.0773,1.00899,-0.47217,-0.78831,9.88341,-0.0078,-0.0312,1.014,0.02704,-0.05468,1.0079,-0.02711,-0.63478,9.88177
0.6800,0.946767,-1.413484,-4.289449,0.940289,0.061241,-0.178035,-1.038413,9.816721,0.0156,-0.117,0.9984,0.03288,-0.1106,1.00733,0.32246,-1.08461,9.87856,0.1053,-0.0039,0.9594,0.06501,-0.03837,1.03755,-0.2558,-1.69337,10.05699,0.0195,-0.0546,0.9672,0.04809,-0.06983,0.98539,-0.72355,-0.83248,9.63619,0.0,-0.0273,0.9945,0.03468,-0.05087,0.98828,-0.05525,-0.54319,9.69514
0.7019,1.11713,-0.547311,6.798338,1.066844,0.085563,-0.264307,-1.108892,9.774181,-0.1443,-0.1209,0.9984,-0.12046,-0.11444,1.00733,-1.18128,-1.12232,9.87856,-0.0273,-0.0156,0.9282,-0.06398,-0.04962,1.00612,-0.38353,-0.40468,9.88285,-0.1209,-0.0507,0.9594,-0.08802,-0.06609,0.97753,0.61314,-0.81757,9.59258,-0.1599,-0.0195,1.014,-0.12191,-0.04326,1.0079,-0.10555,-2.091,9.74274
0.7237,-1.430058,-1.489442,7.396695,0.885903,0.059482,-0.025535,-0.997148,9.795683,-0.117,-0.117,0.9672,-0.09428,-0.1106,0.97526,-0.92455,-1.08461,9.56402,-0.0663,0.0,0.9399,-0.10192,-0.03462,1.01791,-0.23935,-0.04484,10.03495,-0.1638,-0.039,0.9945,-0.1296,-0.05489,1.01292,1.01607,-0.96782,9.93011,-0.1404,-0.0351,1.0023,-0.10281,-0.05849,0.99613,0.04569,-1.89133,9.65365
0.7456,0.159949,1.242738,2.509943,0.698405,0.051976,-0.027255,-0.800662,9.844212,-0.0546,-0.0858,0.9906,-0.03444,-0.07984,0.99931,-0.33772,-0.78292,9.79993,-0.0117,0.0117,0.9165,-0.04881,-0.02338,0.99433,-0.12588,-0.53757,9.7499,-0.0897,-0.0663,0.975,-0.05777,-0.08103,0.99326,0.30822,-0.70543,9.75898,-0.0624,-0.039,1.0374,-0.02643,-0.06229,1.03144,0.04636,-1.17672,10.06804
0.7674,-2.243022,0.256719,0.059504,0.576067,0.050185,0.0555,-0.760192,9.767287,-0.0039,-0.0858,0.9555,0.01418,-0.07984,0.96323,0.13908,-0.78292,9.44606,0.0078,0.0156,0.9204,-0.02984,-0.01963,0.99826,-0.08663,-0.72613,9.76854,-0.0702,-0.0663,1.0023,-0.03887,-0.08103,1.02078,0.11658,-0.75263,10.02028,-0.0234,-0.039,1.0101,0.01176,-0.06229,1.00397,0.05298,-0.77909,9.83426
0.7892,-1.270085,0.704047,-7.904278,0.836875,0.083302,-0.041404,-0.703079,9.705451,0.0975,-0.0858,0.9555,0.11142,-0.07984,0.96323,1.09267,-0.78292,9.44606,0.1053,-0.0039,0.9243,0.06501,-0.03837,1.00219,-0.25967,-1.65743,9.71215,0.0468,-0.0741,0.9789,0.07456,-0.0885,0.99719,-0.99173,-0.67712,9.77121,0.0897,-0.0351,1.0062,0.12252,-0.05849,1.00005,-0.00689,0.30516,9.89239
0.8111,-0.391609,-1.371146,-2.258414,0.833717,0.048698,-0.216227,-0.971631,9.85085,-0.0039,-0.1092,0.9867,0.01418,-0.10291,0.99531,0.13908,-1.00919,9.76061,0.0585,-0.0195,0.9555,0.01948,-0.05336,1.03362,-0.40821,-1.24714,10.06647,-0.0078,-0.0468,0.9906,0.02163,-0.06236,1.00899,-0.46728,-0.93301,9.86086,-0.0156,-0.0195,0.9984,0.0194,-0.04326,0.9922,-0.1285,-0.69719,9.71546
0.8330,2.045986,-0.199977,-4.504358,0.929989,0.039855,-0.197026,-1.036152,9.748589,0.0195,-0.1209,1.0062,0.03662,-0.11444,1.01535,0.35914,-1.12232,9.9572,0.1053,-0.0078,0.936,0.06501,-0.04212,1.01398,-0.29513,-1.66986,9.82746,0.0234,-0.0468,0.9477,0.05187,-0.06236,0.96573,-0.75357,-0.8761,9.43343,0.0078,-0.0234,1.0023,0.04232,-0.04707,0.99613,-0.09854,-0.47634,9.77627
0.8548,-0.14794,0.476273,1.101857,1.099526,0.024904,-0.086431,-1.081218,9.793672,-0.0429,-0.1287,0.9867,-0.02322,-0.12214,0.99531,-0.22769,-1.19774,9.76061,0.0312,0.0,0.9204,-0.00708,-0.03462,0.99826,-0.23118,-0.94994,9.74684,-0.0585,-0.0468,0.9828,-0.02752,-0.06236,1.00112,0.01614,-0.90694,9.79848,-0.0741,-0.0429,1.0179,-0.03788,-0.0661,1.01182,0.09701,-1.27026,9.86876
0.8767,0.159691,0.134686,6.528867,1.013213,0.034746,0.017389,-0.941342,9.792803,-0.1053,-0.1092,0.9906,-0.08306,-0.10291,0.99931,-0.81452,-1.00919,9.79993,-0.0507,0.0078,0.9165,-0.08675,-0.02712,0.99433,-0.16676,-0.16799,9.78888,-0.1521,-0.0546,0.975,-0.11826,-0.06983,0.99326,0.90462,-0.79655,9.75905,-0.1287,-0.0468,1.0179,-0.09135,-0.0699,1.01182,0.14622,-1.79164,9.82336
0.8985,-2.456854,0.356663,7.254697,0.821991,0.047819,0.061498,-0.863404,9.729191,-0.1092,-0.0936,0.9477,-0.0868,-0.08753,0.95521,-0.85119,-0.85834,9.36743,-0.0702,0.0156,0.9087,-0.10572,-0.01963,0.98648,-0.09618,0.0259,9.73082,-0.1638,-0.0585,0.9984,-0.1296,-0.07356,1.01685,1.00903,-0.7929,9.99638,-0.1326,-0.0507,1.0179,-0.09517,-0.07371,1.01182,0.18433,-1.82827,9.82213
0.9204,-1.670789,-0.251349,3.59129,0.615846,0.059544,-0.05262,-0.790256,9.834453,-0.0663,-0.0819,0.9672,-0.04566,-0.07599,0.97526,-0.44775,-0.74521,9.56402,-0.0312,0.0039,0.9321,-0.06778,-0.03087,1.01005,-0.19974,-0.36943,9.9232,-0.1053,-0.0663,0.9984,-0.07289,-0.08103,1.01685,0.45091,-0.73687,9.99174,-0.078,-0.0312,1.0179,-0.0417,-0.05468,1.01182,-0.0139,-1.30951,9.85885
0.9422,-1.698746,-0.159312,-2.424338,0.381909,0.039438,-0.156516,-0.812049,9.784042,0.0039,-0.0858,0.9633,0.02166,-0.07984,0.97125,0.21243,-0.78292,9.5247,0.0468,0.0,0.9321,0.0081,-0.03462,1.01005,-0.22824,-1.10993,9.84634,-0.0078,-0.0624,0.9984,0.02163,-0.0773,1.01685,-0.474,-0.80024,9.95958,0.0,-0.0195,1.0062,0.03468,-0.04326,1.00005,-0.13625,-0.5551,9.80555
0.9641,-0.968613,-0.849907,-6.745312,0.62265,0.054766,-0.155877,-0.918479,9.83104,0.0507,-0.1053,0.9789,0.06654,-0.09906,0.98729,0.65255,-0.97148,9.68197,0.1209,-0.0039,0.9516,0.08019,-0.03837,1.02969,-0.25501,-1.8334,9.96491,0.039,-0.0507,0.9984,0.067,-0.06609,1.01685,-0.91488,-0.92182,9.92994,0.0624,-0.0234,0.9945,0.09578,-0.04707,0.98828,-0.10617,0.05277,9.74734
0.9859,1.741489,-0.082625,-5.303395,0.945925,0.075687,-0.040627,-1.086502,9.803139,0.0546,-0.117,1.014,0.07028,-0.1106,1.02337,0.68923,-1.08461,10.03584,0.1287,-0.0039,0.936,0.08777,-0.03837,1.01398,-0.2559,-1.89143,9.80393,0.0078,-0.0468,0.9633,0.03675,-0.06236,0.98146,-0.60905,-0.89561,9.59002,0.0078,-0.0351,1.0023,0.04232,-0.05849,0.99613,0.01322,-0.47437,9.78278
1.0078,0.332831,0.252807,-1.077385,1.073843,0.050624,0.015713,-1.114764,9.769357,0.0039,-0.1287,0.9867,0.02166,-0.12214,0.99531,0.21243,-1.19774,9.76061,0.0663,0.0039,0.9282,0.02707,-0.03087,1.00612,-0.18985,-1.2905,9.78835,-0.0468,-0.0429,0.9711,-0.01618,-0.05862,0.98933,-0.09102,-0.92848,9.6754,-0.0507,-0.0468,1.014,-0.01497,-0.0699,1.0079,0.1313,-1.04233,9.85307
1.0297,0.965766,0.63974,1.395727,1.091922,0.035698,0.031379,-0.847564,9.787756,-0.0351,-0.1092,0.9984,-0.01574,-0.10291,1.00733,-0.15434,-1.00919,9.87856,0.0,0.0078,0.9165,-0.03743,-0.02712,0.99433,-0.1614,-0.64903,9.73868,-0.0819,-0.0585,0.9633,-0.05021,-0.07356,0.98146,0.23932,-0.76206,9.63133,-0.0429,-0.0546,1.0179,-0.00733,-0.07751,1.01182,0.20193,-0.96998,9.90245
1.0515,-2.8853,-0.427754,7.574092,0.929501,0.055629,0.02563,-0.94753,9.800632,-0.117,-0.1053,0.9477,-0.09428,-0.09906,0.95521,-0.92455,-0.97148,9.36743,-0.0663,0.0078,0.9282,-0.10192,-0.02712,1.00612,-0.16713,-0.03196,9.91927,-0.1677,-0.0546,1.0101,-0.13338,-0.06983,1.02865,1.04456,-0.84589,10.10606,-0.1443,-0.0468,1.0179,-0.10663,-0.0699,1.01182,0.14964,-1.94079,9.80977
1.0734,-0.025866,-1.190371,0.858341,0.833754,0.056351,-0.051188,-0.737586,9.829063,-0.0312,-0.078,0.9906,-0.012,-0.07215,0.99931,-0.11766,-0.7075,9.79993,0.0,0.0039,0.9438,-0.03743,-0.03087,1.02183,-0.19515,-0.67743,10.00726,-0.0624,-0.078,0.9789,-0.0313,-0.09224,0.99719,0.04431,-0.61048,9.80655,-0.0429,-0.039,0.9984,-0.00733,-0.06229,0.9922,0.06375,-0.95493,9.70252
1.0952,-2.99304,-0.632571,1.385322,0.673991,0.05623,-0.145763,-0.81651,9.799777,-0.0546,-0.0897,0.9438,-0.03444,-0.08368,0.9512,-0.33772,-0.82063,9.32811,0.0,0.0,0.9399,-0.03743,-0.03462,1.01791,-0.23234,-0.67388,9.9693,-0.0624,-0.0663,1.0101,-0.0313,-0.08103,1.02865,0.04066,-0.76673,10.09433,-0.0468,-0.0273,1.0101,-0.01115,-0.05087,1.00397,-0.05365,-1.00479,9.80737
1.1171,-0.761986,-0.592524,-5.653613,0.753014,0.08469,-0.119427,-0.828439,9.803513,0.0312,-0.0975,0.9789,0.04784,-0.09137,0.98729,0.46917,-0.89605,9.68197,0.1053,0.0,0.9438,0.06501,-0.03462,1.02183,-0.22077,-1.67695,9.90336,0.0156,-0.0624,0.9906,0.04431,-0.0773,1.00899,-0.69445,-0.79484,9.87704,0.0624,-0.0312,0.9945,0.09578,-0.05468,0.98828,-0.03166,0.05409,9.75168
1.1389,1.966247,0.363996,-6.158079,1.083659,0.080863,-0.062368,-0.955371,9.786563,0.0702,-0.1092,1.014,0.08524,-0.10291,1.02337,0.83593,-1.00919,10.03584,0.1131,0.0,0.9282,0.0726,-0.03462,1.00612,-0.22166,-1.73498,9.74238,0.0429,-0.0663,0.9555,0.07078,-0.08103,0.9736,-0.94675,-0.71259,9.53248,0.0195,-0.0429,1.0062,0.05377,-0.0661,1.00005,0.083,-0.36473,9.83556
1.1607,-0.927426,1.066121,-5.844415,1.072836,0.025194,0.029716,-1.142598,9.77227,0.0624,-0.1365,0.9789,0.07776,-0.12983,0.98729,0.76258,-1.27316,9.68197,0.1326,0.0078,0.9165,0.09157,-0.02712,0.99433,-0.14737,-1.90712,9.60739,0.0156,-0.039,0.9984,0.04431,-0.05489,1.01685,-0.68894,-1.02382,9.91939,0.0195,-0.0546,1.0101,0.05377,-0.07751,1.00397,0.19259,-0.36629,9.88032
1.1826,1.879624,-0.211317,0.717248,1.205244,0.116252,0.183166,-1.031003,9.813377,0.0117,-0.1248,1.0179,0.02914,-0.11829,1.02738,0.28578,-1.16003,10.07515,0.0351,0.0039,0.9282,-0.00328,-0.03087,1.00612,-0.19315,-0.99448,9.81924,-0.1053,-0.0546,0.9594,-0.07289,-0.06983,0.97753,0.46373,-0.78574,9.59397,-0.0663,-0.0507,1.0062,-0.03025,-0.07371,1.00005,0.1763,-1.18376,9.76514
1.2046,-3.162167,-0.294046,8.320563,1.018535,0.083876,0.000491,-1.02647,9.716934,-0.117,-0.1131,0.9399,-0.09428,-0.10675,0.94719,-0.92455,-1.0469,9.28879,-0.078,0.0039,0.9126,-0.11331,-0.03087,0.99041,-0.20684,0.09457,9.77796,-0.1599,-0.0507,1.0101,-0.12582,-0.06609,1.02865,0.97169,-0.88424,10.09831,-0.1794,-0.0468,1.0101,-0.141,-0.0699,1.00397,0.16166,-2.26932,9.70268
1.2265,0.042198,-1.630273,4.247041,0.834136,0.062932,-0.094876,-0.684972,9.798314,-0.0897,-0.0741,0.9867,-0.0681,-0.0683,0.99531,-0.66781,-0.66979,9.76061,-0.0429,0.0,0.9438,-0.07916,-0.03462,1.02183,-0.23645,-0.27085,10.0501,-0.1131,-0.0819,0.9711,-0.08045,-0.09598,0.98933,0.52651,-0.54824,9.74981,-0.0741,-0.0312,0.9945,-0.03788,-0.05468,0.98828,-0.00176,-1.25101,9.63275
1.2484,-4.081164,-0.783691,-0.222148,0.697551,0.090588,-0.08032,-0.892459,9.742461,-0.0195,-0.0858,0.9282,-0.00078,-0.07984,0.93517,-0.00763,-0.78292,9.17084,0.039,0.0039,0.936,0.00051,-0.03087,1.01398,-0.19188,-1.03947,9.89201,-0.0468,-0.0741,1.0218,-0.01618,-0.0885,1.04044,-0.11272,-0.71663,10.21561,-0.0507,-0.0312,0.9984,-0.01497,-0.05468,0.9922,-0.00905,-1.03082,9.69138
1.2703,-0.042017,0.157649,-8.372079,0.871115,0.034614,-0.04016,-0.733365,9.800975,0.0975,-0.0858,0.9906,0.11142,-0.07984,0.99931,1.09267,-0.78292,9.79993,0.117,0.0039,0.9321,0.07639,-0.03087,1.01005,-0.18406,-1.77553,9.77647,0.0624,-0.078,0.9828,0.08968,-0.09224,1.00112,-1.14205,-0.65126,9.81068,0.0858,-0.0429,0.9984,0.1187,-0.0661,0.9922,0.0728,0.27625,9.81682
1.2922,-0.27992,0.318741,-4.791188,1.06501,0.044705,-0.015881,-1.037607,9.771395,0.0468,-0.1209,0.9789,0.0628,-0.11444,0.98729,0.61587,-1.12232,9.68197,0.1092,0.0039,0.9321,0.0688,-0.03087,1.01005,-0.18488,-1.70152,9.78419,0.0078,-0.0546,0.9789,0.03675,-0.06983,0.99719,-0.61516,-0.84712,9.75363,0.0078,-0.0468,1.0101,0.04232,-0.0699,1.00397,0.12065,-0.47947,9.86579
1.3141,1.740777,0.661121,-4.026043,1.236222,0.051996,0.004972,-1.100015,9.751527,0.0468,-0.1404,1.0023,0.0628,-0.13367,1.01134,0.61587,-1.31087,9.91788,0.0936,0.0,0.9243,0.05363,-0.03462,1.00219,-0.22415,-1.54597,9.72337,0.0,-0.0429,0.9516,0.02919,-0.05862,0.96966,-0.53099,-0.91171,9.47224,-0.0078,-0.0507,1.014,0.02704,-0.07371,1.0079,0.15915,-0.6315,9.89262
1.3360,1.779246,0.215887,0.156157,1.312223,0.060838,-0.011981,-1.004889,9.775666,-0.0078,-0.1326,1.0101,0.01044,-0.12598,1.01936,0.1024,-1.23545,9.99652,0.0234,-0.0039,0.9204,-0.01466,-0.03837,0.99826,-0.26876,-0.87638,9.75492,-0.0507,-0.0546,0.9555,-0.01996,-0.06983,0.9736,-0.05399,-0.79501,9.54103,-0.0585,-0.0507,1.0101,-0.02261,-0.07371,1.00397,0.17242,-1.11272,9.81019
1.3578,-0.288636,-0.83723,6.413507,1.183509,0.056093,0.000798,-0.961901,9.763946,-0.0936,-0.1209,0.9789,-0.07184,-0.11444,0.98729,-0.70449,-1.12232,9.68197,-0.0624,0.0,0.9282,-0.09813,-0.03462,1.00612,-0.24023,-0.06986,9.91614,-0.1404,-0.0546,0.975,-0.10692,-0.06983,0.99326,0.79348,-0.79982,9.75586,-0.1365,-0.0468,1.0062,-0.09899,-0.0699,1.00005,0.15443,-1.85561,9.70181
1.3797,-2.055521,-0.765072,1.59783,0.998579,0.12557,-0.034759,-0.75515,9.800746,-0.0234,-0.0819,0.9633,-0.00452,-0.07599,0.97125,-0.04431,-0.74521,9.5247,-0.0195,0.0039,0.9321,-0.0564,-0.03087,1.01005,-0.1985,-0.48044,9.91162,-0.0585,-0.0897,1.0023,-0.02752,-0.10345,1.02078,-0.0019,-0.53884,10.05091,-0.0741,-0.0429,1.0023,-0.03788,-0.0661,0.99613,0.10567,-1.25611,9.71576
1.4015,-3.045063,-0.124837,-3.984617,1.037682,0.052714,-0.032139,-0.622464,9.798139,0.039,-0.0819,0.9516,0.05532,-0.07599,0.95922,0.54252,-0.74521,9.40675,0.039,0.0,0.9282,0.00051,-0.03462,1.00612,-0.2295,-1.03193,9.81574,0.0039,-0.0897,1.0179,0.03297,-0.10345,1.03651,-0.59828,-0.5801,10.18628,0.0429,-0.0507,0.9984,0.07669,-0.07371,0.9922,0.15671,-0.13261,9.78379
1.4234,0.163271,0.469464,-7.780012,1.181092,0.075569,-0.010849,-0.829207,9.739664,0.0858,-0.0975,0.9828,0.1002,-0.09137,0.9913,0.98264,-0.89605,9.72129,0.1365,0.0039,0.9282,0.09536,-0.03087,1.00612,-0.18243,-1.95655,9.71884,0.0468,-0.0897,0.9672,0.07456,-0.10345,0.98539,-0.99388,-0.51452,9.67949,0.0624,-0.0507,1.0023,0.09578,-0.07371,0.99613,0.15027,0.05029,9.83903
1.4456,0.604258,-0.228662,-0.964907,1.289234,0.036426,-0.011778,-1.05945,9.787736,0.0,-0.1326,0.9945,0.01792,-0.12598,1.00332,0.17575,-1.23545,9.83925,0.0507,-0.0039,0.9321,0.01189,-0.03837,1.01005,-0.26459,-1.14738,9.84284,-0.039,-0.0507,0.9711,-0.00862,-0.06609,0.98933,-0.16756,-0.85831,9.68456,-0.0468,-0.0546,1.0062,-0.01115,-0.07751,1.00005,0.20928,-0.99666,9.7843
1.4695,1.80189,-0.030262,1.093814,1.405812,0.08544,0.035912,-1.049637,9.765684,-0.0117,-0.1443,1.0062,0.0067,-0.13752,1.01535,0.06572,-1.34858,9.9572,0.0078,-0.0039,0.9243,-0.02984,-0.03837,1.00219,-0.26998,-0.73236,9.80868,-0.0663,-0.0468,0.9516,-0.03508,-0.06236,0.96966,0.09756,-0.85704,9.49592,-0.0741,-0.0585,1.0101,-0.03788,-0.08132,1.00397,0.25035,-1.26056,9.80094
1.4934,-1.604109,-0.12149,4.401288,1.144542,0.043541,0.043943,-0.958723,9.761364,-0.0702,-0.117,0.9633,-0.0494,-0.1106,0.97125,-0.48443,-1.08461,9.5247,-0.0312,0.0039,0.9204,-0.06778,-0.03087,0.99826,-0.20103,-0.35745,9.80825,-0.1209,-0.0507,0.9945,-0.08802,-0.06609,1.01292,0.6049,-0.87126,9.93535,-0.1014,-0.0585,1.0101,-0.06462,-0.08132,1.00397,0.25633,-1.52158,9.77715
1.5172,0.023698,0.415231,2.016555,1.13848,0.053517,0.010637,-0.731432,9.798406,-0.0429,-0.0897,0.9906,-0.02322,-0.08368,0.99931,-0.22769,-0.82063,9.79993,-0.0078,0.0039,0.9165,-0.04501,-0.03087,0.99433,-0.19898,-0.57547,9.74677,-0.0936,-0.0897,0.975,-0.06155,-0.10345,0.99326,0.33792,-0.48729,9.79386,-0.0507,-0.0468,1.014,-0.01497,-0.0699,1.0079,0.1313,-1.04233,9.85307
1.5411,-3.173157,0.33092,-5.777263,0.92259,0.087173,-0.030487,-0.786733,9.740163,0.0468,-0.0819,0.9438,0.0628,-0.07599,0.9512,0.61587,-0.74521,9.32811,0.1131,0.0039,0.9243,0.0726,-0.03087,1.00219,-0.18533,-1.73054,9.7037,0.0117,-0.0858,1.014,0.04053,-0.09971,1.03258,-0.67024,-0.61249,10.14044,0.0507,-0.0468,0.9984,0.08433,-0.0699,0.9922,0.11775,-0.05869,9.78841
1.5649,0.201652,-0.60183,-4.639955,1.22375,0.027117,-0.07245,-0.79436,9.794944,0.0351,-0.1014,0.9906,0.05158,-0.09522,0.99931,0.50584,-0.93377,9.79993,0.078,-0.0078,0.9399,0.03845,-0.04212,1.01791,-0.29759,-1.41483,9.89281,0.0117,-0.078,0.975,0.04053,-0.09224,0.99326,-0.65863,-0.62519,9.7483,0.0351,-0.0507,0.9945,0.06905,-0.07371,0.98828,0.16058,-0.20365,9.73874
1.5888,-0.508733,0.306978,-1.170946,1.299986,0.04171,-0.004494,-1.05311,9.768574,-0.0039,-0.1287,0.9789,0.01418,-0.12214,0.98729,0.13908,-1.19774,9.68197,0.0663,-0.0039,0.9243,0.02707,-0.03837,1.00219,-0.26379,-1.2874,9.75076,-0.0468,-0.0585,0.9828,-0.01618,-0.07356,1.00112,-0.09866,-0.80168,9.81221,-0.039,-0.0546,1.0101,-0.00351,-0.07751,1.00397,0.20541,-0.92562,9.82935
1.6126,2.292119,-0.621149,5.194798,1.384132,0.034552,0.030775,-1.042846,9.770232,-0.0858,-0.1326,1.014,-0.06436,-0.12598,1.02337,-0.63113,-1.23545,10.03584,-0.0234,0.0,0.9282,-0.06019,-0.03462,1.00612,-0.2361,-0.43989,9.87753,-0.1326,-0.0546,0.9438,-0.09936,-0.06983,0.9618,0.72671,-0.75427,9.44905,-0.1248,-0.0585,1.0062,-0.08753,-0.08132,1.00005,0.26362,-1.74178,9.71851
1.6364,-0.735625,0.988087,2.860692,1.080134,0.097326,0.19649,-0.909491,9.804664,-0.0273,-0.1131,0.975,-0.00826,-0.10675,0.98328,-0.08098,-1.0469,9.64265,-0.0078,0.0117,0.9165,-0.04501,-0.02338,0.99433,-0.12547,-0.57457,9.74604,-0.1365,-0.0546,0.9828,-0.10314,-0.06983,1.00112,0.7546,-0.81283,9.83097,-0.0663,-0.0585,1.0296,-0.03025,-0.08132,1.02359,0.23781,-1.20366,9.99899
1.6602,-1.705393,0.534765,-5.542244,1.191376,0.034383,0.042357,-0.705432,9.753856,0.0663,-0.0897,0.9633,0.0815,-0.08368,0.97125,0.79926,-0.82063,9.5247,0.0819,0.0039,0.9204,0.04225,-0.03087,0.99826,-0.18906,-1.43052,9.69627,0.0117,-0.0936,0.9945,0.04053,-0.10718,1.01292,-0.66811,-0.51031,9.96128,0.0507,-0.0585,1.0023,0.08433,-0.08132,0.99613,0.22734,-0.06026,9.83317
1.6840,-2.178586,-0.416302,-3.701808,1.232851,0.040756,-0.056274,-0.725574,9.733718,0.0273,-0.0936,0.9516,0.0441,-0.08753,0.95922,0.43249,-0.85834,9.40675,0.0585,-0.0039,0.9321,0.01948,-0.03837,1.01005,-0.26376,-1.22138,9.83512,0.0,-0.0936,0.9945,0.02919,-0.10718,1.01292,-0.55697,-0.50705,9.96446,0.0234,-0.0507,0.9945,0.05759,-0.07371,0.98828,0.16314,-0.31552,9.72854
1.7081,-1.085648,-1.162545,-2.276617,1.341115,0.0194,-0.089193,-0.824738,9.758596,0.0039,-0.1131,0.9711,0.02166,-0.10675,0.97927,0.21243,-1.0469,9.60334,0.0468,-0.0078,0.9399,0.0081,-0.04212,1.01791,-0.3009,-1.11881,9.9237,-0.0156,-0.0858,0.9867,0.01406,-0.09971,1.00505,-0.40451,-0.56312,9.88126,-0.0039,-0.0468,0.9867,0.03086,-0.0699,0.98043,0.1362,-0.57012,9.62609
1.7319,0.564824,-0.449772,3.874048,1.431158,0.053122,0.072681,-0.939131,9.769931,-0.0663,-0.1287,0.9906,-0.04566,-0.12214,0.99931,-0.44775,-1.19774,9.79993,-0.0156,0.0,0.9282,-0.0526,-0.03462,1.00612,-0.23527,-0.51389,9.8698,-0.1287,-0.0663,0.9633,-0.09558,-0.08103,0.98146,0.68142,-0.67666,9.65533,-0.0858,-0.0624,1.0062,-0.04934,-0.08513,1.00005,0.29233,-1.36824,9.75466
1.7558,-0.747389,-0.378403,6.935485,1.235203,0.04621,0.102249,-1.019145,9.781695,-0.0975,-0.1248,0.9789,-0.07558,-0.11829,0.98729,-0.74116,-1.16003,9.68197,-0.0585,0.0156,0.9204,-0.09434,-0.01963,0.99826,-0.09365,-0.09708,9.83419,-0.1521,-0.0546,0.9867,-0.11826,-0.06983,1.00505,0.90187,-0.81445,9.8733,-0.1521,-0.0663,1.0101,-0.11427,-0.08893,1.00397,0.34194,-2.00502,9.73732
1.7796,0.257282,1.442038,-1.639222,1.247412,0.047387,0.099508,-0.680522,9.754298,0.0078,-0.0975,0.9867,0.0254,-0.09137,0.99531,0.24911,-0.89605,9.76061,0.0273,0.0117,0.9048,-0.01087,-0.02338,0.98255,-0.12304,-0.89562,9.59634,-0.0507,-0.0819,0.9672,-0.01996,-0.09598,0.98539,-0.0653,-0.55968,9.69474,0.0195,-0.0702,1.0179,0.05377,-0.09274,1.01182,0.33727,-0.37074,9.9655
1.8034,-1.538746,-0.413387,-5.956921,1.314594,0.044087,0.062996,-0.713907,9.755461,0.0663,-0.0975,0.9633,0.0815,-0.09137,0.97125,0.79926,-0.89605,9.5247,0.0897,0.0,0.936,0.04983,-0.03462,1.01398,-0.22327,-1.52095,9.84218,0.0078,-0.0897,0.9906,0.03675,-0.10345,1.00899,-0.62892,-0.53943,9.91862,0.0663,-0.0663,0.9906,0.0996,-0.08893,0.98436,0.30492,0.10081,9.73635
1.8271,-0.885177,-1.166542,-3.802141,1.356307,0.032575,-0.145117,-0.86626,9.790517,0.0195,-0.1131,0.975,0.03662,-0.10675,0.98328,0.35914,-1.0469,9.64265,0.0741,-0.0195,0.9477,0.03466,-0.05336,1.02576,-0.40741,-1.38716,9.97439,0.0078,-0.0819,0.9867,0.03675,-0.09598,1.00505,-0.62556,-0.60582,9.86926,0.0117,-0.0429,0.9906,0.04614,-0.0661,0.98436,0.09337,-0.42516,9.67576
1.8510,0.992644,-1.501117,4.0488,1.488227,0.093926,-0.035377,-0.96917,9.774398,-0.0624,-0.1209,0.9945,-0.04192,-0.11444,1.00332,-0.41107,-1.12232,9.83925,-0.0195,-0.0195,0.9438,-0.0564,-0.05336,1.02183,-0.41775,-0.4951,10.02875,-0.1092,-0.0741,0.9555,-0.07667,-0.0885,0.9736,0.49558,-0.59781,9.58513,-0.117,-0.0507,0.9984,-0.0799,-0.07371,0.9922,0.19174,-1.66144,9.64447
1.8748,-1.117098,0.141781,3.678052,1.267736,0.051251,0.180923,-0.88853,9.761549,-0.0429,-0.1092,0.975,-0.02322,-0.10291,0.98328,-0.22769,-1.00919,9.64265,-0.0195,0.0117,0.9126,-0.0564,-0.02338,0.99041,-0.12714,-0.45957,9.71931,-0.1326,-0.0702,0.9906,-0.09936,-0.08477,1.00899,0.71083,-0.68115,9.92863,-0.0897,-0.0702,1.0062,-0.05316,-0.09274,1.00005,0.36769,-1.40421,9.7556
1.8987,-0.037673,0.737909,1.683877,1.080215,0.082389,0.16955,-0.859333,9.777463,-0.0156,-0.0936,0.9867,0.00296,-0.08753,0.99531,0.02905,-0.85834,9.76061,0.0039,0.0234,0.9126,-0.03363,-0.01213,0.99041,-0.0144,-0.68024,9.69504,-0.0897,-0.0741,0.975,-0.05777,-0.0885,0.99326,0.30577,-0.63308,9.77025,-0.0741,-0.0702,1.0179,-0.03788,-0.09274,1.01182,0.35777,-1.26566,9.88395
1.9225,-1.2412,1.194759,-5.866685,1.234147,0.041642,0.106629,-0.727668,9.724028,0.078,-0.0936,0.9633,0.09272,-0.08753,0.97125,0.90929,-0.85834,9.5247,0.0897,0.0078,0.9126,0.04983,-0.02712,0.99041,-0.15234,-1.49609,9.61155,0.0078,-0.0897,0.9828,0.03675,-0.10345,1.00112,-0.62709,-0.5275,9.84245,0.0546,-0.0663,1.0101,0.08815,-0.08893,1.00397,0.29666,-0.02873,9.91741
1.9463,-0.000784,-1.317701,-4.537603,1.36992,0.062707,-0.107582,-0.841366,9.774448,0.0195,-0.1131,0.9828,0.03662,-0.10675,0.9913,0.35914,-1.0469,9.72129,0.0897,-0.0078,0.9516,0.04983,-0.04212,1.02969,-0.29507,-1.53782,9.99617,0.0117,-0.0858,0.9711,0.04053,-0.09971,0.98933,-0.66016,-0.54687,9.72149,0.0312,-0.0507,0.9867,0.06523,-0.07371,0.98043,0.16577,-0.23387,9.65884
1.9702,0.538662,-2.55097,5.810083,1.419844,0.038038,-0.051437,-0.932032,9.77,-0.0975,-0.1248,0.9906,-0.07558,-0.11829,0.99931,-0.74116,-1.16003,9.79993,-0.0507,-0.0117,0.9516,-0.08675,-0.04587,1.02969,-0.34668,-0.20617,10.13554,-0.1326,-0.0702,0.9633,-0.09936,-0.08477,0.98146,0.71724,-0.63939,9.66203,-0.1248,-0.0468,0.9828,-0.08753,-0.0699,0.97651,0.16486,-1.72253,9.4825
1.9940,0.065511,-0.142003,5.043508,1.288835,0.03173,0.024366,-0.810872,9.778873,-0.0897,-0.1092,0.9867,-0.0681,-0.10291,0.99531,-0.66781,-1.00919,9.76061,-0.0468,0.0039,0.9204,-0.08295,-0.03087,0.99826,-0.20268,-0.20944,9.8237,-0.1326,-0.0741,0.9711,-0.09936,-0.0885,0.98933,0.71419,-0.61515,9.74384,-0.0897,-0.0585,1.0101,-0.05316,-0.08132,1.00397,0.25377,-1.40972,9.78735
2.0178,-0.853744,0.807916,-0.362247,1.085698,0.064043,0.238591,-0.647928,9.775378,0.0234,-0.078,0.975,0.04036,-0.07215,0.98328,0.39581,-0.7075,9.64265,0.0039,0.0195,0.9126,-0.03363,-0.01588,0.99041,-0.05115,-0.68069,9.69541,-0.0819,-0.0858,0.9828,-0.05021,-0.09971,1.00112,0.22618,-0.53866,9.86121,-0.0117,-0.0741,1.014,0.02322,-0.09654,1.0079,0.38352,-0.66486,9.90223
2.0416,-1.708868,1.542595,-5.201531,1.12355,0.044359,0.122716,-0.657943,9.768782,0.0741,-0.0858,0.9672,0.08898,-0.07984,0.97526,0.87261,-0.78292,9.56402,0.0663,0.0156,0.9048,0.02707,-0.01963,0.98255,-0.08216,-1.26519,9.55736,0.0039,-0.0936,0.9984,0.03297,-0.10718,1.01685,-0.59493,-0.5141,10.00149,0.0507,-0.0663,1.014,0.08433,-0.08893,1.0079,0.29535,-0.06955,9.95226
2.0654,0.14514,-0.820652,-2.899055,1.24594,0.046583,-0.043376,-0.800004,9.75857,0.0234,-0.1053,0.9828,0.04036,-0.09906,0.9913,0.39581,-0.97148,9.72129,0.0507,-0.0039,0.9399,0.01189,-0.03837,1.01791,-0.26373,-1.15537,9.91947,-0.0117,-0.0819,0.9672,0.01785,-0.09598,0.98539,-0.43575,-0.57055,9.68414,0.0039,-0.0468,0.9945,0.0385,-0.0699,0.98828,0.13016,-0.50262,9.70938
2.0893,0.361974,-1.425316,-0.754241,1.30858,0.050557,-0.205319,-0.932299,9.788356,-0.0429,-0.1248,0.9945,-0.02322,-0.11829,1.00332,-0.22769,-1.16003,9.83925,0.0429,-0.0117,0.9438,0.00431,-0.04587,1.02183,-0.33763,-1.08625,9.96624,-0.0234,-0.0702,0.975,0.0065,-0.08477,0.99326,-0.32278,-0.68775,9.74658,-0.0273,-0.039,0.9867,0.00794,-0.06229,0.98043,0.06682,-0.79517,9.60136
2.1131,1.259626,-1.289081,10.163257,1.377093,0.059434,-0.095528,-0.947409,9.713159,-0.1716,-0.117,0.9945,-0.14664,-0.1106,1.00332,-1.43802,-1.08461,9.83925,-0.0975,-0.0078,0.9243,-0.13228,-0.04212,1.00219,-0.31788,0.26626,9.91331,-0.1794,-0.0663,0.9477,-0.14473,-0.08103,0.96573,1.16667,-0.63866,9.51678,-0.1872,-0.0507,0.9984,-0.14864,-0.07371,0.9922,0.20712,-2.33263,9.5833
2.1369,-2.289817,0.842624,2.602238,1.041593,0.038458,0.127281,-0.655371,9.786475,-0.0429,-0.0819,0.9555,-0.02322,-0.07599,0.96323,-0.22769,-0.74521,9.44606,-0.0273,0.0234,0.9126,-0.06398,-0.01213,0.99041,-0.0177,-0.38422,9.72593,-0.1092,-0.0936,0.9984,-0.07667,-0.10718,1.01685,0.47939,-0.48256,10.03226,-0.0468,-0.0624,1.0218,-0.01115,-0.08513,1.01574,0.27512,-1.00949,9.94165
2.1607,-0.864581,0.908105,-2.482993,1.009701,0.059047,0.096822,-0.591843,9.842923,0.0195,-0.0663,0.9828,0.03662,-0.06061,0.9913,0.35914,-0.59437,9.72129,0.039,0.0156,0.9204,0.00051,-0.01963,0.99826,-0.08333,-1.02215,9.73765,-0.039,-0.0975,0.9906,-0.00862,-0.11092,1.00899,-0.18682,-0.45403,9.94262,0.0273,-0.0663,1.0179,0.06141,-0.08893,1.01182,0.29831,-0.29682,9.97013
2.1845,-1.086901,0.369996,-4.166767,1.167425,0.081804,-0.06602,-0.79943,9.784294,0.0312,-0.0936,0.9789,0.04784,-0.08753,0.98729,0.46917,-0.85834,9.68197,0.078,0.0039,0.9204,0.03845,-0.03087,0.99826,-0.18947,-1.39352,9.70013,0.0156,-0.0936,0.9945,0.04431,-0.10718,1.01292,-0.70515,-0.5114,9.96022,0.0117,-0.0507,1.0023,0.04614,-0.07371,0.99613,0.16138,-0.43446,9.79485
2.2086,0.714693,-1.291669,-4.147853,1.212465,0.035366,-0.105863,-0.923846,9.793344,0.0312,-0.117,0.9945,0.04784,-0.1106,1.00332,0.46917,-1.08461,9.83925,0.0819,-0.0117,0.9516,0.04225,-0.04587,1.02969,-0.33265,-1.46426,10.00426,0.0078,-0.0663,0.9672,0.03675,-0.08103,0.98539,-0.61609,-0.7207,9.65628,0.0117,-0.039,0.9906,0.04614,-0.06229,0.98436,0.05611,-0.42582,9.67359
2.2325,1.292112,-1.73617,6.302835,1.336258,0.080945,-0.00645,-0.876831,9.725924,-0.0897,-0.1209,0.9906,-0.0681,-0.11444,0.99931,-0.66781,-1.12232,9.79993,-0.0702,-0.0078,0.9399,-0.10572,-0.04212,1.01791,-0.31327,-0.00873,10.03954,-0.1443,-0.0663,0.9438,-0.1107,-0.08103,0.9618,0.83418,-0.64248,9.46915,-0.1248,-0.0429,0.9945,-0.08753,-0.0661,0.98828,0.12111,-1.73379,9.59508
2.2563,-1.928398,0.714628,3.771208,1.026358,0.070371,0.175723,-0.727866,9.800127,-0.0429,-0.0858,0.9594,-0.02322,-0.07984,0.96724,-0.22769,-0.78292,9.48538,-0.039,0.0156,0.9165,-0.07537,-0.01963,0.99433,-0.09202,-0.2781,9.77656,-0.1365,-0.078,0.9945,-0.10314,-0.09224,1.01292,0.74451,-0.61368,9.97905,-0.0702,-0.0624,1.0257,-0.03407,-0.08513,1.01967,0.27808,-1.23676,9.95951
2.2802,-1.525144,0.897457,1.008869,1.032624,0.072538,0.097267,-0.494992,9.789089,-0.0156,-0.0702,0.9711,0.00296,-0.06445,0.97927,0.02905,-0.63208,9.60334,-0.0429,0.0234,0.9048,-0.07916,-0.01213,0.98255,-0.02021,-0.22822,9.66475,-0.0663,-0.1014,0.9945,-0.03508,-0.11465,1.01292,0.07036,-0.41621,9.99377,-0.0156,-0.0663,1.014,0.0194,-0.08893,1.0079,0.30987,-0.70346,9.8945
2.3040,-2.355486,0.669978,-6.922715,1.041803,0.081039,0.093474,-0.571636,9.780839,0.0936,-0.0702,0.9477,0.10768,-0.06445,0.95521,1.056,-0.63208,9.36743,0.0858,0.0078,0.9321,0.04604,-0.02712,1.01005,-0.15061,-1.47906,9.80699,0.0195,-0.1014,0.9945,0.04809,-0.11465,1.01292,-0.74464,-0.44014,9.97043,0.0858,-0.0585,1.014,0.1187,-0.08132,1.0079,0.21315,0.26473,9.97851
2.3278,0.186627,-0.768707,-6.318652,1.270784,0.042302,-0.13753,-0.834473,9.789303,0.0546,-0.1053,0.9906,0.07028,-0.09906,0.99931,0.68923,-0.97148,9.79993,0.1092,-0.0156,0.9438,0.0688,-0.04962,1.02183,-0.36737,-1.71574,9.90096,0.039,-0.0858,0.975,0.067,-0.09971,0.99326,-0.9204,-0.56045,9.75215,0.0468,-0.039,0.9906,0.08051,-0.06229,0.98436,0.04843,-0.09022,9.70417
2.3517,1.922368,-2.665593,3.413662,1.406591,0.126811,-0.03184,-0.981489,9.761962,-0.0702,-0.1209,1.0023,-0.0494,-0.11444,1.01134,-0.48443,-1.12232,9.91788,0.0078,-0.0195,0.9633,-0.02984,-0.05336,1.04148,-0.41271,-0.77409,10.1933,-0.1248,-0.0663,0.9399,-0.0918,-0.08103,0.95787,0.64987,-0.64195,9.42576,-0.0897,-0.0429,0.9828,-0.05316,-0.0661,0.97651,0.11991,-1.38759,9.51091
2.3755,-0.097876,-0.468499,8.220682,1.352886,0.028263,-0.0011,-0.860394,9.826923,-0.1326,-0.1131,0.9906,-0.10924,-0.10675,0.99931,-1.07125,-1.0469,9.79993,-0.0858,-0.0039,0.9243,-0.12089,-0.03837,1.00219,-0.27989,0.1557,9.90136,-0.1716,-0.0702,0.9789,-0.13717,-0.08477,0.99719,1.08403,-0.65238,9.82498,-0.1404,-0.0585,1.014,-0.10281,-0.08132,1.0079,0.26271,-1.898,9.78142
2.3990,-1.248578,2.108049,3.690107,0.917921,0.06476,0.254406,-0.571701,9.795072,-0.0351,-0.0702,0.9711,-0.01574,-0.06445,0.97927,-0.15434,-0.63208,9.60334,-0.0507,0.0273,0.8931,-0.08675,-0.00838,0.97076,0.01444,-0.14179,9.55716,-0.1482,-0.0897,0.9867,-0.11448,-0.10345,1.00505,0.85381,-0.48996,9.92297,-0.0468,-0.0663,1.0374,-0.01115,-0.08893,1.03144,0.30371,-1.02298,10.09682
2.4224,-2.080799,1.17465,-5.375673,0.94237,0.057284,0.18581,-0.52888,9.78701,0.078,-0.0624,0.9594,0.09272,-0.05676,0.96724,0.90929,-0.55666,9.48538,0.0663,0.0195,0.9165,0.02707,-0.01588,0.99433,-0.04412,-1.27673,9.67194,-0.0156,-0.1014,0.9984,0.01406,-0.11465,1.01685,-0.41215,-0.43631,10.01807,0.0741,-0.0663,1.014,0.10724,-0.08893,1.0079,0.29022,0.15418,9.97265
2.4458,-1.036584,-0.3615,-6.010993,1.073007,0.05117,-0.066412,-0.725318,9.767391,0.0585,-0.0897,0.9672,0.07402,-0.08368,0.97526,0.7259,-0.82063,9.56402,0.0858,0.0,0.9399,0.04604,-0.03462,1.01791,-0.22326,-1.48794,9.88435,0.0351,-0.0858,0.9828,0.06321,-0.09971,1.00112,-0.88518,-0.57129,9.82938,0.0546,-0.0468,0.9984,0.08815,-0.0699,0.9922,0.11689,-0.0214,9.79181
2.4693,0.985409,-1.873742,-4.317931,1.229254,0.082111,-0.112223,-0.927013,9.732838,0.0351,-0.1053,0.9906,0.05158,-0.09906,0.99931,0.50584,-0.97148,9.79993,0.0936,-0.0195,0.9555,0.05363,-0.05336,1.03362,-0.40449,-1.58016,10.03172,0.0078,-0.0702,0.9555,0.03675,-0.08477,0.9736,-0.61456,-0.66662,9.54766,0.0039,-0.039,0.9789,0.0385,-0.06229,0.97259,0.06432,-0.48979,9.55204
2.4930,1.371569,-0.552493,2.130493,1.368563,0.057645,-0.113108,-0.867642,9.788477,-0.0585,-0.1131,1.0023,-0.03818,-0.10675,1.01134,-0.3744,-1.0469,9.91788,-0.0117,-0.0117,0.9321,-0.04881,-0.04587,1.01005,-0.3447,-0.55623,9.90535,-0.0624,-0.0702,0.9555,-0.0313,-0.08477,0.9736,0.05226,-0.64704,9.56676,-0.0702,-0.0546,1.0062,-0.03407,-0.07751,1.00005,0.21441,-1.22039,9.76391
2.5168,-0.181218,-0.006479,9.41253,1.233294,0.042428,0.127235,-0.749451,9.759908,-0.1287,-0.0975,0.9789,-0.1055,-0.09137,0.98729,-1.03458,-0.89605,9.68197,-0.117,0.0156,0.9126,-0.15125,-0.01963,0.99041,-0.1007,0.46594,9.81548,-0.195,-0.078,0.9672,-0.15985,-0.09224,0.98539,1.3066,-0.5556,9.72836,-0.1521,-0.0663,1.0179,-0.11427,-0.08893,1.01182,0.33761,-2.01209,9.81382
2.5406,-2.804198,1.970052,1.703212,0.948445,0.052027,0.148839,-0.431502,9.765413,-0.0273,-0.0624,0.9438,-0.00826,-0.05676,0.9512,-0.08098,-0.55666,9.32811,-0.0468,0.0273,0.897,-0.08295,-0.00838,0.97469,0.01528,-0.18279,9.59161,-0.0975,-0.1053,0.9984,-0.06533,-0.11839,1.01685,0.36458,-0.37729,10.04598,-0.0039,-0.0663,1.0335,0.03086,-0.08893,1.02751,0.29648,-0.60927,10.09595
2.5644,-3.301162,0.329839,-6.219864,1.034092,0.094077,0.067179,-0.620441,9.756938,0.078,-0.0702,0.936,0.09272,-0.06445,0.94318,0.90929,-0.63208,9.24947,0.0936,0.0039,0.9321,0.05363,-0.03087,1.01005,-0.18654,-1.55351,9.79963,0.0039,-0.1053,1.0062,0.03297,-0.11839,1.02471,-0.60043,-0.41751,10.09457,0.0702,-0.0507,1.0062,0.10342,-0.07371,1.00005,0.14639,0.12134,9.88407
2.5882,0.181187,-1.878167,-6.231274,1.242233,0.033517,-0.211108,-0.696097,9.791565,0.0429,-0.1014,0.9906,0.05906,-0.09522,0.99931,0.5792,-0.93377,9.79993,0.078,-0.0156,0.9555,0.03845,-0.04962,1.03362,-0.36939,-1.4317,10.0468,0.0546,-0.0897,0.975,0.08212,-0.10345,0.99326,-1.0698,-0.52863,9.75354,0.0663,-0.0351,0.975,0.0996,-0.05849,0.96866,0.01556,0.10971,9.56599
2.6121,0.891593,-2.351196,-2.379942,1.202613,0.038924,-0.164944,-0.984366,9.759187,-0.0039,-0.117,0.9984,0.01418,-0.1106,1.00733,0.13908,-1.08461,9.87856,0.0702,-0.0195,0.9555,0.03086,-0.05336,1.03362,-0.40697,-1.35815,10.05489,-0.0117,-0.0585,0.9672,0.01785,-0.07356,0.98539,-0.42841,-0.78761,9.65032,-0.0195,-0.0351,0.9711,0.01558,-0.05849,0.96474,0.03652,-0.7071,9.45298
2.6359,1.745253,0.010167,7.022907,1.379521,0.095175,-0.035439,-0.9696,9.77609,-0.1287,-0.1131,1.0062,-0.1055,-0.10675,1.01535,-1.03458,-1.0469,9.9572,-0.039,-0.0078,0.9204,-0.07537,-0.04212,0.99826,-0.31212,-0.28479,9.81707,-0.156,-0.0663,0.9477,-0.12204,-0.08103,0.96573,0.9444,-0.64518,9.51042,-0.1404,-0.0585,1.0179,-0.10281,-0.08132,1.01182,0.26054,-1.90154,9.81967
2.6597,-2.812745,0.88299,5.369339,0.960579,0.080754,0.285976,-0.669518,9.759289,-0.0546,-0.0741,0.9438,-0.03444,-0.0683,0.9512,-0.33772,-0.66979,9.32811,-0.0585,0.0351,0.9087,-0.09434,-0.00089,0.98648,0.08884,-0.08286,9.71741,-0.1677,-0.0936,0.9984,-0.13338,-0.10718,1.01685,1.03507,-0.46624,10.04817,-0.0936,-0.0702,1.0257,-0.05698,-0.09274,1.01967,0.35772,-1.45918,9.94346
2.6834,-1.61343,2.88629,3.785,0.778414,0.053943,0.072962,-0.376734,9.866068,-0.0507,-0.0468,0.9789,-0.0307,-0.04138,0.98729,-0.30104,-0.40582,9.68197,-0.0819,0.0156,0.8814,-0.1171,-0.01963,0.95898,-0.10042,0.16487,9.4742,-0.117,-0.1092,1.0023,-0.08423,-0.12212,1.02078,0.54767,-0.34164,10.09501,-0.0351,-0.0507,1.0491,0.00031,-0.07371,1.04321,0.14564,-0.92434,10.21309
2.7072,-4.187566,-1.51712,-7.457395,0.711099,0.094066,0.005063,-0.591645,9.763836,0.1014,-0.0741,0.9321,0.11516,-0.0683,0.93917,1.12935,-0.66979,9.21015,0.0702,0.0078,0.9477,0.03086,-0.02712,1.02576,-0.15054,-1.34702,9.9757,0.0507,-0.0858,1.0296,0.07834,-0.09971,1.04831,-1.04435,-0.64723,10.28217,0.0858,-0.0429,0.975,0.1187,-0.0661,0.96866,0.0858,0.29746,9.58732
2.7310,2.626187,0.290827,-5.229363,1.098302,0.046418,-0.386828,-0.744821,9.733713,0.0078,-0.0936,1.014,0.0254,-0.08753,1.02337,0.24911,-0.85834,10.03584,0.0897,-0.0351,0.9243,0.04983,-0.06836,1.00219,-0.55536,-1.513,9.73052,0.0468,-0.0819,0.936,0.07456,-0.09598,0.95394,-0.98411,-0.53915,9.36353,0.0507,-0.0078,1.0023,0.08433,-0.03185,0.99613,-0.25695,-0.06879,9.80497
2.7548,1.353864,-2.771394,-3.485121,1.200354,0.088929,-0.110867,-0.961763,9.819358,0.0234,-0.117,1.0023,0.04036,-0.1106,1.01134,0.39581,-1.08461,9.91788,0.0663,-0.0039,0.975,0.02707,-0.03837,1.05326,-0.25821,-1.33932,10.24887,0.0195,-0.0624,0.9594,0.04809,-0.0773,0.97753,-0.72417,-0.7482,9.57129,-0.0156,-0.0468,0.9789,0.0194,-0.0699,0.97259,0.1431,-0.67492,9.53939
2.7786,1.400822,2.55385,7.807642,1.28682,0.056896,0.104364,-0.838151,9.790041,-0.1014,-0.1092,1.0062,-0.07932,-0.10291,1.01535,-0.77784,-1.00919,9.9572,-0.0819,0.0039,0.8814,-0.1171,-0.03087,0.95898,-0.21068,0.16352,9.47529,-0.1794,-0.0702,0.9555,-0.14473,-0.08477,0.9736,1.16362,-0.61441,9.59859,-0.1365,-0.0585,1.0491,-0.09899,-0.08132,1.04321,0.24236,-1.89253,10.12908
2.8023,-3.005553,-0.141754,5.376203,1.063321,0.075293,0.268369,-0.558954,9.769676,-0.0624,-0.0624,0.9438,-0.04192,-0.05676,0.9512,-0.41107,-0.55666,9.32811,-0.0702,0.0273,0.9204,-0.10572,-0.00838,0.99826,0.01538,0.01527,9.84468,-0.1677,-0.1014,1.0023,-0.13338,-0.11465,1.02078,1.0317,-0.39985,10.09753,-0.078,-0.078,1.0101,-0.0417,-0.10035,1.00397,0.43747,-1.29457,9.80839
2.8261,-2.395092,-0.352978,0.343946,0.82481,0.130089,0.134789,-0.393451,9.784538,-0.0195,-0.0468,0.9594,-0.00078,-0.04138,0.96724,-0.00763,-0.40582,9.48538,-0.0078,0.0156,0.9243,-0.04501,-0.01963,1.00219,-0.08786,-0.58211,9.8223,-0.1092,-0.1131,1.0023,-0.07667,-0.12586,1.02078,0.47235,-0.30764,10.09853,0.0273,-0.0507,0.9945,0.06141,-0.07371,0.98828,0.16229,-0.27823,9.73194
2.8499,-2.234929,-0.24868,-7.600292,0.663024,0.079727,-0.142883,-0.646156,9.725994,0.078,-0.0702,0.9438,0.09272,-0.06445,0.9512,0.90929,-0.63208,9.32811,0.1014,-0.0078,0.9399,0.06122,-0.04212,1.01791,-0.29512,-1.63685,9.86964,0.0546,-0.0858,0.9906,0.08212,-0.09971,1.00899,-1.07224,-0.58866,9.90025,0.0858,-0.0234,0.9984,0.1187,-0.04707,0.9922,-0.11346,0.27297,9.80598
2.8737,3.144668,-2.210976,-3.513962,1.105495,0.059333,-0.360333,-0.874572,9.744079,0.0,-0.1092,1.0179,0.01792,-0.10291,1.02738,0.17575,-1.00919,10.07515,0.0663,-0.0351,0.9594,0.02707,-0.06836,1.03755,-0.55397,-1.32693,10.09852,0.0273,-0.0663,0.9282,0.05565,-0.08103,0.94607,-0.79216,-0.66648,9.27012,0.0039,-0.0039,0.9789,0.0385,-0.02804,0.97259,-0.27095,-0.49569,9.53251
2.8975,1.149249,-1.255123,-2.550896,1.289355,0.04489,-0.103823,-0.937104,9.775913,0.0,-0.117,0.9984,0.01792,-0.1106,1.00733,0.17575,-1.08461,9.87856,0.0663,-0.0078,0.9477,0.02707,-0.04212,1.02576,-0.29797,-1.31181,9.98102,-0.0078,-0.0663,0.9594,0.02163,-0.08103,0.97753,-0.46607,-0.70441,9.58436,-0.0117,-0.0507,0.9906,0.02322,-0.07371,0.98436,0.173,-0.64758,9.65971
2.9214,0.529836,2.745773,2.859006,1.302215,0.106215,0.263086,-0.620319,9.796645,-0.0078,-0.0897,0.9945,0.01044,-0.08368,1.00332,0.1024,-0.82063,9.83925,-0.039,0.0117,0.8853,-0.07537,-0.02338,0.96291,-0.13221,-0.2466,9.4704,-0.1404,-0.0975,0.9633,-0.10692,-0.11092,0.98146,0.78277,-0.38399,9.70361,-0.0468,-0.0663,1.0452,-0.01115,-0.08893,1.03928,0.29938,-1.03005,10.17332
2.9452,-3.011251,0.592413,9.92035,1.056132,0.054233,0.204931,-0.593482,9.771287,-0.1326,-0.0702,0.9438,-0.10924,-0.06445,0.9512,-1.07125,-0.63208,9.32811,-0.1326,0.0273,0.9048,-0.16642,-0.00838,0.98255,0.00706,0.62329,9.7532,-0.2145,-0.0936,1.0023,-0.17875,-0.10718,1.02078,1.4787,-0.45915,10.09899,-0.1404,-0.0741,1.0257,-0.10281,-0.09654,1.01967,0.40522,-1.90598,9.90485
2.9690,-2.62311,-0.189183,2.911921,0.57401,0.053034,-0.040595,-0.36882,9.784827,-0.0585,-0.0507,0.9555,-0.03818,-0.04523,0.96323,-0.3744,-0.44353,9.44606,-0.0741,0.0078,0.9165,-0.10951,-0.02712,0.99433,-0.16924,0.05402,9.81205,-0.1014,-0.1014,1.0062,-0.06911,-0.11465,1.02471,0.40102,-0.42431,10.11758,-0.0117,-0.0312,1.0023,0.02322,-0.05468,0.99613,-0.01976,-0.66147,9.76362
2.9928,-1.578637,-1.454814,-4.987401,0.693192,0.135348,-0.258528,-0.662956,9.765046,0.0117,-0.0624,0.9633,0.02914,-0.05676,0.97125,0.28578,-0.55666,9.5247,0.0975,-0.0195,0.9516,0.05742,-0.05336,1.02969,-0.40451,-1.61317,9.98954,0.0117,-0.0975,0.9906,0.04053,-0.11092,1.00899,-0.66841,-0.46817,9.92883,0.0546,-0.0078,0.9828,0.08815,-0.03185,0.97651,-0.24697,-0.01382,9.61711
3.0166,3.252255,-1.716607,-7.065497,1.016504,0.09223,-0.281595,-0.702106,9.708549,0.0351,-0.0975,1.0179,0.05158,-0.09137,1.02738,0.50584,-0.89605,10.07515,0.1092,-0.0195,0.9516,0.0688,-0.05336,1.02969,-0.40327,-1.72418,9.97796,0.0507,-0.078,0.9243,0.07834,-0.09224,0.94214,-1.01718,-0.55852,9.24258,0.0936,-0.0117,0.9711,0.12634,-0.03565,0.96474,-0.21177,0.37033,9.53851
3.0404,0.11604,0.481259,-2.024458,1.192042,0.028149,-0.042328,-0.915129,9.70965,0.0078,-0.117,0.9828,0.0254,-0.1106,0.9913,0.24911,-1.08461,9.72129,0.0507,-0.0039,0.9126,0.01189,-0.03837,0.99041,-0.26673,-1.12741,9.65126,-0.0234,-0.0585,0.9711,0.0065,-0.07356,0.98933,-0.31819,-0.79031,9.69158,-0.0117,-0.0507,1.0023,0.02322,-0.07371,0.99613,0.1665,-0.65819,9.77446
3.0642,2.351741,0.375989,-0.574201,1.243901,0.075018,0.169943,-0.800672,9.745563,0.0117,-0.1014,1.0062,0.02914,-0.09522,1.01535,0.28578,-0.93377,9.9572,0.0273,0.0234,0.9243,-0.01087,-0.01213,1.00219,-0.01063,-0.91424,9.78682,-0.0624,-0.0819,0.9321,-0.0313,-0.09598,0.95,0.05408,-0.50273,9.35515,-0.0312,-0.0702,1.014,0.00413,-0.09274,1.0079,0.35054,-0.85196,9.88308
3.0880,-4.896993,0.49132,8.462833,1.0008,0.106841,0.138482,-0.733912,9.831214,-0.1053,-0.078,0.9204,-0.08306,-0.07215,0.92715,-0.81452,-0.7075,9.0922,-0.1053,0.0156,0.9204,-0.13986,-0.01963,0.99826,-0.0986,0.34695,9.88052,-0.1833,-0.0858,1.0296,-0.14851,-0.09971,1.04831,1.17837,-0.58196,10.34583,-0.1482,-0.0624,1.0374,-0.11045,-0.08513,1.03144,0.28868,-1.99313,10.0063
3.1118,-0.850806,0.038521,2.053761,0.605095,0.045362,-0.133519,-0.346726,9.813112,-0.0624,-0.039,0.975,-0.04192,-0.03369,0.98328,-0.41107,-0.3304,9.64265,-0.0546,0.0039,0.9243,-0.09054,-0.03087,1.00219,-0.20307,-0.13942,9.86974,-0.0741,-0.1131,0.9789,-0.04265,-0.12586,0.99719,0.14444,-0.28164,9.86046,-0.0078,-0.0273,1.014,0.02704,-0.05087,1.0079,-0.06436,-0.63544,9.8796
3.1356,-3.449524,-2.516089,1.711315,0.547035,0.043204,-0.256606,-0.538268,9.783343,-0.0702,-0.0624,0.9399,-0.0494,-0.05676,0.94719,-0.48443,-0.55666,9.28879,-0.0351,-0.0117,0.9555,-0.07157,-0.04587,1.03362,-0.3446,-0.35818,10.15842,-0.0624,-0.0936,1.014,-0.0313,-0.10718,1.03258,0.03118,-0.51947,10.17187,-0.0195,-0.0078,0.9789,0.01558,-0.03185,0.97259,-0.22858,-0.71877,9.5143
3.1594,0.328537,1.166149,-5.75688,0.766434,0.113594,-0.141649,-0.702188,9.66689,0.0624,-0.0819,0.9672,0.07776,-0.07599,0.97526,0.76258,-0.74521,9.56402,0.078,-0.0039,0.9165,0.03845,-0.03837,0.99433,-0.26341,-1.39042,9.66255,0.039,-0.0819,0.9477,0.067,-0.09598,0.96573,-0.91277,-0.55487,9.47991,0.0468,-0.0195,1.0179,0.08051,-0.04326,1.01182,-0.153,-0.11825,9.96108
3.1831,0.319986,0.951813,-5.118054,0.932921,0.040207,0.001124,-0.907745,9.722338,0.0546,-0.1053,0.9828,0.07028,-0.09906,0.9913,0.68923,-0.97148,9.72129,0.0975,0.0039,0.9165,0.05742,-0.03087,0.99433,-0.18784,-1.57454,9.64251,0.0078,-0.0546,0.9672,0.03675,-0.06983,0.98539,-0.61241,-0.82922,9.63937,0.0312,-0.0468,1.0101,0.06523,-0.0699,1.00397,0.11552,-0.25574,9.88617
3.2072,2.747913,1.055957,-4.536784,1.24138,0.03452,0.101856,-0.775644,9.761767,0.0585,-0.1014,1.0179,0.07402,-0.09522,1.02738,0.7259,-0.93377,10.07515,0.0741,0.0117,0.9165,0.03466,-0.02338,0.99433,-0.1168,-1.35163,9.66495,-0.0039,-0.078,0.936,0.02541,-0.09224,0.95394,-0.5013,-0.56118,9.37169,0.0312,-0.0663,1.014,0.06523,-0.08893,1.0079,0.29962,-0.256,9.93527
3.2310,-2.228081,0.238563,6.795798,1.033365,0.093645,-0.022553,-0.759473,9.731634,-0.1131,-0.0936,0.9711,-0.09054,-0.08753,0.97927,-0.88787,-0.85834,9.60334,-0.0741,0.0039,0.8892,-0.10951,-0.03087,0.96683,-0.209,0.08153,9.5442,-0.1521,-0.078,1.014,-0.11826,-0.09224,1.03258,0.88812,-0.63915,10.17373,-0.1131,-0.0429,0.9945,-0.07608,-0.0661,0.98828,0.11854,-1.62193,9.60527
3.2549,-0.581602,-0.699145,4.779732,0.972473,0.029216,-0.147527,-0.406787,9.786073,-0.0975,-0.0546,0.9789,-0.07558,-0.04907,0.98729,-0.74116,-0.48124,9.68197,-0.0897,-0.0039,0.9243,-0.12469,-0.03837,1.00219,-0.2803,0.1927,9.90522,-0.1053,-0.1131,0.975,-0.07289,-0.12586,0.99326,0.44172,-0.26697,9.83086,-0.0546,-0.0312,1.0023,-0.01879,-0.05468,0.99613,-0.01036,-1.07164,9.72624
3.2791,-3.350226,-1.545599,0.812498,0.528527,0.048027,-0.250538,-0.50053,9.775651,-0.0546,-0.0546,0.9399,-0.03444,-0.04907,0.94719,-0.33772,-0.48124,9.28879,-0.0234,-0.0078,0.9438,-0.06019,-0.04212,1.02183,-0.30789,-0.45676,10.03152,-0.0468,-0.1053,1.0101,-0.01618,-0.11839,1.02865,-0.11976,-0.40933,10.14645,-0.0117,-0.0078,0.9906,0.02322,-0.03185,0.98436,-0.23678,-0.6548,9.63585
3.3045,0.7741,0.841828,-5.727476,0.817887,0.074398,-0.124895,-0.685486,9.845046,0.0429,-0.078,0.9945,0.05906,-0.07215,1.00332,0.5792,-0.7075,9.83925,0.0897,0.0,0.936,0.04983,-0.03462,1.01398,-0.22327,-1.52095,9.84218,0.0273,-0.0858,0.9633,0.05565,-0.09971,0.98146,-0.80652,-0.53929,9.64108,0.0624,-0.0312,1.0257,0.09578,-0.05468,1.01967,-0.04899,0.0258,10.05768
3.3290,0.901393,0.053327,-6.690088,1.045557,0.040158,0.020175,-0.870282,9.735851,0.078,-0.1053,0.9906,0.09272,-0.09906,0.99931,0.90929,-0.97148,9.79993,0.1131,0.0039,0.9321,0.0726,-0.03087,1.01005,-0.18447,-1.73853,9.78033,0.0273,-0.0624,0.9594,0.05565,-0.0773,0.97753,-0.79826,-0.75038,9.56917,0.0546,-0.0507,0.9984,0.08815,-0.07371,0.9922,0.15414,-0.02075,9.79398
3.3538,1.258131,1.942808,-3.333156,1.218403,0.048422,-0.019996,-0.8686,9.762329,0.0312,-0.1131,0.9984,0.04784,-0.10675,1.00733,0.46917,-1.0469,9.87856,0.0663,0.0039,0.9048,0.02707,-0.03087,0.98255,-0.19243,-1.26654,9.55845,-0.0039,-0.0741,0.9555,0.02541,-0.0885,0.9736,-0.50465,-0.62719,9.55648,0.0039,-0.0507,1.0296,0.0385,-0.07371,1.02359,0.14793,-0.53378,10.05581
3.3783,-0.317969,-0.967247,4.853358,1.227262,0.051908,-0.078879,-0.618009,9.763158,-0.0897,-0.0897,0.975,-0.0681,-0.08368,0.98328,-0.66781,-0.82063,9.64265,-0.0741,-0.0078,0.9321,-0.10951,-0.04212,1.01005,-0.31455,0.03626,9.96677,-0.117,-0.0897,0.9672,-0.08423,-0.10345,0.98539,0.56203,-0.46883,9.72405,-0.0702,-0.0429,1.0023,-0.03407,-0.0661,0.99613,0.10481,-1.21883,9.71915
3.4038,-3.411356,-1.390302,9.817304,0.927897,0.092093,-0.171623,-0.528423,9.789949,-0.1833,-0.0741,0.9399,-0.15786,-0.0683,0.94719,-1.54805,-0.66979,9.28879,-0.1404,-0.0078,0.9321,-0.17401,-0.04212,1.01005,-0.32156,0.6653,10.03241,-0.1872,-0.0897,1.0101,-0.15229,-0.10345,1.02865,1.21877,-0.51487,10.1621,-0.1092,-0.0273,1.0023,-0.07226,-0.05087,0.99613,-0.03565,-1.59433,9.6765
3.4275,-1.315668,-0.613329,0.498177,0.840901,0.069914,-0.059425,-0.348214,9.795217,-0.0156,-0.0468,0.9711,0.00296,-0.04138,0.97927,0.02905,-0.40582,9.60334,-0.0429,-0.0039,0.9282,-0.07916,-0.03837,1.00612,-0.27492,-0.25532,9.8972,-0.0663,-0.117,0.9867,-0.03508,-0.12959,1.00505,0.06729,-0.25957,9.94015,0.0078,-0.0273,0.9984,0.04232,-0.05087,0.9922,-0.05912,-0.47214,9.74019
3.4501,-3.588286,0.586867,-7.78642,0.750885,0.102912,-0.073169,-0.598958,9.761854,0.1014,-0.0741,0.9399,0.11516,-0.0683,0.94719,1.12935,-0.66979,9.28879,0.078,0.0,0.9204,0.03845,-0.03462,0.99826,-0.22623,-1.39397,9.7005,0.0663,-0.0897,1.0218,0.09346,-0.10345,1.04044,-1.19193,-0.60347,10.20739,0.0858,-0.0351,1.0023,0.1187,-0.05849,0.99613,-0.00387,0.2714,9.85074
3.4722,3.009756,0.212535,-5.90358,1.195868,0.086177,-0.07411,-0.68641,9.794194,0.039,-0.0897,1.0257,0.05532,-0.08368,1.0354,0.54252,-0.82063,10.15379,0.1014,-0.0039,0.9321,0.06122,-0.03837,1.01005,-0.25922,-1.62841,9.79264,0.0156,-0.0897,0.936,0.04431,-0.10345,0.95394,-0.69019,-0.4581,9.38329,0.0741,-0.0468,1.0023,0.10724,-0.0699,0.99613,0.11045,0.1615,9.84705
3.4942,0.301444,-0.19856,-4.881611,1.178895,0.088517,-0.061953,-0.989904,9.766825,0.0546,-0.1248,0.9789,0.07028,-0.11829,0.98729,0.68923,-1.16003,9.68197,0.0936,-0.0078,0.9438,0.05363,-0.04212,1.02183,-0.29551,-1.56684,9.91568,0.0156,-0.0585,0.9633,0.04431,-0.07356,0.98146,-0.68681,-0.78926,9.6048,0.0117,-0.039,1.0101,0.04614,-0.06229,1.00397,0.04529,-0.44349,9.86485
3.5162,3.599561,0.552706,4.906409,1.338496,0.109759,-0.130403,-0.888308,9.741548,-0.0741,-0.1209,1.0296,-0.05314,-0.11444,1.03941,-0.5211,-1.12232,10.19311,-0.0546,-0.0156,0.9048,-0.09054,-0.04962,0.98255,-0.389,-0.1217,9.67998,-0.0975,-0.0702,0.9243,-0.06533,-0.08477,0.94214,0.39299,-0.58953,9.27162,-0.1209,-0.0312,1.0179,-0.08371,-0.05468,1.01182,-0.0045,-1.71969,9.82148
3.5380,-3.441493,-1.176274,4.534417,1.073686,0.057698,-0.116588,-0.737933,9.778215,-0.1014,-0.0975,0.9399,-0.07932,-0.09137,0.94719,-0.77784,-0.89605,9.28879,-0.0468,-0.0039,0.936,-0.08295,-0.03837,1.01398,-0.27447,-0.22631,9.97769,-0.117,-0.0819,1.014,-0.08423,-0.09598,1.03258,0.55349,-0.61277,10.16981,-0.0702,-0.0351,0.9984,-0.03407,-0.05849,0.9922,0.03247,-1.2166,9.67656
3.5600,-0.747579,0.074414,3.571691,1.055988,0.039346,-0.104597,-0.381443,9.818076,-0.078,-0.0546,0.9828,-0.05688,-0.04907,0.9913,-0.55778,-0.48124,9.72129,-0.0702,-0.0078,0.9165,-0.10572,-0.04212,0.99433,-0.31585,0.01523,9.80965,-0.1053,-0.117,0.9828,-0.07289,-0.12959,1.00112,0.43866,-0.24273,9.91267,-0.0273,-0.0351,1.0101,0.00794,-0.05849,1.00397,0.01658,-0.81703,9.8287
3.5819,-4.374845,0.200313,-6.964072,0.956738,0.070649,-0.000226,-0.496594,9.765546,0.0858,-0.0624,0.9321,0.1002,-0.05676,0.93917,0.98264,-0.55666,9.21015,0.0819,-0.0039,0.9243,0.04225,-0.03837,1.00219,-0.26214,-1.43541,9.73532,0.0195,-0.1131,1.0296,0.04809,-0.12586,1.04831,-0.75656,-0.3853,10.33011,0.0975,-0.039,0.9945,0.13016,-0.06229,0.98828,0.03515,0.39099,9.7866
3.6038,-0.010326,-0.2082,-5.792187,1.143798,0.025623,-0.149944,-0.645738,9.77623,0.039,-0.0897,0.9906,0.05532,-0.08368,0.99931,0.54252,-0.82063,9.79993,0.078,-0.0078,0.9282,0.03845,-0.04212,1.00612,-0.29888,-1.40285,9.77786,0.0351,-0.0936,0.9789,0.06321,-0.10718,0.99719,-0.88672,-0.49298,9.80257,0.0702,-0.039,0.9906,0.10342,-0.06229,0.98436,0.0433,0.13351,9.72456
3.6256,0.640309,0.380882,-3.420339,1.362331,0.065569,-0.126507,-0.914976,9.710819,0.0078,-0.1248,0.9867,0.0254,-0.11829,0.99531,0.24911,-1.16003,9.76061,0.0858,-0.0156,0.9204,0.04604,-0.04962,0.99826,-0.37243,-1.46977,9.69424,-0.0117,-0.0741,0.9594,0.01785,-0.0885,0.97753,-0.43147,-0.63097,9.59669,0.0156,-0.039,1.0023,0.04995,-0.06229,0.99613,0.04876,-0.39913,9.79174
3.6475,3.122892,-1.209588,5.085407,1.393736,0.05412,-0.135655,-0.879842,9.744218,-0.1131,-0.1209,1.0218,-0.09054,-0.11444,1.03139,-0.88787,-1.12232,10.11447,-0.0351,-0.0117,0.9321,-0.07157,-0.04587,1.01005,-0.34717,-0.33422,9.92852,-0.117,-0.0702,0.9282,-0.08423,-0.08477,0.94607,0.5773,-0.59006,9.31501,-0.0975,-0.0429,0.9945,-0.0608,-0.0661,0.98828,0.11513,-1.47277,9.61887
3.6694,-0.68606,-0.223917,8.461928,1.154362,0.038588,-0.092134,-0.873919,9.723204,-0.1443,-0.1053,0.975,-0.12046,-0.09906,0.98328,-1.18128,-0.97148,9.64265,-0.0819,-0.0078,0.9087,-0.1171,-0.04212,0.98648,-0.31795,0.13422,9.7446,-0.1677,-0.0663,0.9789,-0.13338,-0.08103,0.99719,1.04821,-0.68964,9.81829,-0.1482,-0.039,1.0062,-0.11045,-0.06229,1.00005,0.08248,-1.96879,9.68728
3.6912,-0.788897,0.060326,1.985057,0.942563,0.066455,-0.077695,-0.401941,9.814407,-0.0546,-0.0663,0.975,-0.03444,-0.06061,0.98328,-0.33772,-0.59437,9.64265,-0.0624,0.0039,0.9243,-0.09813,-0.03087,1.00219,-0.2039,-0.06542,9.87746,-0.078,-0.1014,0.9789,-0.04643,-0.11465,0.99719,0.18515,-0.38908,9.84461,0.0,-0.039,1.014,0.03468,-0.06229,1.0079,0.04569,-0.55889,9.8929
3.7131,-4.060721,-0.554452,-6.641471,0.843696,0.066337,-0.127362,-0.49769,9.771838,0.0507,-0.0546,0.9321,0.06654,-0.04907,0.93917,0.65255,-0.48124,9.21015,0.0858,-0.0039,0.9399,0.04604,-0.03837,1.01791,-0.26001,-1.48839,9.88472,0.0351,-0.1131,1.0218,0.06321,-0.12586,1.04044,-0.90291,-0.37772,10.2497,0.0936,-0.0351,0.9906,0.12634,-0.05849,0.98436,0.00092,0.35659,9.74278
3.7359,-0.434366,-0.030015,-7.026645,1.224332,0.05288,-0.237191,-0.45185,9.741092,0.0624,-0.0663,0.975,0.07776,-0.06061,0.98328,0.76258,-0.59437,9.64265,0.0702,-0.0312,0.9282,0.03086,-0.06461,1.00612,-0.52024,-1.33154,9.78777,0.0585,-0.117,0.9711,0.0859,-0.12959,0.98933,-1.1145,-0.27052,9.75385,0.0975,-0.0273,0.9945,0.13016,-0.05087,0.98828,-0.07661,0.38903,9.78009
3.7579,-1.04701,-0.801211,-3.20884,1.372095,0.011821,-0.276042,-0.842025,9.811939,-0.0039,-0.117,0.9789,0.01418,-0.1106,0.98729,0.13908,-1.08461,9.68197,0.0624,-0.0312,0.9399,0.02328,-0.06461,1.01791,-0.51978,-1.26951,9.91044,0.0117,-0.0858,0.9945,0.04053,-0.09971,1.01292,-0.66566,-0.58266,9.95001,0.0117,-0.0273,0.9945,0.04614,-0.05087,0.98828,-0.05781,-0.43132,9.70533
3.7798,2.681344,-0.818425,4.664093,1.358158,0.121089,-0.164915,-0.822675,9.718996,-0.1131,-0.1209,1.0179,-0.09054,-0.11444,1.02738,-0.88787,-1.12232,10.07515,-0.0312,-0.0234,0.9204,-0.06778,-0.05711,0.99826,-0.45832,-0.36058,9.81081,-0.1287,-0.0663,0.936,-0.09558,-0.08103,0.95394,0.68783,-0.6349,9.38873,-0.0663,-0.0312,0.9906,-0.03025,-0.05468,0.98436,-0.0013,-1.1729,9.60129
3.8018,-1.546256,0.160836,7.314613,1.092825,0.039216,-0.067818,-0.845556,9.762696,-0.1248,-0.1053,0.9633,-0.10176,-0.09906,0.97125,-0.9979,-0.97148,9.5247,-0.0819,0.0,0.9126,-0.1171,-0.03462,0.99041,-0.24401,0.13113,9.78218,-0.1443,-0.0624,0.9906,-0.1107,-0.0773,1.00899,0.82442,-0.75024,9.92054,-0.1287,-0.0468,1.0179,-0.09135,-0.0699,1.01182,0.14622,-1.79164,9.82336
3.8237,1.17818,0.953622,2.045852,1.020974,0.031308,-0.085069,-0.501162,9.777355,-0.0546,-0.0702,0.9984,-0.03444,-0.06445,1.00733,-0.33772,-0.63208,9.87856,-0.0429,0.0039,0.9087,-0.07916,-0.03087,0.98648,-0.20355,-0.23446,9.70489,-0.0741,-0.1014,0.9516,-0.04265,-0.11465,0.96966,0.15452,-0.34841,9.57695,-0.0234,-0.039,1.0218,0.01176,-0.06229,1.01574,0.04648,-0.7897,9.94902
3.8456,-4.880356,1.28143,-6.327578,0.897698,0.053386,-0.14968,-0.528994,9.760794,0.0546,-0.0702,0.9243,0.07028,-0.06445,0.93116,0.68923,-0.63208,9.13152,0.0624,-0.0039,0.9087,0.02328,-0.03837,0.98648,-0.26592,-1.23443,9.60136,0.0507,-0.1014,1.0374,0.07834,-0.11465,1.05617,-1.05108,-0.51446,10.38089,0.0858,-0.039,1.0101,0.1187,-0.06229,1.00397,0.02905,0.26499,9.92941
3.8674,-0.134855,-0.61557,-5.379431,1.118989,0.061189,-0.261517,-0.524426,9.744171,0.0312,-0.0663,0.9789,0.04784,-0.06061,0.98729,0.46917,-0.59437,9.68197,0.0663,-0.0273,0.936,0.02707,-0.06086,1.01398,-0.48304,-1.30207,9.8679,0.0351,-0.1131,0.9672,0.06321,-0.12586,0.98539,-0.89009,-0.29421,9.7165,0.0663,-0.0195,0.9906,0.0996,-0.04326,0.98436,-0.14211,0.09294,9.71031
3.8893,-2.151755,-1.70598,-2.305556,1.205869,0.052551,-0.29323,-0.75893,9.756865,-0.0078,-0.0975,0.9555,0.01044,-0.09137,0.96323,0.1024,-0.89605,9.44606,0.039,-0.0351,0.9477,0.00051,-0.06836,1.02576,-0.55815,-1.05593,10.01061,0.0,-0.0897,0.9984,0.02919,-0.10345,1.01685,-0.55666,-0.54919,9.99691,0.0,-0.0156,0.9828,0.03468,-0.03946,0.97651,-0.16051,-0.53455,9.57388
3.9112,1.768198,-1.072329,5.591885,1.337422,0.035123,-0.295683,-0.768779,9.760517,-0.1287,-0.1131,1.0101,-0.1055,-0.10675,1.01936,-1.03458,-1.0469,9.99652,-0.0702,-0.0273,0.9243,-0.10572,-0.06086,1.00219,-0.49877,0.005,9.8881,-0.0975,-0.0741,0.9516,-0.06533,-0.0885,0.96966,0.38536,-0.59511,9.54386,-0.0936,-0.0273,0.9945,-0.05698,-0.05087,0.98828,-0.03474,-1.43811,9.61359
3.9331,-0.832654,0.677768,6.68787,1.133144,0.046222,-0.02292,-0.832762,9.764295,-0.1092,-0.1014,0.9711,-0.0868,-0.09522,0.97927,-0.85119,-0.93377,9.60334,-0.0702,0.0039,0.9087,-0.10572,-0.03087,0.98648,-0.20644,0.02456,9.73192,-0.1404,-0.0702,0.9789,-0.10692,-0.08477,0.99719,0.78767,-0.66108,9.8165,-0.1248,-0.0507,1.0257,-0.08753,-0.07371,1.01967,0.17829,-1.76076,9.90543
3.9550,-0.118425,1.287638,4.468631,0.930145,0.098345,0.112173,-0.674198,9.72701,-0.0663,-0.0858,0.975,-0.04566,-0.07984,0.98328,-0.44775,-0.78292,9.64265,-0.0468,0.0117,0.9009,-0.08295,-0.02338,0.97862,-0.13131,-0.18857,9.63139,-0.1521,-0.0741,0.9633,-0.11826,-0.0885,0.98146,0.90124,-0.59778,9.67297,-0.0585,-0.0468,1.0257,-0.02261,-0.0699,1.01967,0.12651,-1.12752,9.96102
3.9770,-3.02827,1.614455,-8.036381,0.802681,0.035393,-0.139338,-0.594434,9.74238,0.078,-0.0702,0.9438,0.09272,-0.06445,0.9512,0.90929,-0.63208,9.32811,0.1014,0.0,0.9087,0.06122,-0.03462,0.98648,-0.22504,-1.604,9.56238,0.0702,-0.0975,1.0101,0.09724,-0.11092,1.02865,-1.22867,-0.51431,10.10335,0.0975,-0.0351,1.014,0.13016,-0.05849,1.0079,-0.01293,0.37266,9.97568
3.9988,0.097218,-0.499021,-6.457945,1.078655,0.060581,-0.280467,-0.563779,9.768054,0.0429,-0.0741,0.9828,0.05906,-0.0683,0.9913,0.5792,-0.66979,9.72129,0.0819,-0.0312,0.9399,0.04225,-0.06461,1.01791,-0.51771,-1.45452,9.89114,0.0468,-0.1014,0.9672,0.07456,-0.11465,0.98539,-0.99755,-0.40599,9.6964,0.0858,-0.0156,0.9945,0.1187,-0.03946,0.98828,-0.1858,0.27519,9.76339
4.0207,-1.945844,-1.72746,-2.088272,1.171895,0.047072,-0.403613,-0.780108,9.781677,-0.0273,-0.0975,0.9594,-0.00826,-0.09137,0.96724,-0.08098,-0.89605,9.48538,0.039,-0.0468,0.9516,0.00051,-0.0796,1.02969,-0.66799,-1.06127,10.05002,0.0078,-0.0819,0.9984,0.03675,-0.09598,1.01685,-0.6283,-0.62372,9.98352,0.0,-0.0078,0.9867,0.03468,-0.03185,0.98043,-0.23718,-0.53939,9.60779
4.0425,1.492884,-1.417462,0.272,1.252211,0.054731,-0.260881,-0.782798,9.751069,-0.0507,-0.1053,1.0023,-0.0307,-0.09906,1.01134,-0.30104,-0.97148,9.91788,0.0156,-0.0312,0.9399,-0.02225,-0.06461,1.01791,-0.52473,-0.82548,9.95678,-0.0468,-0.078,0.9516,-0.01618,-0.09224,0.96966,-0.09746,-0.57308,9.5357,-0.0234,-0.0195,0.9867,0.01176,-0.04326,0.98043,-0.12029,-0.76116,9.59391
4.0644,0.199671,-0.265258,8.67926,1.128643,0.026369,-0.084553,-0.809791,9.788363,-0.1443,-0.1053,0.9906,-0.12046,-0.09906,0.99931,-1.18128,-0.97148,9.79993,-0.0975,-0.0039,0.9165,-0.13228,-0.03837,0.99433,-0.28198,0.2747,9.83631,-0.1716,-0.0702,0.9711,-0.13717,-0.08477,0.98933,1.08586,-0.64045,9.74881,-0.1404,-0.0351,1.014,-0.10281,-0.05849,1.0079,0.03919,-1.90194,9.7684
4.0863,-0.705186,1.280277,3.659595,0.875816,0.088572,0.108195,-0.604764,9.8477,-0.0429,-0.078,0.9828,-0.02322,-0.07215,0.9913,-0.22769,-0.7075,9.72129,-0.0585,0.0078,0.9087,-0.09434,-0.02712,0.98648,-0.16845,-0.086,9.71997,-0.1326,-0.078,0.9867,-0.09936,-0.09224,1.00505,0.7093,-0.60283,9.90182,-0.0468,-0.0468,1.0335,-0.01115,-0.0699,1.02751,0.11962,-1.02272,10.04772
4.1082,-1.446485,1.233053,-2.948507,0.784827,0.07467,-0.024179,-0.490889,9.681621,0.0351,-0.0663,0.9555,0.05158,-0.06061,0.96323,0.50584,-0.59437,9.44606,0.0117,0.0039,0.9009,-0.02605,-0.03087,0.97862,-0.19863,-0.74451,9.5742,-0.0156,-0.0936,0.9789,0.01406,-0.10718,0.99719,-0.40513,-0.47884,9.81636,0.0429,-0.0351,1.0101,0.07669,-0.05849,1.00397,0.0012,-0.14584,9.88986
4.1300,-1.760354,-0.716365,-6.401938,0.993158,0.041791,-0.354018,-0.651582,9.796824,0.0351,-0.0819,0.9711,0.05158,-0.07599,0.97927,0.50584,-0.74521,9.60334,0.078,-0.0312,0.936,0.03845,-0.06461,1.01398,-0.51856,-1.41353,9.85668,0.0702,-0.0897,1.0062,0.09724,-0.10345,1.02471,-1.22531,-0.5807,10.05399,0.0702,-0.0156,0.9867,0.10342,-0.03946,0.98043,-0.17805,0.13311,9.67329
4.1519,0.151464,-2.588082,-2.621699,1.155957,0.053041,-0.418226,-0.756723,9.724936,-0.0234,-0.0936,0.9789,-0.00452,-0.08753,0.98729,-0.04431,-0.85834,9.68197,0.0468,-0.0429,0.9594,0.0081,-0.07585,1.03755,-0.62955,-1.14281,10.11856,0.0195,-0.0858,0.9633,0.04809,-0.09971,0.98146,-0.73242,-0.53712,9.6432,0.0039,-0.0039,0.9711,0.0385,-0.02804,0.96474,-0.26662,-0.48862,9.45601
4.1737,0.592798,-1.045013,-1.021153,1.22579,0.039288,-0.300656,-0.752078,9.750697,-0.0312,-0.1014,0.9906,-0.012,-0.09522,0.99931,-0.11766,-0.93377,9.79993,0.0234,-0.0351,0.936,-0.01466,-0.06836,1.01398,-0.56109,-0.89594,9.91111,-0.0195,-0.0819,0.9633,0.01028,-0.09598,0.98146,-0.36075,-0.56241,9.64817,-0.0078,-0.0156,0.9906,0.02704,-0.03946,0.98436,-0.16313,-0.61619,9.64358
4.1956,0.781704,-0.016986,7.751265,1.140693,0.060234,-0.07589,-0.726626,9.72744,-0.1287,-0.1014,0.9945,-0.1055,-0.09522,1.00332,-1.03458,-0.93377,9.83925,-0.0936,-0.0078,0.9048,-0.12848,-0.04212,0.98255,-0.31961,0.24923,9.71787,-0.1677,-0.0741,0.9594,-0.13338,-0.0885,0.97753,1.05034,-0.58746,9.63913,-0.1131,-0.0312,1.0062,-0.07608,-0.05468,1.00005,0.00029,-1.6345,9.71352
4.2176,-2.555178,1.426112,6.049453,1.06364,0.087661,0.008255,-0.730009,9.782521,-0.1092,-0.0975,0.9438,-0.0868,-0.09137,0.9512,-0.85119,-0.89605,9.32811,-0.0663,0.0117,0.9087,-0.10192,-0.02338,0.98648,-0.13252,-0.01155,9.72733,-0.1482,-0.078,0.9945,-0.11448,-0.09224,1.01292,0.85565,-0.61041,9.98223,-0.0858,-0.0507,1.0413,-0.04934,-0.07371,1.03536,0.16108,-1.40202,10.09241
4.2395,0.473536,1.025615,1.612752,0.884296,0.025622,-0.103263,-0.570019,9.778589,-0.0546,-0.0741,0.9945,-0.03444,-0.0683,1.00332,-0.33772,-0.66979,9.83925,-0.0234,0.0039,0.9048,-0.06019,-0.03087,0.98255,-0.20192,-0.41548,9.64727,-0.0741,-0.0936,0.9672,-0.04265,-0.10718,0.98539,0.1533,-0.44462,9.71802,-0.0195,-0.0312,1.0179,0.01558,-0.05468,1.01182,-0.02671,-0.75018,9.90982
4.2615,-2.819099,0.136363,-5.408865,0.637687,0.015491,-0.216471,-0.706478,9.762294,0.0351,-0.0819,0.9516,0.05158,-0.07599,0.95922,0.50584,-0.74521,9.40675,0.078,-0.0078,0.9243,0.03845,-0.04212,1.00219,-0.29931,-1.39886,9.73954,0.0351,-0.0819,1.014,0.06321,-0.09598,1.03258,-0.89129,-0.65519,10.12843,0.0546,-0.0156,0.9984,0.08815,-0.03946,0.9922,-0.18113,-0.02665,9.77445
4.2834,1.152356,-1.751435,-6.427368,0.991985,0.033744,-0.468096,-0.740175,9.768281,0.0156,-0.0897,0.9984,0.03288,-0.08368,1.00733,0.32246,-0.82063,9.87856,0.0975,-0.039,0.9555,0.05742,-0.07211,1.03362,-0.58786,-1.61941,10.02968,0.078,-0.0819,0.9594,0.1048,-0.09598,0.97753,-1.28597,-0.58364,9.58356,0.0624,0.0,0.9789,0.09578,-0.02423,0.97259,-0.32102,0.06298,9.58132
4.3053,-0.961573,-1.50197,-4.314474,1.14641,0.032498,-0.411845,-0.877497,9.751514,0.0,-0.1092,0.9711,0.01792,-0.10291,0.97927,0.17575,-1.00919,9.60334,0.0819,-0.0429,0.9477,0.04225,-0.07585,1.02576,-0.62712,-1.46386,9.96886,0.039,-0.0741,0.9867,0.067,-0.0885,1.00505,-0.91947,-0.68687,9.8495,0.0195,-0.0039,0.9828,0.05377,-0.02804,0.97651,-0.27654,-0.35007,9.58436
4.3272,0.786276,-0.034993,-0.315169,1.166289,0.028621,-0.264204,-0.816217,9.764593,-0.0429,-0.1014,0.9945,-0.02322,-0.09522,1.00332,-0.22769,-0.93377,9.83925,0.0234,-0.0234,0.9243,-0.01466,-0.05711,1.00219,-0.45211,-0.88261,9.79506,-0.0234,-0.0741,0.9633,0.0065,-0.0885,0.98146,-0.32125,-0.63368,9.63796,-0.0273,-0.0273,1.0062,0.00794,-0.05087,1.00005,-0.05576,-0.81481,9.78611
4.3491,-1.260474,1.430084,6.139573,1.091387,0.072185,0.031496,-0.838912,9.734062,-0.1014,-0.1014,0.9672,-0.07932,-0.09522,0.97526,-0.77784,-0.93377,9.56402,-0.0507,0.0,0.8931,-0.08675,-0.03462,0.97076,-0.24285,-0.14493,9.55971,-0.1599,-0.0624,0.9867,-0.12582,-0.0773,1.00505,0.97351,-0.73992,9.8867,-0.1014,-0.0507,1.0257,-0.06462,-0.07371,1.01967,0.17316,-1.53703,9.92582
4.3710,-1.604689,1.082989,5.900116,0.971574,0.046893,-0.06277,-0.752422,9.757643,-0.1092,-0.0897,0.9594,-0.0868,-0.08368,0.96724,-0.85119,-0.82063,9.48538,-0.0624,0.0039,0.9048,-0.09813,-0.03087,0.98255,-0.20605,-0.04545,9.68588,-0.1326,-0.0741,0.9867,-0.09936,-0.0885,1.00505,0.71052,-0.63901,9.89618,-0.0975,-0.0429,1.0296,-0.0608,-0.0661,1.02359,0.09564,-1.50459,9.96313
4.3928,-0.94102,0.018439,-0.760169,0.70132,0.036678,-0.249043,-0.643067,9.725238,-0.0429,-0.0741,0.9711,-0.02322,-0.0683,0.97927,-0.22769,-0.66979,9.60334,0.0156,-0.0039,0.9165,-0.02225,-0.03837,0.99433,-0.27002,-0.79838,9.72433,-0.0195,-0.0858,0.9828,0.01028,-0.09971,1.00112,-0.36655,-0.55606,9.84424,0.0,-0.0195,0.9984,0.03468,-0.04326,0.9922,-0.13192,-0.54803,9.72905
4.4147,-2.010475,-0.895815,-5.66655,0.682991,0.040947,-0.377637,-0.765305,9.695146,0.0156,-0.0819,0.9516,0.03288,-0.07599,0.95922,0.32246,-0.74521,9.40675,0.0936,-0.0273,0.936,0.05363,-0.06086,1.01398,-0.48015,-1.56109,9.84087,0.0546,-0.0741,0.9945,0.08212,-0.0885,1.01292,-1.06949,-0.70315,9.92143,0.0507,-0.0039,0.9828,0.08433,-0.02804,0.97651,-0.28337,-0.05176,9.61154
4.4365,0.880929,-1.50906,-5.758072,0.997917,0.039654,-0.476897,-0.776603,9.746549,0.0039,-0.0975,0.9906,0.02166,-0.09137,0.99931,0.21243,-0.89605,9.79993,0.0897,-0.039,0.9516,0.04983,-0.07211,1.02969,-0.58911,-1.54141,9.99909,0.0702,-0.0741,0.9594,0.09724,-0.0885,0.97753,-1.20943,-0.65382,9.57441,0.0546,0.0,0.9828,0.08815,-0.02423,0.97651,-0.32148,-0.01513,9.61277
4.4584,-0.048427,-0.558772,-2.804311,1.116993,0.021158,-0.281941,-0.8649,9.70782,-0.0078,-0.1092,0.9789,0.01044,-0.10291,0.98729,0.1024,-1.00919,9.68197,0.0585,-0.0273,0.9282,0.01948,-0.06086,1.00612,-0.48472,-1.22008,9.79899,0.0078,-0.0663,0.9711,0.03675,-0.08103,0.98933,-0.617,-0.72666,9.69437,0.0039,-0.0195,0.9906,0.0385,-0.04326,0.98436,-0.12844,-0.50367,9.65595
4.4802,0.906038,0.66358,0.59493,1.085056,0.009203,-0.135744,-0.781144,9.731816,-0.0429,-0.1014,0.9945,-0.02322,-0.09522,1.00332,-0.22769,-0.93377,9.83925,0.0078,-0.0039,0.9087,-0.02984,-0.03837,0.98648,-0.2717,-0.71639,9.65542,-0.0507,-0.0741,0.9594,-0.01996,-0.0885,0.97753,-0.06102,-0.6201,9.6073,-0.0312,-0.0351,1.0101,0.00413,-0.05849,1.00397,0.01743,-0.85432,9.8253
4.5021,-0.564745,1.199798,7.515302,1.112257,0.051395,-0.031711,-0.836192,9.725517,-0.1209,-0.0975,0.975,-0.09802,-0.09137,0.98328,-0.96122,-0.89605,9.64265,-0.0741,0.0039,0.8931,-0.10951,-0.03087,0.97076,-0.20857,0.07754,9.58252,-0.1521,-0.0741,0.975,-0.11826,-0.0885,0.99326,0.8985,-0.61568,9.78723,-0.1404,-0.0468,1.0257,-0.10281,-0.0699,1.01967,0.14445,-1.91057,9.88967
4.5239,-2.310003,0.676267,4.210139,0.781783,0.079099,-0.026437,-0.726962,9.746939,-0.0819,-0.0897,0.9516,-0.06062,-0.08368,0.95922,-0.59446,-0.82063,9.40675,-0.0429,0.0039,0.9087,-0.07916,-0.03087,0.98648,-0.20355,-0.23446,9.70489,-0.1287,-0.0663,0.9984,-0.09558,-0.08103,1.01685,0.67318,-0.73034,9.99811,-0.0585,-0.0351,1.0179,-0.02261,-0.05849,1.01182,0.01908,-1.12241,9.87801
4.5458,-0.411984,-0.29721,-1.783118,0.627038,0.071539,-0.359837,-0.636803,9.752111,-0.0312,-0.078,0.9867,-0.012,-0.07215,0.99531,-0.11766,-0.7075,9.76061,0.0117,-0.0117,0.9165,-0.02605,-0.04587,0.99433,-0.34394,-0.76227,9.72892,0.0195,-0.0819,0.9867,0.04809,-0.09598,1.00505,-0.73669,-0.60908,9.86608,0.0078,-0.0078,0.9906,0.04232,-0.03185,0.98436,-0.24105,-0.46835,9.65284
4.5676,-2.440045,-0.938632,-8.935098,0.796132,0.072892,-0.417589,-0.75305,9.683472,0.0624,-0.0897,0.936,0.07776,-0.08368,0.94318,0.76258,-0.82063,9.24947,0.1248,-0.0312,0.9477,0.08398,-0.06461,1.02576,-0.51232,-1.86954,9.92529,0.1092,-0.078,0.9906,0.13505,-0.09224,1.00899,-1.58843,-0.67624,9.87412,0.0936,0.0,0.9867,0.12634,-0.02423,0.98043,-0.33219,0.35422,9.685
4.5895,1.085376,-1.455285,-3.643528,1.126909,0.070788,-0.319697,-0.763169,9.754601,0.0117,-0.1014,0.9945,0.02914,-0.09522,1.00332,0.28578,-0.93377,9.83925,0.0546,-0.0351,0.9477,0.01569,-0.06836,1.02576,-0.5565,-1.20394,9.99516,0.0195,-0.0819,0.9555,0.04809,-0.09598,0.9736,-0.72937,-0.56136,9.56139,0.0195,-0.0039,0.9867,0.05377,-0.02804,0.98043,-0.2787,-0.35361,9.62261
4.6113,-0.950693,0.533872,-3.048855,1.08884,0.024406,-0.193472,-0.891026,9.7552,0.0039,-0.1131,0.9711,0.02166,-0.10675,0.97927,0.21243,-1.0469,9.60334,0.0624,-0.0117,0.9204,0.02328,-0.04587,0.99826,-0.33815,-1.2473,9.71704,0.0078,-0.0663,0.9867,0.03675,-0.08103,1.00505,-0.62066,-0.75052,9.84671,0.0039,-0.0312,1.0101,0.0385,-0.05468,1.00397,-0.02751,-0.51938,9.85371
4.6332,1.918223,1.279781,5.713688,1.236001,0.059223,-0.078031,-0.778553,9.722888,-0.1131,-0.1131,1.0023,-0.09054,-0.10675,1.01134,-0.88787,-1.0469,9.91788,-0.0624,0.0,0.897,-0.09813,-0.03462,0.97469,-0.24366,-0.03791,9.60961,-0.1287,-0.0663,0.9399,-0.09558,-0.08103,0.95787,0.68691,-0.64087,9.42682,-0.0858,-0.0468,1.0257,-0.04934,-0.0699,1.01967,0.13249,-1.38854,9.93724
4.6550,-3.237178,-0.028253,6.719228,1.004469,0.065577,0.024135,-0.887188,9.728591,-0.1053,-0.1053,0.936,-0.08306,-0.09906,0.94318,-0.81452,-0.97148,9.24947,-0.0585,0.0039,0.9165,-0.09434,-0.03087,0.99433,-0.20435,-0.09443,9.79697,-0.1638,-0.0624,1.0062,-0.1296,-0.0773,1.02471,1.00598,-0.76866,10.07819,-0.1209,-0.0429,1.014,-0.08371,-0.0661,1.0079,0.10942,-1.71418,9.78973
4.6769,-0.06036,1.050606,2.856395,0.755917,0.046745,-0.193537,-0.664692,9.757859,-0.0819,-0.078,0.9828,-0.06062,-0.07215,0.9913,-0.59446,-0.7075,9.72129,-0.0273,-0.0078,0.9048,-0.06398,-0.04212,0.98255,-0.3126,-0.37982,9.65222,-0.0858,-0.078,0.9711,-0.05399,-0.09224,0.98933,0.26842,-0.59203,9.73674,-0.0429,-0.0195,1.0218,-0.00733,-0.04326,1.01574,-0.13551,-0.97942,9.92118
4.6988,-2.095955,-0.960027,-4.588071,0.835712,0.075852,-0.268201,-0.729734,9.742363,0.0156,-0.0858,0.9516,0.03288,-0.07984,0.95922,0.32246,-0.78292,9.40675,0.078,-0.0234,0.9438,0.03845,-0.05711,1.02183,-0.44419,-1.42062,9.93258,0.0156,-0.0819,0.9945,0.04431,-0.09598,1.01292,-0.70148,-0.61993,9.94331,0.0468,-0.0078,0.9906,0.08051,-0.03185,0.98436,-0.2496,-0.09547,9.68682
4.7206,-1.148684,-0.729367,-6.606722,0.977328,0.047782,-0.453558,-0.74987,9.747374,0.0273,-0.0897,0.9711,0.0441,-0.08368,0.97927,0.43249,-0.82063,9.60334,0.0975,-0.0351,0.936,0.05742,-0.06836,1.01398,-0.55325,-1.59899,9.83774,0.0858,-0.0897,0.9906,0.11236,-0.10345,1.00899,-1.36983,-0.56119,9.8974,0.0546,0.0,0.9867,0.08815,-0.02423,0.98043,-0.32365,-0.01867,9.65102
4.7425,0.560523,-1.106679,-4.87695,1.150995,0.031994,-0.320966,-0.837828,9.834375,0.0156,-0.1053,1.0023,0.03288,-0.09906,1.01134,0.32246,-0.97148,9.91788,0.0858,-0.0351,0.9477,0.04604,-0.06836,1.02576,-0.5532,-1.49996,9.96427,0.0351,-0.0741,0.9789,0.06321,-0.0885,0.99719,-0.8806,-0.67385,9.77439,0.0351,-0.0156,0.9906,0.06905,-0.03946,0.98436,-0.17253,-0.20602,9.68096
4.7643,0.188917,-0.293514,0.044161,1.272139,0.087426,-0.039793,-0.96052,9.719214,-0.0156,-0.1248,0.9828,0.00296,-0.11829,0.9913,0.02905,-1.16003,9.72129,0.039,-0.0156,0.9243,0.00051,-0.04962,1.00219,-0.37695,-1.02973,9.77889,-0.0741,-0.0624,0.9672,-0.04265,-0.0773,0.98539,0.16309,-0.73403,9.67293,-0.039,-0.0351,0.9984,-0.00351,-0.05849,0.9922,0.02564,-0.91829,9.70375
4.7862,0.123232,1.353226,7.250384,1.164007,0.048823,-0.029988,-0.914244,9.690241,-0.1092,-0.1131,0.9789,-0.0868,-0.10675,0.98729,-0.85119,-1.0469,9.68197,-0.0702,-0.0039,0.8892,-0.10572,-0.03837,0.96683,-0.2821,0.04363,9.54107,-0.1521,-0.0585,0.9633,-0.11826,-0.07356,0.98146,0.90614,-0.74248,9.65043,-0.1404,-0.0429,1.0257,-0.10281,-0.0661,1.01967,0.1072,-1.91123,9.8875
4.8083,-2.149422,1.143281,3.361809,0.935047,0.048987,-0.028408,-0.750146,9.784279,-0.0624,-0.0936,0.9555,-0.04192,-0.08753,0.96323,-0.41107,-0.85834,9.44606,-0.039,0.0039,0.9087,-0.07537,-0.03087,0.98648,-0.20314,-0.27146,9.70103,-0.1014,-0.0702,0.9984,-0.06911,-0.08477,1.01685,0.41264,-0.70178,9.99632,-0.0624,-0.0429,1.0296,-0.02643,-0.0661,1.02359,0.08795,-1.169,9.99371
4.8302,-1.329986,-0.081291,-6.9481,0.980162,0.063816,-0.150909,-0.709394,9.774091,0.0585,-0.0819,0.9672,0.07402,-0.07599,0.97526,0.7259,-0.74521,9.56402,0.1092,-0.0156,0.936,0.0688,-0.04962,1.01398,-0.36823,-1.70776,9.82433,0.039,-0.0858,0.9906,0.067,-0.09971,1.00899,-0.92406,-0.58431,9.90449,0.078,-0.0312,0.9984,0.11106,-0.05468,0.9922,-0.03725,0.1997,9.80352
4.8522,-2.345064,-0.773456,-7.274026,1.160455,0.040053,-0.399414,-0.765797,9.757645,0.0429,-0.0975,0.9516,0.05906,-0.09137,0.95922,0.5792,-0.89605,9.40675,0.1053,-0.0429,0.9438,0.06501,-0.07585,1.02183,-0.62508,-1.68188,9.90738,0.0819,-0.0858,1.0023,0.10858,-0.09971,1.02078,-1.33431,-0.61417,10.00708,0.0702,-0.0117,0.9906,0.10342,-0.03565,0.98436,-0.21747,0.12892,9.70937
4.8740,-0.235537,-2.07316,-4.781175,1.305212,0.030623,-0.429442,-0.828141,9.748238,0.0039,-0.1092,0.9789,0.02166,-0.10291,0.98729,0.21243,-1.00919,9.68197,0.078,-0.0468,0.9555,0.03845,-0.0796,1.03362,-0.66343,-1.43529,10.04972,0.0546,-0.0819,0.975,0.08212,-0.09598,0.99326,-1.06736,-0.60098,9.74227,0.0273,-0.0117,0.975,0.06141,-0.03565,0.96866,-0.19941,-0.26711,9.51899
4.8959,0.647713,-1.000712,2.698211,1.337109,0.036488,-0.360628,-0.926256,9.731191,-0.0858,-0.1248,0.9906,-0.06436,-0.11829,0.99931,-0.63113,-1.16003,9.79993,-0.0156,-0.039,0.9282,-0.0526,-0.07211,1.00612,-0.60283,-0.51837,9.87345,-0.0507,-0.0663,0.9633,-0.01996,-0.08103,0.98146,-0.05949,-0.69841,9.63411,-0.0819,-0.0156,0.9945,-0.04552,-0.03946,0.98828,-0.14906,-1.32821,9.61727
4.9178,0.548872,-0.204882,9.205964,1.242424,0.046801,-0.136525,-0.972761,9.7272,-0.156,-0.1248,0.9867,-0.13168,-0.11829,0.99531,-1.29131,-1.16003,9.76061,-0.0897,-0.0039,0.9126,-0.12469,-0.03837,0.99041,-0.28159,0.20468,9.79027,-0.1599,-0.0624,0.9594,-0.12582,-0.0773,0.97753,0.97992,-0.69816,9.6201,-0.1755,-0.0351,1.014,-0.13718,-0.05849,1.0079,0.04688,-2.23753,9.73782
4.9397,-1.565836,2.020408,1.284603,1.169994,0.089361,-0.113872,-0.698273,9.732396,-0.0663,-0.1014,0.9594,-0.04566,-0.09522,0.96724,-0.44775,-0.93377,9.48538,-0.0117,0.0078,0.8931,-0.04881,-0.02712,0.97076,-0.16521,-0.51406,9.52037,-0.0546,-0.0819,0.9867,-0.02374,-0.09598,1.00505,-0.03283,-0.58841,9.88624,-0.0195,-0.0546,1.0296,0.01558,-0.07751,1.02359,0.19031,-0.75686,10.0376
4.9616,-1.519319,2.011351,-7.279606,0.968675,0.033254,-0.046091,-0.632467,9.754025,0.0819,-0.0819,0.9633,0.09646,-0.07599,0.97125,0.94597,-0.74521,9.5247,0.0936,0.0039,0.9048,0.05363,-0.03087,0.98255,-0.18954,-1.52556,9.53143,0.0468,-0.0936,0.9906,0.07456,-0.10718,1.00899,-1.0006,-0.51414,9.91365,0.0858,-0.0429,1.0218,0.1187,-0.0661,1.01574,0.05981,0.25504,10.04633
4.9834,-1.309264,-0.399045,-6.818946,1.246704,0.046596,-0.277241,-0.838526,9.727843,0.0351,-0.1092,0.9672,0.05158,-0.10291,0.97526,0.50584,-1.00919,9.56402,0.1209,-0.0234,0.9321,0.08019,-0.05711,1.01005,-0.44094,-1.81567,9.77516,0.0585,-0.0858,0.9906,0.0859,-0.09971,1.00899,-1.10929,-0.58975,9.89919,0.0624,-0.0273,0.9867,0.09578,-0.05087,0.98043,-0.06459,0.0605,9.673
5.0052,0.253307,-1.757251,-2.944264,1.375582,0.036614,-0.454833,-0.9558,9.759627,-0.0273,-0.1248,0.9867,-0.00826,-0.11829,0.99531,-0.08098,-1.16003,9.76061,0.0741,-0.0546,0.9516,0.03466,-0.0871,1.02969,-0.73779,-1.39519,10.016,0.0234,-0.0702,0.9711,0.05187,-0.08477,0.98933,-0.76641,-0.69484,9.69576,-0.0039,-0.0078,0.9828,0.03086,-0.03185,0.97651,-0.23416,-0.57315,9.56614
5.0271,0.929351,-2.754585,3.544679,1.428111,0.092899,-0.438044,-1.049144,9.760691,-0.1287,-0.1326,0.9945,-0.1055,-0.12598,1.00332,-1.03458,-1.23545,9.83925,0.0117,-0.0468,0.9594,-0.02605,-0.0796,1.03755,-0.67002,-0.81024,10.15368,-0.0702,-0.0663,0.9594,-0.03887,-0.08103,0.97753,0.12665,-0.68701,9.60133,-0.0975,-0.0117,0.9789,-0.0608,-0.03565,0.97259,-0.17423,-1.46388,9.44851
5.0489,-0.133797,-1.16049,8.948438,1.121982,0.089483,-0.112598,-1.168522,9.686991,-0.156,-0.1287,0.975,-0.13168,-0.12214,0.98328,-1.29131,-1.19774,9.64265,-0.0468,-0.0039,0.9243,-0.08295,-0.03837,1.00219,-0.27576,-0.21433,9.86274,-0.1716,-0.0468,0.9672,-0.13717,-0.06236,0.98539,1.09412,-0.85153,9.67691,-0.195,-0.0312,0.9984,-0.15628,-0.05468,0.9922,0.02256,-2.41049,9.56566
5.0708,-1.192609,2.669511,-0.912963,1.106045,0.060035,0.044871,-0.898498,9.701188,0.0039,-0.1014,0.9672,0.02166,-0.09522,0.97526,0.21243,-0.93377,9.56402,0.0507,0.0039,0.8814,0.01189,-0.03087,0.95898,-0.19665,-1.09457,9.34401,-0.0546,-0.0702,0.9867,-0.02374,-0.08477,1.00505,-0.02916,-0.69694,9.86933,-0.0312,-0.0546,1.0296,0.00413,-0.07751,1.02359,0.19287,-0.86872,10.0274
5.0926,-1.980706,1.927431,-9.986015,1.186024,0.044723,0.073361,-0.642036,9.734854,0.1248,-0.0819,0.9555,0.1376,-0.07599,0.96323,1.34941,-0.74521,9.44606,0.1404,0.0039,0.9087,0.09916,-0.03087,0.98648,-0.18416,-1.97358,9.5234,0.0624,-0.0975,0.9945,0.08968,-0.11092,1.01292,-1.15092,-0.48828,9.95312,0.1248,-0.0663,1.014,0.15689,-0.08893,1.0079,0.27911,0.63893,10.01683
5.1145,-1.424424,0.986932,-2.168882,1.383754,0.089314,-0.1676,-0.785853,9.710879,0.0117,-0.1014,0.9633,0.02914,-0.09522,0.97125,0.28578,-0.93377,9.5247,0.039,-0.0273,0.9048,0.00051,-0.06086,0.98255,-0.48936,-1.0111,9.5884,-0.0039,-0.0936,0.9867,0.02541,-0.10718,1.00505,-0.51809,-0.49403,9.88935,-0.0156,-0.039,1.0101,0.0194,-0.06229,1.00397,0.05127,-0.70451,9.84106
5.1364,0.494126,-3.092844,2.145387,1.518219,0.058652,-0.410946,-1.013755,9.744988,-0.1014,-0.1365,0.9867,-0.07932,-0.12983,0.99531,-0.77784,-1.27316,9.76061,0.0156,-0.0507,0.9633,-0.02225,-0.08335,1.04148,-0.70593,-0.85168,10.1885,-0.0507,-0.0663,0.9633,-0.01996,-0.08103,0.98146,-0.05949,-0.69841,9.63411,-0.0741,-0.0195,0.9711,-0.03788,-0.04326,0.96474,-0.10052,-1.23177,9.39673
5.1582,1.292692,-2.225194,9.04942,1.310943,0.045573,-0.462089,-1.096197,9.7203,-0.1833,-0.1365,0.9945,-0.15786,-0.12983,1.00332,-1.54805,-1.27316,9.83925,-0.078,-0.0546,0.9399,-0.11331,-0.0871,1.01791,-0.75517,0.0599,10.05164,-0.1326,-0.0429,0.9516,-0.09936,-0.05862,0.96966,0.72855,-0.87473,9.50832,-0.1833,0.0,0.9906,-0.14482,-0.02423,0.98436,-0.27369,-2.2968,9.48199
5.1801,-0.511582,-1.721249,2.667086,1.084207,0.05168,-0.165137,-1.016932,9.769856,-0.0624,-0.1209,0.9789,-0.04192,-0.11444,0.98729,-0.41107,-1.12232,9.68197,-0.0039,-0.0117,0.9438,-0.04122,-0.04587,1.02183,-0.34259,-0.64222,10.01258,-0.0702,-0.0546,0.9828,-0.03887,-0.06983,1.00112,0.12483,-0.83133,9.81294,-0.0975,-0.0273,0.9906,-0.0608,-0.05087,0.98436,-0.03172,-1.47186,9.57194
5.2021,-0.911339,2.499612,-3.681923,1.143474,0.094157,-0.014876,-0.775441,9.748199,0.0507,-0.0975,0.975,0.06654,-0.09137,0.98328,0.65255,-0.89605,9.64265,0.0546,0.0,0.8892,0.01569,-0.03462,0.96683,-0.23214,-1.14,9.41714,0.0039,-0.0858,0.9867,0.03297,-0.09971,1.00505,-0.58974,-0.56856,9.87596,0.0078,-0.0468,1.0296,0.04232,-0.0699,1.02359,0.10982,-0.49715,10.05704
5.2240,-2.021481,1.98992,-6.417099,1.2391,0.066762,0.095312,-0.750149,9.720843,0.0858,-0.0897,0.9594,0.1002,-0.08368,0.96724,0.98264,-0.82063,9.48538,0.1053,0.0078,0.897,0.06501,-0.02712,0.97469,-0.15241,-1.62813,9.44284,0.0195,-0.0975,0.9984,0.04809,-0.11092,1.01685,-0.74434,-0.48228,10.00288,0.0507,-0.0663,1.014,0.08433,-0.08893,1.0079,0.29535,-0.06955,9.95226
5.2458,-1.828046,1.305395,-3.238367,1.176778,0.064329,-0.112625,-0.861655,9.701234,0.0195,-0.1053,0.9555,0.03662,-0.09906,0.96323,0.35914,-0.97148,9.44606,0.0702,-0.0039,0.9048,0.03086,-0.03837,0.98255,-0.26553,-1.30444,9.55532,0.0039,-0.0858,0.9906,0.03297,-0.09971,1.00899,-0.59065,-0.57452,9.91404,-0.0039,-0.039,1.014,0.03086,-0.06229,1.0079,0.04654,-0.59618,9.8895
5.2678,0.431959,-2.252392,6.417257,1.36525,0.099134,-0.317087,-1.073914,9.731518,-0.1287,-0.1248,0.9867,-0.1055,-0.11829,0.99531,-1.03458,-1.16003,9.76061,-0.0351,-0.039,0.9438,-0.07157,-0.07211,1.02183,-0.60318,-0.34933,10.04602,-0.1092,-0.0663,0.9633,-0.07667,-0.08103,0.98146,0.49619,-0.6821,9.65003,-0.1638,-0.0156,0.9867,-0.12572,-0.03946,0.98043,-0.12679,-2.1042,9.46941
5.2897,0.113559,-1.938271,7.166963,1.199239,0.066924,-0.398319,-1.155121,9.692617,-0.1638,-0.1365,0.9789,-0.13916,-0.12983,0.98729,-1.36467,-1.27316,9.68197,-0.0312,-0.0429,0.936,-0.06778,-0.07585,1.01398,-0.64038,-0.3788,9.9659,-0.1248,-0.039,0.9672,-0.0918,-0.05489,0.98539,0.65202,-0.93694,9.6529,-0.156,-0.0039,0.9867,-0.11809,-0.02804,0.98043,-0.24025,-2.03159,9.4697
5.3117,0.71532,-0.975318,-1.131724,0.971947,0.123053,-0.204401,-0.993714,9.734819,-0.0039,-0.1053,0.9906,0.01418,-0.09906,0.99931,0.13908,-0.97148,9.79993,0.0468,-0.0156,0.936,0.0081,-0.04962,1.01398,-0.37484,-1.11571,9.88611,-0.0078,-0.0624,0.9633,0.02163,-0.0773,0.98146,-0.46576,-0.74655,9.61681,-0.0624,-0.0195,0.9945,-0.02643,-0.04326,0.98828,-0.11608,-1.14111,9.63643
5.3335,-1.788782,2.266457,-6.0319,1.086319,0.037359,-0.016076,-0.750438,9.727875,0.0624,-0.0975,0.9594,0.07776,-0.09137,0.96724,0.76258,-0.89605,9.48538,0.0975,0.0,0.897,0.05742,-0.03462,0.97469,-0.22674,-1.55502,9.4513,0.0156,-0.0819,0.9945,0.04431,-0.09598,1.01292,-0.70148,-0.61993,9.94331,0.0663,-0.0468,1.0218,0.0996,-0.0699,1.01574,0.10133,0.06925,10.03151
5.3554,-2.324769,1.821138,-1.485281,1.207629,0.023378,0.033018,-0.739413,9.726816,0.0039,-0.0975,0.9516,0.02166,-0.09137,0.95922,0.21243,-0.89605,9.40675,0.0312,0.0078,0.897,-0.00708,-0.02712,0.97469,-0.16025,-0.92508,9.51621,-0.039,-0.0858,0.9984,-0.00862,-0.09971,1.01685,-0.18498,-0.57449,10.00189,0.0,-0.0624,1.0218,0.03468,-0.08513,1.01574,0.26487,-0.56203,9.98242
5.3773,-1.066523,-0.04014,0.043976,1.221287,0.03794,-0.051793,-0.854587,9.707431,-0.0195,-0.1092,0.9633,-0.00078,-0.10291,0.97125,-0.00763,-1.00919,9.5247,0.0195,-0.0039,0.9204,-0.01846,-0.03837,0.99826,-0.26917,-0.83938,9.75878,-0.0507,-0.0741,0.9789,-0.01996,-0.0885,0.99719,-0.0656,-0.64992,9.79773,-0.039,-0.0468,1.0023,-0.00351,-0.0699,0.99613,0.13523,-0.91986,9.74851
5.3991,-0.405549,-0.567823,4.612625,1.127739,0.060534,-0.285792,-1.031054,9.730395,-0.1014,-0.1209,0.9789,-0.07932,-0.11444,0.98729,-0.77784,-1.12232,9.68197,-0.0195,-0.0273,0.9204,-0.0564,-0.06086,0.99826,-0.49383,-0.47204,9.79959,-0.0897,-0.0585,0.9789,-0.05777,-0.07356,0.99719,0.30975,-0.78375,9.78579,-0.1248,-0.0117,1.0023,-0.08753,-0.03565,0.99613,-0.18125,-1.74611,9.65423
5.4210,0.522621,-3.221388,8.997561,1.128791,0.033247,-0.30337,-1.088163,9.720775,-0.1716,-0.1287,0.9867,-0.14664,-0.12214,0.99531,-1.43802,-1.19774,9.76061,-0.0741,-0.0273,0.9516,-0.10951,-0.06086,1.02969,-0.49618,0.01405,10.16017,-0.1482,-0.0429,0.9633,-0.11448,-0.05862,0.98146,0.87399,-0.88827,9.62682,-0.1833,-0.0117,0.975,-0.14482,-0.03565,0.96866,-0.15327,-2.28069,9.3355
5.4428,-0.340791,-0.322433,2.876952,0.934676,0.033216,-0.279067,-0.958271,9.752843,-0.0936,-0.117,0.9789,-0.07184,-0.1106,0.98729,-0.70449,-1.08461,9.68197,-0.0039,-0.0156,0.9243,-0.04122,-0.04962,1.00219,-0.38149,-0.6227,9.82136,-0.0702,-0.0507,0.9789,-0.03887,-0.06609,0.99719,0.12697,-0.86154,9.76922,-0.0741,-0.0156,1.0062,-0.03788,-0.03946,1.00005,-0.15727,-1.26424,9.73882
5.4647,-0.341829,0.40926,-4.432602,0.870128,0.029928,-0.092332,-0.812375,9.758463,0.0312,-0.0936,0.9789,0.04784,-0.08753,0.98729,0.46917,-0.85834,9.68197,0.078,0.0,0.9243,0.03845,-0.03462,1.00219,-0.2258,-1.39796,9.73881,0.0117,-0.0663,0.9789,0.04053,-0.08103,0.99719,-0.65588,-0.73968,9.76948,0.0312,-0.039,1.0062,0.06523,-0.06229,1.00005,0.04318,-0.25352,9.84358
5.4866,-0.957386,2.187864,-7.64076,1.037332,0.085307,-0.098398,-0.789093,9.76953,0.0546,-0.0936,0.9789,0.07028,-0.08753,0.98729,0.68923,-0.85834,9.68197,0.1326,0.0039,0.9009,0.09157,-0.03087,0.97862,-0.18584,-1.89159,9.4545,0.0546,-0.078,0.9945,0.08212,-0.09224,1.01292,-1.07071,-0.66698,9.92706,0.0858,-0.0546,1.0179,0.1187,-0.07751,1.01182,0.17373,0.26054,10.01459
5.5085,-2.354538,0.299349,-0.23087,1.069139,0.028175,-0.098384,-0.90632,9.689029,-0.0234,-0.1092,0.9477,-0.00452,-0.10291,0.95521,-0.04431,-1.00919,9.36743,0.0312,-0.0078,0.9126,-0.00708,-0.04212,0.99041,-0.30555,-0.94285,9.67093,-0.0468,-0.0624,0.9984,-0.01618,-0.0773,1.01685,-0.10355,-0.78936,9.97019,-0.0351,-0.039,1.0023,0.00031,-0.06229,0.99613,0.05987,-0.88389,9.74757
5.5303,0.398973,-1.291646,1.672516,1.15962,0.048341,-0.165922,-0.973847,9.753808,-0.0507,-0.117,0.9867,-0.0307,-0.1106,0.99531,-0.30104,-1.08461,9.76061,0.0078,-0.0195,0.9399,-0.02984,-0.05336,1.01791,-0.41529,-0.75013,9.96341,-0.0624,-0.0546,0.9672,-0.0313,-0.06983,0.98539,0.0544,-0.80964,9.65847,-0.0741,-0.0312,0.9945,-0.03788,-0.05468,0.98828,-0.00176,-1.25101,9.63275
5.5522,1.075643,-1.666912,10.310005,1.079653,0.038893,-0.259846,-1.02459,9.698868,-0.1872,-0.1209,0.9906,-0.1616,-0.11444,0.99931,-1.58473,-1.12232,9.79993,-0.0936,-0.0195,0.9282,-0.12848,-0.05336,1.00612,-0.4273,0.22392,9.94886,-0.1716,-0.0468,0.9516,-0.13717,-0.06236,0.96966,1.09778,-0.82767,9.52456,-0.1911,-0.0156,0.9945,-0.15246,-0.03946,0.98828,-0.12514,-2.37229,9.52213
5.5740,-0.783009,-1.198224,2.765213,0.770031,0.038512,-0.156303,-0.995278,9.738658,-0.078,-0.1092,0.9711,-0.05688,-0.10291,0.97927,-0.55778,-1.00919,9.60334,0.0039,0.0,0.936,-0.03363,-0.03462,1.01398,-0.23235,-0.70689,9.92713,-0.078,-0.0468,0.9828,-0.04643,-0.06236,1.00112,0.20137,-0.9015,9.80379,-0.0858,-0.0273,0.9945,-0.04934,-0.05087,0.98828,-0.03645,-1.36353,9.62038
5.5959,-0.099671,2.05544,1.754201,0.738406,0.029374,-0.119678,-0.813677,9.753832,-0.0546,-0.0897,0.9867,-0.03444,-0.08368,0.99531,-0.33772,-0.82063,9.76061,0.0,0.0,0.8892,-0.03743,-0.03462,0.96683,-0.23792,-0.62197,9.4712,-0.0702,-0.0624,0.9789,-0.03887,-0.0773,0.99719,0.1233,-0.75301,9.78612,-0.0507,-0.0312,1.0296,-0.01497,-0.05468,1.02359,-0.02637,-1.0591,9.99739
5.6177,-2.777286,-0.220399,-3.895839,0.784234,0.055103,-0.017645,-0.869329,9.752781,0.0312,-0.0897,0.9477,0.04784,-0.08368,0.95521,0.46917,-0.82063,9.36743,0.0819,0.0078,0.9321,0.04225,-0.02712,1.01005,-0.15102,-1.44206,9.81085,-0.0039,-0.0663,1.0101,0.02541,-0.08103,1.02865,-0.51502,-0.78305,10.07841,0.0117,-0.0468,0.9984,0.04614,-0.0699,0.9922,0.12629,-0.43158,9.75443
5.6396,-0.105565,1.213037,-3.665107,1.004844,0.049909,-0.057195,-0.760881,9.727305,0.0312,-0.0936,0.975,0.04784,-0.08753,0.98328,0.46917,-0.85834,9.64265,0.0585,0.0,0.9126,0.01948,-0.03462,0.99041,-0.22915,-1.20097,9.64317,0.0,-0.0741,0.9672,0.02919,-0.0885,0.98539,-0.54444,-0.64617,9.66968,0.0234,-0.0429,1.0179,0.05759,-0.0661,1.01182,0.07565,-0.33804,9.95371
5.6614,-1.681542,-0.912038,-3.691666,0.950257,0.063099,-0.070715,-0.900351,9.724794,0.0351,-0.117,0.9594,0.05158,-0.1106,0.96724,0.50584,-1.08461,9.48538,0.0663,-0.0039,0.936,0.02707,-0.03837,1.01398,-0.26251,-1.29938,9.86571,-0.0078,-0.0585,0.9945,0.02163,-0.07356,1.01292,-0.47187,-0.83045,9.91586,0.0156,-0.0273,0.9867,0.04995,-0.05087,0.98043,-0.05433,-0.38696,9.63223
5.6832,1.542529,-0.550958,-1.336271,1.044516,0.106908,-0.351338,-1.077198,9.75643,-0.0468,-0.117,1.0023,-0.02696,-0.1106,1.01134,-0.26437,-1.08461,9.91788,0.0702,-0.0156,0.936,0.03086,-0.04962,1.01398,-0.37236,-1.33773,9.86294,0.0156,-0.0546,0.9555,0.04431,-0.06983,0.9736,-0.68376,-0.8135,9.52299,-0.0546,-0.0234,1.0023,-0.01879,-0.04707,0.99613,-0.08487,-1.07295,9.7219
5.7051,-0.959757,-1.021501,10.191774,1.003935,0.043556,-0.131601,-1.135523,9.708514,-0.1677,-0.1287,0.9711,-0.1429,-0.12214,0.97927,-1.40134,-1.19774,9.60334,-0.0819,-0.0117,0.9165,-0.1171,-0.04587,0.99433,-0.35384,0.12579,9.8216,-0.1872,-0.0312,0.9867,-0.15229,-0.04741,1.00505,1.24262,-1.02171,9.84903,-0.1989,-0.0273,0.9984,-0.1601,-0.05087,0.9922,-0.01384,-2.44843,9.56009
5.7269,0.361673,-0.984731,3.430548,0.928124,0.04932,-0.028482,-0.878005,9.772962,-0.0624,-0.1014,0.9867,-0.04192,-0.09522,0.99531,-0.41107,-0.93377,9.76061,-0.0273,0.0039,0.936,-0.06398,-0.03087,1.01398,-0.1989,-0.41042,9.95765,-0.0975,-0.0546,0.9672,-0.06533,-0.06983,0.98539,0.38781,-0.79985,9.66802,-0.0858,-0.0429,1.0023,-0.04934,-0.0661,0.99613,0.10823,-1.36798,9.70556
5.7488,-1.95724,1.288242,2.067673,0.701458,0.05527,-0.018808,-0.845179,9.800401,-0.0468,-0.0897,0.9594,-0.02696,-0.08368,0.96724,-0.26437,-0.82063,9.48538,0.0,0.0117,0.9126,-0.03743,-0.02338,0.99041,-0.12507,-0.64458,9.7,-0.0858,-0.0663,0.9984,-0.05399,-0.08103,1.01685,0.26568,-0.74231,9.98644,-0.0624,-0.039,1.0335,-0.02643,-0.06229,1.02751,0.04853,-1.17319,10.02979
5.7706,-2.31916,-0.060098,-5.69553,0.68528,0.077205,-0.036024,-0.912829,9.716663,0.0546,-0.0897,0.9516,0.07028,-0.08368,0.95922,0.68923,-0.82063,9.40675,0.117,0.0117,0.9282,0.07639,-0.02338,1.00612,-0.11098,-1.77064,9.73742,0.0234,-0.0702,1.0023,0.05187,-0.08477,1.02078,-0.77373,-0.74256,10.00045,0.0234,-0.039,0.9945,0.05759,-0.06229,0.98828,0.05139,-0.31749,9.72204
5.7925,0.253307,0.391311,-4.866419,0.778888,0.059806,-0.168988,-0.703446,9.804947,0.0351,-0.0897,0.9867,0.05158,-0.08368,0.99531,0.50584,-0.82063,9.76061,0.0624,-0.0078,0.9321,0.02328,-0.04212,1.01005,-0.3001,-1.25884,9.83162,0.0234,-0.0702,0.9711,0.05187,-0.08477,0.98933,-0.76641,-0.69484,9.69576,0.0546,-0.0234,1.014,0.08815,-0.04707,1.0079,-0.11529,-0.03948,9.9318
5.8143,-0.638881,-1.817072,-3.066879,0.676731,0.057351,-0.21175,-1.063295,9.70469,-0.0078,-0.117,0.9672,0.01044,-0.1106,0.97526,0.1024,-1.08461,9.56402,0.0897,-0.0078,0.9516,0.04983,-0.04212,1.02969,-0.29507,-1.53782,9.99617,0.0,-0.0351,0.9789,0.02919,-0.05115,0.99719,-0.53495,-1.02582,9.72757,-0.0078,-0.0195,0.9789,0.02704,-0.04326,0.97259,-0.11938,-0.60493,9.531
5.8362,2.15135,0.090659,-2.89228,1.063951,0.047973,-0.168309,-1.010617,9.696646,0.0,-0.1209,1.0023,0.01792,-0.11444,1.01134,0.17575,-1.12232,9.91788,0.078,-0.0039,0.9243,0.03845,-0.03837,1.00219,-0.26256,-1.39841,9.73918,0.0078,-0.0507,0.9399,0.03675,-0.06609,0.95787,-0.60478,-0.82364,9.36714,-0.0156,-0.0351,1.0023,0.0194,-0.05849,0.99613,0.01835,-0.6981,9.76239
5.8580,-0.809798,0.544033,1.826526,1.066359,0.051984,-0.040675,-1.004753,9.752363,-0.0468,-0.117,0.975,-0.02696,-0.1106,0.98328,-0.26437,-1.08461,9.64265,0.0117,0.0078,0.9126,-0.02605,-0.02712,0.99041,-0.16059,-0.75604,9.68878,-0.0663,-0.0546,0.9867,-0.03508,-0.06983,1.00505,0.08687,-0.83838,9.84996,-0.0819,-0.0507,1.014,-0.04552,-0.07371,1.0079,0.17539,-1.33999,9.82805
5.8799,-0.166694,0.798389,6.926844,0.901932,0.058538,-0.049419,-0.856414,9.74887,-0.117,-0.0975,0.975,-0.09428,-0.09137,0.98328,-0.92455,-0.89605,9.64265,-0.0702,0.0078,0.9087,-0.10572,-0.02712,0.98648,-0.16969,0.02501,9.73155,-0.1404,-0.0585,0.9672,-0.10692,-0.07356,0.98539,0.79409,-0.75171,9.68533,-0.1287,-0.0429,1.0296,-0.09135,-0.0661,1.02359,0.10247,-1.8029,9.93594
5.9017,-3.071827,-0.649406,7.35357,0.718277,0.073751,-0.039252,-0.841509,9.727972,-0.1131,-0.0897,0.936,-0.09054,-0.08368,0.94318,-0.88787,-0.82063,9.24947,-0.0819,0.0078,0.9243,-0.1171,-0.02712,1.00219,-0.16921,0.12004,9.8964,-0.1482,-0.0624,1.0023,-0.11448,-0.0773,1.02078,0.85871,-0.76705,10.03586,-0.1404,-0.0351,1.0101,-0.10281,-0.05849,1.00397,0.04136,-1.8984,9.73015
5.9236,-0.843365,0.399404,0.515494,0.391362,0.089362,-0.155652,-0.737494,9.754589,-0.0312,-0.0741,0.9711,-0.012,-0.0683,0.97927,-0.11766,-0.66979,9.60334,-0.0078,0.0039,0.9165,-0.04501,-0.03087,0.99433,-0.19898,-0.57547,9.74677,-0.0312,-0.0663,0.9828,-0.00106,-0.08103,1.00112,-0.24929,-0.73368,9.81924,-0.0429,-0.0273,1.014,-0.00733,-0.05087,1.0079,-0.05667,-0.97104,9.84902
5.9454,-1.644242,-1.264319,-4.799929,0.537664,0.025959,-0.190717,-0.847388,9.730454,0.0273,-0.0936,0.9594,0.0441,-0.08753,0.96724,0.43249,-0.85834,9.48538,0.0819,-0.0039,0.9438,0.04225,-0.03837,1.02183,-0.26,-1.45538,9.9269,0.0273,-0.0585,0.9945,0.05565,-0.07356,1.01292,-0.80527,-0.84024,9.90631,0.0312,-0.0195,0.9828,0.06523,-0.04326,0.97651,-0.13009,-0.23558,9.60323
5.9673,0.84505,-0.262154,-8.796145,0.695058,0.057031,-0.191423,-0.948553,9.699322,0.0819,-0.1053,0.9828,0.09646,-0.09906,0.9913,0.94597,-0.97148,9.72129,0.1521,-0.0039,0.9399,0.11054,-0.03837,1.01791,-0.253,-2.11744,9.81908,0.0819,-0.0546,0.9555,0.10858,-0.06983,0.9736,-1.31353,-0.83199,9.50496,0.0702,-0.0195,0.9945,0.10342,-0.04326,0.98828,-0.14513,0.1267,9.75196
5.9892,0.859859,0.137083,-3.613392,0.879189,0.050202,-0.077086,-1.075947,9.736479,0.0312,-0.1209,0.9906,0.04784,-0.11444,0.99931,0.46917,-1.12232,9.79993,0.0897,0.0,0.9282,0.04983,-0.03462,1.00612,-0.22413,-1.51296,9.76555,0.0039,-0.039,0.9633,0.03297,-0.05489,0.98146,-0.56956,-0.96687,9.5798,-0.0156,-0.0351,1.0062,0.0194,-0.05849,1.00005,0.01618,-0.70163,9.80064
6.0110,0.932111,1.267361,-1.976288,1.074591,0.039341,0.022642,-0.975805,9.722237,0.0117,-0.1131,0.9945,0.02914,-0.10675,1.00332,0.28578,-1.0469,9.83925,0.0624,0.0039,0.9048,0.02328,-0.03087,0.98255,-0.19284,-1.22954,9.56232,-0.0312,-0.0468,0.9633,-0.00106,-0.06236,0.98146,-0.2386,-0.88473,9.60063,-0.0195,-0.0585,1.014,0.01558,-0.08132,1.0079,0.23622,-0.74206,9.88676
6.0329,0.167526,0.867462,3.509674,1.166355,0.045942,-0.087144,-0.863764,9.709598,-0.0819,-0.1092,0.9789,-0.06062,-0.10291,0.98729,-0.59446,-1.00919,9.68197,-0.0234,0.0,0.9048,-0.06019,-0.03462,0.98255,-0.23867,-0.41593,9.64763,-0.0897,-0.0624,0.9633,-0.05777,-0.0773,0.98146,0.31219,-0.72371,9.63909,-0.078,-0.0507,1.0179,-0.0417,-0.07371,1.01182,0.17237,-1.30623,9.8697
6.0548,-3.193143,-0.690736,6.916929,0.902802,0.077663,0.046202,-0.959378,9.700601,-0.0975,-0.1014,0.936,-0.07558,-0.09522,0.94318,-0.74116,-0.93377,9.24947,-0.0546,0.0039,0.9204,-0.09054,-0.03087,0.99826,-0.2035,-0.13543,9.83142,-0.1638,-0.0546,1.0062,-0.1296,-0.06983,1.02471,1.00843,-0.84101,10.06692,-0.1443,-0.0429,1.0023,-0.10663,-0.0661,0.99613,0.12105,-1.92731,9.65459
6.0766,-0.206953,-0.389228,0.392168,0.749008,0.040264,-0.099244,-0.656083,9.737342,-0.0312,-0.0741,0.9789,-0.012,-0.0683,0.98729,-0.11766,-0.66979,9.68197,0.0,0.0,0.9243,-0.03743,-0.03462,1.00219,-0.23405,-0.65791,9.81604,-0.0585,-0.0819,0.9711,-0.02752,-0.09598,0.98933,0.00788,-0.56347,9.73495,-0.0195,-0.0273,0.9984,0.01558,-0.05087,0.9922,-0.05314,-0.73316,9.7164
6.0984,-2.772558,-1.075184,-0.439841,0.692075,0.068366,-0.180571,-0.838212,9.708367,-0.0351,-0.0975,0.936,-0.01574,-0.09137,0.94318,-0.15434,-0.89605,9.24947,0.0195,0.0,0.9399,-0.01846,-0.03462,1.01791,-0.23027,-0.8589,9.95,-0.0273,-0.0585,0.9984,0.00272,-0.07356,1.01685,-0.28755,-0.83098,9.95925,-0.0234,-0.0273,0.9945,0.01176,-0.05087,0.98828,-0.05012,-0.76692,9.67475
6.1203,0.176242,-0.018625,-7.784499,0.776496,0.043875,-0.101446,-0.839381,9.732044,0.0741,-0.0975,0.9789,0.08898,-0.09137,0.98729,0.87261,-0.89605,9.68197,0.1248,0.0039,0.936,0.08398,-0.03087,1.01398,-0.18281,-1.85353,9.80706,0.0585,-0.0624,0.9672,0.0859,-0.0773,0.98539,-1.09645,-0.77101,9.63685,0.0741,-0.0351,0.9984,0.10724,-0.05849,0.9922,0.00086,0.16307,9.80229
6.1422,0.352927,0.412917,-2.959905,0.980975,0.040025,-0.032187,-1.070084,9.769166,0.0234,-0.1209,0.9906,0.04036,-0.11444,0.99931,0.39581,-1.12232,9.79993,0.0858,0.0039,0.9243,0.04604,-0.03087,1.00219,-0.18822,-1.47152,9.73073,-0.0117,-0.0468,0.975,0.01785,-0.06236,0.99326,-0.42657,-0.90806,9.70958,-0.0234,-0.0429,1.0101,0.01176,-0.0661,1.00397,0.09023,-0.77843,9.83643
6.1640,0.764968,1.10762,-6.262346,1.103955,0.061982,0.067958,-1.019364,9.627613,0.0741,-0.1209,0.975,0.08898,-0.11444,0.98328,0.87261,-1.12232,9.64265,0.1326,0.0117,0.9126,0.09157,-0.02338,0.99041,-0.11104,-1.90268,9.56871,0.0156,-0.0546,0.9477,0.04431,-0.06983,0.96573,-0.68193,-0.80157,9.44682,0.0312,-0.0546,1.0062,0.06523,-0.07751,1.00005,0.19219,-0.25089,9.85226
6.1859,0.210008,0.068905,5.361844,1.219874,0.112942,-0.09006,-1.10363,9.701661,-0.1248,-0.1326,0.9789,-0.10176,-0.12598,0.98729,-0.9979,-1.23545,9.68197,0.0,0.0,0.9165,-0.03743,-0.03462,0.99433,-0.23491,-0.64992,9.73941,-0.1326,-0.0468,0.9633,-0.09936,-0.06236,0.98146,0.72458,-0.85645,9.62821,-0.117,-0.0468,1.0101,-0.0799,-0.0699,1.00397,0.14799,-1.6727,9.75705
6.2079,-2.407962,-1.428224,6.589782,0.851505,0.104905,0.001711,-1.020613,9.790196,-0.0975,-0.0975,0.9594,-0.07558,-0.09137,0.96724,-0.74116,-0.89605,9.48538,-0.039,0.0,0.936,-0.07537,-0.03462,1.01398,-0.23689,-0.29986,9.9696,-0.1521,-0.0546,1.0101,-0.11826,-0.06983,1.02865,0.89638,-0.85024,10.10182,-0.156,-0.039,0.9984,-0.11809,-0.06229,0.9922,0.08852,-2.03629,9.60398
6.2298,-1.192605,-0.867468,3.70654,0.876064,0.057596,-0.143001,-0.624606,9.657301,-0.0858,-0.078,0.9516,-0.06436,-0.07215,0.95922,-0.63113,-0.7075,9.40675,-0.0507,0.0,0.9243,-0.08675,-0.03462,1.00219,-0.23942,-0.17687,9.86624,-0.0936,-0.0858,0.9672,-0.06155,-0.09971,0.98539,0.34098,-0.51154,9.71205,-0.0585,-0.0273,0.9945,-0.02261,-0.05087,0.98828,-0.04243,-1.10251,9.64417
6.2517,-3.909661,-0.41874,-2.833204,0.655787,0.088454,-0.019419,-0.751691,9.763919,0.0117,-0.0819,0.9399,0.02914,-0.07599,0.94719,0.28578,-0.74521,9.28879,0.0624,0.0039,0.9282,0.02328,-0.03087,1.00612,-0.19027,-1.2535,9.79221,-0.039,-0.0741,1.0296,-0.00862,-0.0885,1.04831,-0.18864,-0.73073,10.28966,0.0273,-0.0351,0.9906,0.06141,-0.05849,0.98436,0.01544,-0.27732,9.68501
6.2735,1.349051,0.483326,-6.590716,0.815807,0.060477,0.028397,-0.811178,9.737654,0.0819,-0.0897,0.9984,0.09646,-0.08368,1.00733,0.94597,-0.82063,9.87856,0.1092,0.0039,0.9243,0.0688,-0.03087,1.00219,-0.18574,-1.69354,9.70756,0.0195,-0.0624,0.9555,0.04809,-0.0773,0.9736,-0.72325,-0.74224,9.53321,0.0585,-0.0429,1.0023,0.09197,-0.0661,0.99613,0.07662,0.01169,9.83129
6.2954,-0.625778,0.346424,-4.851672,1.00022,0.036227,-0.003662,-1.145641,9.711876,0.0468,-0.1287,0.9711,0.0628,-0.12214,0.97927,0.61587,-1.19774,9.60334,0.1209,0.0039,0.9243,0.08019,-0.03087,1.00219,-0.18451,-1.80454,9.69597,0.0078,-0.0351,0.9828,0.03675,-0.05115,1.00112,-0.60996,-1.03396,9.76354,0.0,-0.0507,1.0023,0.03468,-0.07371,0.99613,0.16394,-0.54632,9.78466
6.3172,2.76151,0.852422,-3.941643,1.198807,0.050283,0.005563,-1.044296,9.716673,0.039,-0.1287,1.0101,0.05532,-0.12214,1.01936,0.54252,-1.19774,9.99652,0.0975,0.0,0.9204,0.05742,-0.03462,0.99826,-0.22417,-1.57898,9.68119,-0.0078,-0.0468,0.9321,0.02163,-0.06236,0.95,-0.45354,-0.84353,9.28957,0.0,-0.0507,1.014,0.03468,-0.07371,1.0079,0.15744,-0.55693,9.89941
6.3391,0.066306,0.410424,0.299689,1.297064,0.047204,0.042179,-1.00852,9.736929,-0.0078,-0.1326,0.9828,0.01044,-0.12598,0.9913,0.1024,-1.23545,9.72129,0.0312,0.0,0.9165,-0.00708,-0.03462,0.99433,-0.23161,-0.94594,9.70852,-0.0702,-0.0585,0.9711,-0.03887,-0.07356,0.98933,0.12635,-0.77726,9.70432,-0.0546,-0.0507,1.0101,-0.01879,-0.07371,1.00397,0.17157,-1.07543,9.81359
6.3609,-1.11781,-0.750728,6.327285,1.074351,0.047377,-0.065421,-0.840722,9.722825,-0.117,-0.1014,0.9633,-0.09428,-0.09522,0.97125,-0.92455,-0.93377,9.5247,-0.0585,0.0,0.9243,-0.09434,-0.03462,1.00219,-0.24024,-0.10287,9.87396,-0.1404,-0.0663,0.9789,-0.10692,-0.08103,0.99719,0.78889,-0.69725,9.81086,-0.1131,-0.0429,1.0023,-0.07608,-0.0661,0.99613,0.11421,-1.629,9.68178
6.3828,-2.956535,-0.162461,1.324749,0.866444,0.073965,0.035216,-0.59592,9.785818,-0.0234,-0.078,0.9477,-0.00452,-0.07215,0.95521,-0.04431,-0.7075,9.36743,-0.0312,0.0039,0.9243,-0.06778,-0.03087,1.00219,-0.2006,-0.36144,9.84657,-0.0897,-0.0819,1.0101,-0.05777,-0.09598,1.02865,0.29508,-0.61442,10.1243,-0.0156,-0.0429,1.0062,0.0194,-0.0661,1.00005,0.09069,-0.70032,9.80498
6.4047,-2.169002,0.145895,-3.596299,1.07437,0.062429,0.014911,-0.612386,9.742171,0.0429,-0.0819,0.9516,0.05906,-0.07599,0.95922,0.5792,-0.74521,9.40675,0.0351,0.0,0.9243,-0.00328,-0.03462,1.00219,-0.23034,-0.99093,9.78129,-0.0117,-0.0897,0.9945,0.01785,-0.10345,1.01292,-0.44461,-0.53996,9.96201,0.039,-0.0507,1.0023,0.07287,-0.07371,0.99613,0.1554,-0.17344,9.81864
6.4265,-1.224625,0.539452,-8.653896,1.032491,0.039817,-0.021658,-0.879855,9.809448,0.0975,-0.1014,0.9789,0.11142,-0.09522,0.98729,1.09267,-0.93377,9.68197,0.1443,0.0039,0.9282,0.10295,-0.03087,1.00612,-0.1816,-2.03055,9.71112,0.0624,-0.0741,1.0023,0.08968,-0.0885,1.02078,-1.14541,-0.71726,9.99548,0.0741,-0.0507,1.0023,0.10724,-0.07371,0.99613,0.14771,0.16216,9.84922
6.4484,1.491457,-0.737896,-1.708683,1.314033,0.059055,-0.045723,-1.068397,9.707869,0.0,-0.1287,0.9945,0.01792,-0.12214,1.00332,0.17575,-1.19774,9.83925,0.0702,-0.0039,0.936,0.03086,-0.03837,1.01398,-0.26209,-1.33639,9.86185,-0.0234,-0.0546,0.9477,0.0065,-0.06983,0.96573,-0.31147,-0.79069,9.45743,-0.0429,-0.0546,0.9945,-0.00733,-0.07751,0.98828,0.21492,-0.94877,9.67295
6.4703,2.21853,-0.271211,1.231063,1.400825,0.079231,0.102012,-1.0419,9.719054,-0.0117,-0.1443,1.0023,0.0067,-0.13752,1.01134,0.06572,-1.34858,9.91788,0.0156,0.0,0.9282,-0.02225,-0.03462,1.00612,-0.23197,-0.80991,9.83891,-0.0897,-0.0468,0.936,-0.05777,-0.06236,0.95394,0.32349,-0.82666,9.34994,-0.0663,-0.0585,1.0062,-0.03025,-0.08132,1.00005,0.2508,-1.18245,9.76948
6.4921,-0.110355,-0.879923,7.493311,1.206781,0.052384,0.021359,-1.076,9.824715,-0.117,-0.1287,0.9984,-0.09428,-0.12214,1.00733,-0.92455,-1.19774,9.87856,-0.0546,0.0078,0.9243,-0.09054,-0.02712,1.00219,-0.16632,-0.13898,9.86937,-0.156,-0.0507,0.9906,-0.12204,-0.06609,1.00899,0.93922,-0.8555,9.90681,-0.1638,-0.0546,1.0023,-0.12572,-0.07751,0.99613,0.23708,-2.11178,9.64411
6.5140,-0.99494,0.405634,1.8041,1.232181,0.05664,0.020857,-0.796934,9.725371,-0.0351,-0.1014,0.9633,-0.01574,-0.09522,0.97125,-0.15434,-0.93377,9.5247,-0.0078,0.0039,0.9165,-0.04501,-0.03087,0.99433,-0.19898,-0.57547,9.74677,-0.0819,-0.0819,0.975,-0.05021,-0.09598,0.99326,0.22923,-0.5629,9.7794,-0.0585,-0.0546,1.014,-0.02261,-0.07751,1.0079,0.20751,-1.1156,9.85061
6.5358,-3.276553,-0.403404,-2.469643,0.996768,0.071761,0.051835,-0.560721,9.747049,0.0312,-0.0741,0.936,0.04784,-0.0683,0.94318,0.46917,-0.66979,9.24947,0.0156,0.0039,0.9321,-0.02225,-0.03087,1.01005,-0.19479,-0.81346,9.87686,-0.0351,-0.0936,1.0062,-0.00484,-0.10718,1.02471,-0.22631,-0.51515,10.08827,0.0312,-0.0507,0.9984,0.06523,-0.07371,0.9922,0.15927,-0.24448,9.77359
6.5595,-1.185315,0.231107,-7.152255,1.082441,0.031303,-0.068238,-0.736784,9.785097,0.0702,-0.0897,0.975,0.08524,-0.08368,0.98328,0.83593,-0.82063,9.64265,0.1092,0.0,0.9282,0.0688,-0.03462,1.00612,-0.22207,-1.69798,9.74624,0.0468,-0.0897,0.9945,0.07456,-0.10345,1.01292,-1.00029,-0.55628,9.94609,0.0702,-0.0468,0.9984,0.10342,-0.0699,0.9922,0.11347,0.12775,9.8054
6.5822,-0.360414,-1.187853,-4.867364,1.274965,0.04803,-0.003444,-0.96579,9.684596,0.0507,-0.1248,0.9672,0.06654,-0.11829,0.97526,0.65255,-1.16003,9.56402,0.0975,0.0,0.9438,0.05742,-0.03462,1.02183,-0.22159,-1.60294,9.91109,0.0078,-0.0663,0.9672,0.03675,-0.08103,0.98539,-0.61609,-0.7207,9.65628,0.0156,-0.0507,0.9828,0.04995,-0.07371,0.97651,0.17135,-0.37949,9.607
6.6054,2.00977,-0.496636,3.541245,1.387452,0.082258,0.084432,-0.973639,9.698477,-0.0468,-0.1404,0.9984,-0.02696,-0.13367,1.00733,-0.26437,-1.31087,9.87856,-0.0234,0.0,0.9243,-0.06019,-0.03462,1.00219,-0.23653,-0.43589,9.83921,-0.1209,-0.0507,0.936,-0.08802,-0.06609,0.95394,0.61863,-0.78178,9.36406,-0.0858,-0.0546,1.0023,-0.04934,-0.07751,0.99613,0.21999,-1.36601,9.71207
6.6280,0.758302,0.164573,4.43078,1.359457,0.056854,0.137707,-1.020999,9.762549,-0.0507,-0.1326,0.9945,-0.0307,-0.12598,1.00332,-0.30104,-1.23545,9.83925,-0.0234,0.0078,0.9165,-0.06019,-0.02712,0.99433,-0.16388,-0.42701,9.76185,-0.1326,-0.0585,0.9633,-0.09936,-0.07356,0.98146,0.72091,-0.74792,9.64512,-0.117,-0.0624,1.014,-0.0799,-0.08513,1.0079,0.29483,-1.67361,9.80398
6.6597,-1.713055,0.676348,-4.07714,1.142449,0.049218,0.079191,-0.685542,9.757081,0.0546,-0.0897,0.9594,0.07028,-0.08368,0.96724,0.68923,-0.82063,9.48538,0.0546,0.0078,0.9204,0.01569,-0.02712,0.99826,-0.15519,-1.17106,9.72294,-0.0117,-0.0897,0.9906,0.01785,-0.10345,1.00899,-0.44369,-0.534,9.92392,0.0351,-0.0585,1.0101,0.06905,-0.08132,1.00397,0.22642,-0.21648,9.89608
6.6823,-2.480946,0.062493,-3.896056,1.16742,0.033306,-0.038577,-0.714459,9.704466,0.0312,-0.0897,0.9477,0.04784,-0.08368,0.95521,0.46917,-0.82063,9.36743,0.0624,0.0,0.9204,0.02328,-0.03462,0.99826,-0.22788,-1.24596,9.71594,0.0,-0.0936,0.9984,0.02919,-0.10718,1.01685,-0.55789,-0.51301,10.00255,0.0273,-0.0507,0.9945,0.06141,-0.07371,0.98828,0.16229,-0.27823,9.73194
6.7043,-0.932062,-1.147962,-2.423323,1.281032,0.018589,-0.108873,-0.770824,9.79063,0.0039,-0.1053,0.975,0.02166,-0.09906,0.98328,0.21243,-0.97148,9.64265,0.0429,-0.0117,0.9438,0.00431,-0.04587,1.02183,-0.33763,-1.08625,9.96624,-0.0156,-0.0858,0.9867,0.01406,-0.09971,1.00505,-0.40451,-0.56312,9.88126,0.0078,-0.0429,0.9906,0.04232,-0.0661,0.98436,0.09422,-0.46245,9.67236
6.7264,-0.410105,-0.579016,-1.729836,1.410564,0.036795,-0.041818,-0.913034,9.753208,0.0,-0.1248,0.975,0.01792,-0.11829,0.98328,0.17575,-1.16003,9.64265,0.0468,-0.0078,0.936,0.0081,-0.04212,1.01398,-0.30132,-1.11482,9.88538,-0.0273,-0.0702,0.975,0.00272,-0.08477,0.99326,-0.28573,-0.68666,9.74764,-0.0156,-0.0585,0.9984,0.0194,-0.08132,0.9922,0.24403,-0.69063,9.73715
6.7484,1.319612,-0.321126,7.676047,1.41311,0.084172,0.012885,-1.05277,9.732758,-0.117,-0.1287,0.9984,-0.09428,-0.12214,1.00733,-0.92455,-1.19774,9.87856,-0.0585,0.0039,0.9165,-0.09434,-0.03087,0.99433,-0.20435,-0.09443,9.79697,-0.1482,-0.0624,0.9516,-0.11448,-0.0773,0.96966,0.87062,-0.6895,9.54074,-0.1755,-0.0624,1.0101,-0.13718,-0.08513,1.00397,0.30982,-2.22941,9.71476
6.7703,-1.376545,0.429907,1.805148,1.229508,0.082384,0.039241,-0.797838,9.717273,-0.0429,-0.1131,0.9555,-0.02322,-0.10675,0.96323,-0.22769,-1.0469,9.44606,-0.0195,0.0156,0.9165,-0.0564,-0.01963,0.99433,-0.08995,-0.46312,9.75726,-0.0741,-0.0702,0.9789,-0.04265,-0.08477,0.99719,0.1579,-0.67957,9.79846,-0.0468,-0.0663,1.014,-0.01115,-0.08893,1.0079,0.31671,-1.00177,9.86731
6.7922,-0.608937,0.483434,-5.623899,1.160868,0.073133,-0.002907,-0.752792,9.826832,0.0429,-0.0897,0.9867,0.05906,-0.08368,0.99531,0.5792,-0.82063,9.76061,0.1014,0.0078,0.9282,0.06122,-0.02712,1.00612,-0.14938,-1.62308,9.75323,0.0156,-0.0897,0.9906,0.04431,-0.10345,1.00899,-0.70301,-0.54161,9.9165,0.0546,-0.0624,1.0062,0.08815,-0.08513,1.00005,0.26157,-0.02585,9.87699
6.8141,-0.964333,-0.20493,-3.910818,1.382151,0.028247,-0.065711,-0.731499,9.76608,0.0234,-0.1053,0.9711,0.04036,-0.09906,0.97927,0.39581,-0.97148,9.60334,0.0624,-0.0078,0.9321,0.02328,-0.04212,1.01005,-0.3001,-1.25884,9.83162,0.0,-0.0936,0.9828,0.02919,-0.10718,1.00112,-0.55422,-0.48915,9.85021,0.0351,-0.0546,0.9984,0.06905,-0.07751,0.9922,0.19567,-0.20653,9.77916
6.8360,-0.76738,-1.323337,-3.520614,1.339586,0.0377,-0.126546,-0.796866,9.758711,0.0117,-0.1092,0.9711,0.02914,-0.10291,0.97927,0.28578,-1.00919,9.60334,0.0624,-0.0117,0.9477,0.02328,-0.04587,1.02576,-0.33514,-1.27526,9.98525,0.0039,-0.0858,0.9789,0.03297,-0.09971,0.99719,-0.58791,-0.55663,9.79979,0.0195,-0.0468,0.9867,0.05377,-0.0699,0.98043,0.13108,-0.34639,9.64647
6.8578,0.81419,-1.610717,5.779317,1.424337,0.0382,-0.054107,-0.803937,9.724293,-0.1053,-0.1209,0.9906,-0.08306,-0.11444,0.99931,-0.81452,-1.12232,9.79993,-0.0663,-0.0078,0.9321,-0.10192,-0.04212,1.01005,-0.31372,-0.03775,9.95905,-0.1326,-0.0741,0.9555,-0.09936,-0.0885,0.9736,0.71785,-0.59129,9.59149,-0.0975,-0.0507,0.9867,-0.0608,-0.07371,0.98043,0.19396,-1.46439,9.5467
6.8797,-1.575052,-0.04815,3.678053,1.187492,0.063715,0.135842,-0.924795,9.697451,-0.0468,-0.1092,0.9555,-0.02696,-0.10291,0.96323,-0.26437,-1.00919,9.44606,-0.0156,0.0156,0.9165,-0.0526,-0.01963,0.99433,-0.08954,-0.50012,9.7534,-0.1209,-0.0702,0.9828,-0.08802,-0.08477,1.00112,0.60153,-0.67248,9.84928,-0.1014,-0.0624,1.0062,-0.06462,-0.08513,1.00005,0.29575,-1.51739,9.74107
6.9016,0.648213,0.636348,2.607953,1.285248,0.081853,0.205512,-0.71213,9.778334,-0.039,-0.1014,0.9945,-0.01948,-0.09522,1.00332,-0.19101,-0.93377,9.83925,-0.0195,0.0156,0.9126,-0.0564,-0.01963,0.99041,-0.09038,-0.45912,9.71894,-0.1326,-0.078,0.9633,-0.09936,-0.09224,0.98146,0.71479,-0.56704,9.6733,-0.0351,-0.0741,1.014,0.00031,-0.09654,1.0079,0.38865,-0.88859,9.88185
6.9234,-2.997595,1.9889,-5.975581,1.079977,0.039807,0.150831,-0.780359,9.707607,0.0819,-0.0975,0.9399,0.09646,-0.09137,0.94719,0.94597,-0.89605,9.28879,0.0975,0.0156,0.9009,0.05742,-0.01963,0.97862,-0.07929,-1.55722,9.48815,0.0,-0.078,1.0062,0.02919,-0.09224,1.02471,-0.55482,-0.66965,10.05617,0.0585,-0.0663,1.0179,0.09197,-0.08893,1.01182,0.29147,0.00149,9.99731
6.9457,0.310491,-1.088611,-4.220778,1.248759,0.021199,-0.041956,-0.794362,9.699914,0.0312,-0.1053,0.9828,0.04784,-0.09906,0.9913,0.46917,-0.97148,9.72129,0.0741,0.0,0.936,0.03466,-0.03462,1.01398,-0.22493,-1.37294,9.85762,0.0039,-0.0819,0.9633,0.03297,-0.09598,0.98146,-0.58302,-0.56894,9.64181,0.0273,-0.0507,0.9789,0.06141,-0.07371,0.97259,0.17095,-0.26409,9.57894
6.9677,-0.508061,0.07373,0.78074,1.353667,0.126191,0.014179,-0.934562,9.712732,-0.0117,-0.1131,0.9672,0.0067,-0.10675,0.97526,0.06572,-1.0469,9.56402,0.0312,-0.0195,0.9243,-0.00708,-0.05336,1.00219,-0.41453,-0.95617,9.78698,-0.0897,-0.0741,0.9672,-0.05777,-0.0885,0.98539,0.3076,-0.62115,9.69408,-0.0585,-0.0429,1.0101,-0.02261,-0.0661,1.00397,0.09792,-1.11403,9.80585
6.9896,-0.798203,-2.435223,5.743144,1.26809,0.059974,-0.006526,-0.889892,9.750941,-0.0858,-0.1131,0.9711,-0.06436,-0.10675,0.97927,-0.63113,-1.0469,9.60334,-0.0624,-0.0039,0.9477,-0.09813,-0.03837,1.02576,-0.27484,-0.09028,10.10808,-0.1287,-0.0663,0.9789,-0.09558,-0.08103,0.99719,0.67776,-0.70052,9.80768,-0.1248,-0.0507,0.9828,-0.08753,-0.07371,0.97651,0.20211,-1.72188,9.48467
7.0116,-1.289896,0.863448,3.500544,1.077357,0.08361,0.122645,-0.84452,9.759817,-0.0429,-0.0936,0.9633,-0.02322,-0.08753,0.97125,-0.22769,-0.85834,9.5247,-0.0195,0.0117,0.9126,-0.0564,-0.02338,0.99041,-0.12714,-0.45957,9.71931,-0.1209,-0.0741,0.9828,-0.08802,-0.0885,1.00112,0.6003,-0.63631,9.85491,-0.0897,-0.0585,1.0257,-0.05316,-0.08132,1.01967,0.2451,-1.42386,9.94035
7.0335,-1.565793,2.318262,-2.841883,1.143961,0.032708,0.16974,-0.69885,9.759335,0.0351,-0.0897,0.9672,0.05158,-0.08368,0.97526,0.50584,-0.82063,9.56402,0.0507,0.0195,0.8931,0.01189,-0.01588,0.97076,-0.04834,-1.10476,9.45749,-0.0429,-0.0858,0.9945,-0.0124,-0.09971,1.01292,-0.14702,-0.56743,9.96486,0.0273,-0.0741,1.0257,0.06141,-0.09654,1.01967,0.36848,-0.30258,10.05097
7.0553,-1.679273,0.154178,-5.845895,1.172024,0.059585,0.099208,-0.75057,9.740007,0.0741,-0.0936,0.9555,0.08898,-0.08753,0.96323,0.87261,-0.85834,9.44606,0.0936,0.0078,0.9321,0.05363,-0.02712,1.01005,-0.14978,-1.55306,9.79927,0.0039,-0.0858,0.9867,0.03297,-0.09971,1.00505,-0.58974,-0.56856,9.87596,0.0546,-0.0624,1.0023,0.08815,-0.08513,0.99613,0.26374,-0.02231,9.83874
7.0774,0.32422,-0.685681,-2.744929,1.279477,0.044399,-0.097954,-0.825964,9.736772,0.0117,-0.1092,0.9828,0.02914,-0.10291,0.9913,0.28578,-1.00919,9.72129,0.0507,-0.0078,0.936,0.01189,-0.04212,1.01398,-0.30091,-1.15182,9.88152,-0.0039,-0.078,0.9633,0.02541,-0.09224,0.98146,-0.5077,-0.60294,9.63829,0.0,-0.0468,0.9945,0.03468,-0.0699,0.98828,0.13102,-0.53991,9.70599
7.0993,-0.2345,-2.228265,-1.002401,1.312383,0.055281,-0.093515,-0.925317,9.778929,-0.0078,-0.1209,0.9789,0.01044,-0.11444,0.98729,0.1024,-1.12232,9.68197,0.0312,-0.0117,0.9594,-0.00708,-0.04587,1.03755,-0.33716,-0.99122,10.13109,-0.0273,-0.0663,0.975,0.00272,-0.08103,0.99326,-0.28451,-0.72284,9.742,-0.0351,-0.0468,0.9828,0.00031,-0.0699,0.97651,0.1452,-0.8649,9.56065
7.1212,1.258999,-0.485534,8.970693,1.308693,0.041028,-0.062985,-0.846585,9.730491,-0.1404,-0.1131,0.9984,-0.11672,-0.10675,1.00733,-1.14461,-1.0469,9.87856,-0.1053,-0.0039,0.9126,-0.13986,-0.03837,0.99041,-0.28324,0.3527,9.80572,-0.1638,-0.0702,0.9516,-0.1296,-0.08477,0.96966,1.01635,-0.6128,9.55626,-0.1599,-0.0468,1.0062,-0.12191,-0.0699,1.00005,0.15955,-2.07934,9.68142
7.1431,-2.569533,-0.310146,4.089089,1.034329,0.104874,0.188373,-0.725154,9.722206,-0.0351,-0.078,0.9477,-0.01574,-0.07215,0.95521,-0.15434,-0.7075,9.36743,-0.0507,0.0195,0.9165,-0.08675,-0.01588,0.99433,-0.0565,-0.16665,9.78778,-0.1248,-0.0858,0.9984,-0.0918,-0.09971,1.01685,0.63002,-0.55055,10.02523,-0.0975,-0.0663,1.0023,-0.0608,-0.08893,0.99613,0.33431,-1.47591,9.70839
7.1649,-1.049144,1.827675,-1.18769,1.060419,0.108679,0.159929,-0.540106,9.782308,0.0351,-0.0663,0.975,0.05158,-0.06061,0.98328,0.50584,-0.59437,9.64265,-0.0078,0.0195,0.897,-0.04501,-0.01588,0.97469,-0.05411,-0.55371,9.55373,-0.0429,-0.1014,0.9867,-0.0124,-0.11465,1.00505,-0.15009,-0.4108,9.91124,-0.0039,-0.0702,1.0257,0.03086,-0.09274,1.01967,0.33806,-0.60154,10.02161
7.1868,-1.681195,0.784603,-7.70607,1.017156,0.063522,0.060192,-0.732478,9.726853,0.0897,-0.0819,0.9594,0.10394,-0.07599,0.96724,1.01932,-0.74521,9.48538,0.1248,0.0156,0.9204,0.08398,-0.01963,0.99826,-0.07426,-1.83621,9.6527,0.039,-0.0936,0.9906,0.067,-0.10718,1.00899,-0.92651,-0.51196,9.91577,0.0741,-0.0585,1.0023,0.10724,-0.08132,0.99613,0.22221,0.16347,9.85356
7.2089,1.896633,-1.487522,-3.855353,1.219942,0.02275,-0.121872,-0.823277,9.677323,0.0234,-0.1131,1.0023,0.04036,-0.10675,1.01134,0.39581,-1.0469,9.91788,0.0624,-0.0078,0.936,0.02328,-0.04212,1.01398,-0.29967,-1.26283,9.86994,0.0117,-0.0702,0.9438,0.04053,-0.08477,0.9618,-0.64886,-0.64982,9.43234,0.0195,-0.039,0.9711,0.05377,-0.06229,0.96474,0.06523,-0.33356,9.48913
7.2308,0.507229,-1.107413,0.876943,1.329983,0.076592,-0.122137,-0.879721,9.747372,-0.0312,-0.1248,0.9906,-0.012,-0.11829,0.99931,-0.11766,-1.16003,9.79993,-0.0078,-0.0117,0.9321,-0.04501,-0.04587,1.01005,-0.34429,-0.59324,9.90149,-0.0429,-0.0663,0.9672,-0.0124,-0.08103,0.98539,-0.13449,-0.70655,9.67008,-0.0546,-0.0429,0.9906,-0.01879,-0.0661,0.98436,0.10789,-1.05907,9.61799
7.2527,0.980622,-0.788836,8.800929,1.330838,0.051342,0.030696,-0.933275,9.772671,-0.1404,-0.117,0.9984,-0.11672,-0.1106,1.00733,-1.14461,-1.08461,9.87856,-0.078,0.0,0.9243,-0.11331,-0.03462,1.00219,-0.24231,0.08214,9.89327,-0.1872,-0.0624,0.9594,-0.15229,-0.0773,0.97753,1.23924,-0.69055,9.62752,-0.156,-0.0585,1.0062,-0.11809,-0.08132,1.00005,0.27046,-2.04008,9.69133
7.2746,-2.752758,1.265981,4.154619,1.054094,0.030576,0.20165,-0.660338,9.740581,-0.0468,-0.0858,0.9477,-0.02696,-0.07984,0.95521,-0.26437,-0.78292,9.36743,-0.0546,0.0273,0.897,-0.09054,-0.00838,0.97469,0.01445,-0.10878,9.59934,-0.1365,-0.0897,1.0023,-0.10314,-0.10345,1.02078,0.73901,-0.51708,10.07213,-0.0702,-0.0663,1.0218,-0.03407,-0.08893,1.01574,0.3175,-1.23257,9.92343
7.2966,-1.418484,1.294625,0.368204,1.041531,0.098951,0.209087,-0.612174,9.77822,-0.0078,-0.0663,0.9672,0.01044,-0.06061,0.97526,0.1024,-0.59437,9.56402,0.0156,0.0234,0.9087,-0.02225,-0.01213,0.98648,-0.01359,-0.78726,9.64514,-0.1014,-0.1014,0.9867,-0.06911,-0.11465,1.00505,0.40559,-0.39448,9.92715,-0.0117,-0.0702,1.0218,0.02322,-0.09274,1.01574,0.34194,-0.67258,9.97657
7.3184,-0.334746,0.122093,-6.059141,1.050001,0.03574,-0.030383,-0.681668,9.752814,0.0624,-0.0858,0.9789,0.07776,-0.07984,0.98729,0.76258,-0.78292,9.68197,0.0897,0.0039,0.9282,0.04983,-0.03087,1.00612,-0.18738,-1.51252,9.76518,0.0234,-0.0936,0.975,0.05187,-0.10718,0.99326,-0.77466,-0.48375,9.76767,0.0624,-0.0429,0.9984,0.09578,-0.0661,0.9922,0.07793,0.05252,9.79644
7.3403,0.391827,-1.681245,-6.202631,1.14432,0.038386,-0.161321,-0.865236,9.716583,0.0468,-0.1092,0.9828,0.0628,-0.10291,0.9913,0.61587,-1.00919,9.72129,0.1092,-0.0117,0.9516,0.0688,-0.04587,1.02969,-0.32976,-1.72328,9.97723,0.039,-0.0741,0.9633,0.067,-0.0885,0.98146,-0.91398,-0.65108,9.62098,0.0468,-0.0312,0.975,0.08051,-0.05468,0.96866,-0.01742,-0.07739,9.54683
7.3622,1.815666,-2.339068,2.995715,1.403977,0.094988,-0.11452,-0.988326,9.710808,-0.078,-0.1209,0.9984,-0.05688,-0.11444,1.00733,-0.55778,-1.12232,9.87856,0.0117,-0.0234,0.9516,-0.02605,-0.05711,1.02969,-0.45034,-0.79956,10.07486,-0.1014,-0.0624,0.9399,-0.06911,-0.0773,0.95787,0.42882,-0.68466,9.41375,-0.0858,-0.0429,0.9789,-0.04934,-0.0661,0.97259,0.12122,-1.34677,9.47606
7.3841,0.045415,-0.102983,7.308413,1.281684,0.041738,0.063242,-0.863242,9.757354,-0.1053,-0.1131,0.9828,-0.08306,-0.10675,0.9913,-0.81452,-1.0469,9.72129,-0.0741,0.0039,0.9165,-0.10951,-0.03087,0.99433,-0.206,0.05358,9.81241,-0.1677,-0.0702,0.9672,-0.13338,-0.08477,0.98539,1.04973,-0.63557,9.70966,-0.1326,-0.0546,1.014,-0.09517,-0.07751,1.0079,0.22375,-1.82408,9.78605
7.4060,-2.023462,0.97315,5.9531,1.141804,0.045035,0.240515,-0.667415,9.782111,-0.0702,-0.0819,0.9594,-0.0494,-0.07599,0.96724,-0.48443,-0.74521,9.48538,-0.0741,0.0273,0.9048,-0.10951,-0.00838,0.98255,0.01325,0.06825,9.69527,-0.1638,-0.0897,0.9945,-0.1296,-0.10345,1.01292,1.00016,-0.49754,10.00339,-0.0975,-0.078,1.0257,-0.0608,-0.10035,1.01967,0.43308,-1.49515,9.9444
7.4279,-2.167617,2.032786,-1.118924,0.974381,0.080162,0.148221,-0.469636,9.767856,0.0195,-0.0585,0.9516,0.03662,-0.05292,0.95922,0.35914,-0.51895,9.40675,-0.0078,0.0273,0.9009,-0.04501,-0.00838,0.97862,0.01983,-0.55681,9.59132,-0.0468,-0.1092,0.9906,-0.01618,-0.12212,1.00899,-0.1164,-0.34333,9.96166,0.0117,-0.0702,1.0335,0.04614,-0.09274,1.02751,0.33032,-0.45946,10.11171
7.4497,-1.728079,-0.538285,-5.805645,0.879502,0.055087,-0.021551,-0.622567,9.745536,0.0663,-0.0741,0.9594,0.0815,-0.0683,0.96724,0.79926,-0.66979,9.48538,0.078,0.0039,0.936,0.03845,-0.03087,1.01398,-0.18776,-1.4095,9.8534,0.0156,-0.0975,0.9906,0.04431,-0.11092,1.00899,-0.70546,-0.46926,9.92777,0.0624,-0.0351,0.9906,0.09578,-0.05849,0.98436,0.00775,0.05828,9.7156
7.4716,0.684602,-1.55334,-5.536183,1.149059,0.088862,-0.207229,-0.846344,9.716551,0.0468,-0.0975,0.9867,0.0628,-0.09137,0.99531,0.61587,-0.89605,9.76061,0.0897,-0.0195,0.9477,0.04983,-0.05336,1.02576,-0.40576,-1.53517,9.95895,0.0507,-0.078,0.9594,0.07834,-0.09224,0.97753,-1.02542,-0.6122,9.58535,0.0195,-0.0312,0.9789,0.05377,-0.05468,0.97259,-0.0136,-0.34195,9.56129
7.4935,1.608671,-1.505131,-2.189572,1.245067,0.042276,-0.167706,-0.895565,9.740664,-0.0078,-0.1209,1.0023,0.01044,-0.11444,1.01134,0.1024,-1.12232,9.91788,0.0468,-0.0078,0.9438,0.0081,-0.04212,1.02183,-0.30047,-1.12281,9.96201,0.0,-0.0663,0.9516,0.02919,-0.08103,0.96966,-0.53833,-0.69466,9.50606,-0.0117,-0.039,0.9828,0.02322,-0.06229,0.97651,0.06557,-0.64248,9.5767
7.5153,1.216259,0.214618,7.756658,1.32657,0.064103,0.072335,-0.800229,9.764338,-0.117,-0.1053,0.9984,-0.09428,-0.09906,1.00733,-0.92455,-0.97148,9.87856,-0.078,0.0,0.9126,-0.11331,-0.03462,0.99041,-0.24359,0.09412,9.77832,-0.1833,-0.0741,0.9516,-0.14851,-0.0885,0.96966,1.20035,-0.57118,9.5672,-0.1248,-0.0585,1.0179,-0.08753,-0.08132,1.01182,0.25712,-1.75238,9.83327
7.5373,-3.706096,0.766292,7.39801,1.034978,0.087392,0.26916,-0.689425,9.731008,-0.078,-0.078,0.9321,-0.05688,-0.07215,0.93917,-0.55778,-0.7075,9.21015,-0.0975,0.0351,0.9009,-0.13228,-0.00089,0.97862,0.08386,0.29515,9.6794,-0.1755,-0.0897,1.0101,-0.14095,-0.10345,1.02865,1.10763,-0.51813,10.15891,-0.1326,-0.078,1.0218,-0.09517,-0.10035,1.01574,0.44293,-1.82722,9.87557
7.5591,-0.98652,1.350427,0.23081,0.975219,0.060298,0.170778,-0.459495,9.750934,0.0,-0.0507,0.9711,0.01792,-0.04523,0.97927,0.17575,-0.44353,9.60334,-0.0156,0.0234,0.9009,-0.0526,-0.01213,0.97862,-0.01775,-0.48325,9.5994,-0.078,-0.1092,0.9789,-0.04643,-0.12212,0.99719,0.18271,-0.31673,9.85589,-0.0039,-0.0702,1.0179,0.03086,-0.09274,1.01182,0.3424,-0.59447,9.94511
7.5810,-3.815588,0.150386,-6.807567,0.972246,0.08294,-0.034481,-0.646904,9.779988,0.078,-0.0702,0.9321,0.09272,-0.06445,0.93917,0.90929,-0.63208,9.21015,0.0897,0.0,0.936,0.04983,-0.03462,1.01398,-0.22327,-1.52095,9.84218,0.0429,-0.0975,1.0179,0.07078,-0.11092,1.03651,-0.97119,-0.51863,10.18694,0.0663,-0.0507,1.0062,0.0996,-0.07371,1.00005,0.14725,0.08405,9.88068
7.6028,0.791931,-1.563031,-3.577448,1.160586,0.103256,-0.207361,-0.877462,9.77444,0.0195,-0.1014,0.9867,0.03662,-0.09522,0.99531,0.35914,-0.93377,9.76061,0.0741,-0.0234,0.9594,0.03466,-0.05711,1.03755,-0.44288,-1.39959,10.08971,0.0117,-0.078,0.9555,0.04053,-0.09224,0.9736,-0.65405,-0.59536,9.55787,-0.0039,-0.0234,0.9945,0.03086,-0.04707,0.98828,-0.09164,-0.58113,9.68957
7.6246,0.701591,-2.450846,-1.947368,1.269343,0.04917,-0.210353,-0.952802,9.695059,-0.0117,-0.117,0.9906,0.0067,-0.1106,0.99931,0.06572,-1.08461,9.79993,0.0546,-0.0195,0.9477,0.01569,-0.05336,1.02576,-0.40948,-1.20215,9.9937,0.0,-0.0663,0.9633,0.02919,-0.08103,0.98146,-0.54108,-0.71255,9.62032,-0.0312,-0.0351,0.9633,0.00413,-0.05849,0.95689,0.04342,-0.8119,9.36629
7.6465,1.797577,0.10859,6.319644,1.294427,0.094827,0.045985,-0.993181,9.821035,-0.0858,-0.117,1.0062,-0.06436,-0.1106,1.01535,-0.63113,-1.08461,9.9572,-0.0468,-0.0039,0.9282,-0.08295,-0.03837,1.00612,-0.27533,-0.21832,9.90106,-0.1482,-0.0585,0.9477,-0.11448,-0.07356,0.96573,0.87276,-0.71971,9.49702,-0.1443,-0.0546,1.0296,-0.10663,-0.07751,1.02359,0.21765,-1.95009,9.92886
7.6683,-2.325865,1.137525,5.321201,1.015806,0.103944,0.350478,-0.596789,9.718554,-0.0312,-0.0741,0.9477,-0.012,-0.0683,0.95521,-0.11766,-0.66979,9.36743,-0.0819,0.0273,0.897,-0.1171,-0.00838,0.97469,0.01157,0.15024,9.62637,-0.1755,-0.0858,0.9906,-0.14095,-0.09971,1.00899,1.11344,-0.52448,9.96285,-0.0819,-0.0741,1.0218,-0.04552,-0.09654,1.01574,0.39457,-1.34312,9.91757
7.6902,-1.934375,2.629857,2.891926,0.990562,0.064273,0.138462,-0.412712,9.835519,-0.0429,-0.0507,0.9633,-0.02322,-0.04523,0.97125,-0.22769,-0.44353,9.5247,-0.0546,0.0156,0.8931,-0.09054,-0.01963,0.97076,-0.09624,-0.10613,9.56212,-0.1209,-0.1092,0.9945,-0.08802,-0.12212,1.01292,0.58654,-0.32863,10.0199,-0.0195,-0.0663,1.0491,0.01558,-0.08893,1.04321,0.29124,-0.77256,10.23536
7.7120,-3.043553,-0.598498,-5.525905,0.694574,0.113854,-0.068092,-0.691857,9.802596,0.0546,-0.0624,0.9438,0.07028,-0.05676,0.9512,0.68923,-0.55666,9.32811,0.0819,0.0078,0.9477,0.04225,-0.02712,1.02576,-0.1493,-1.45803,9.96412,0.0351,-0.0936,1.0101,0.06321,-0.10718,1.02865,-0.89404,-0.5407,10.10726,0.0351,-0.0429,1.0023,0.06905,-0.0661,0.99613,0.08174,-0.21204,9.8109
7.7339,1.154947,-1.369372,-6.192154,0.969414,0.075275,-0.256245,-0.666712,9.740155,0.0312,-0.0897,0.9984,0.04784,-0.08368,1.00733,0.46917,-0.82063,9.87856,0.0858,-0.0234,0.9438,0.04604,-0.05711,1.02183,-0.44336,-1.49462,9.92486,0.039,-0.0741,0.9594,0.067,-0.0885,0.97753,-0.91306,-0.64512,9.5829,0.0858,-0.0195,0.975,0.1187,-0.04326,0.96866,-0.13772,0.29353,9.5743
7.7557,1.063269,-2.356813,-5.501094,1.222438,0.038615,-0.157021,-0.974727,9.72785,0.039,-0.117,0.9945,0.05532,-0.1106,1.00332,0.54252,-1.08461,9.83925,0.1092,-0.0156,0.9594,0.0688,-0.04962,1.03755,-0.36566,-1.73172,10.05422,0.0351,-0.0624,0.9594,0.06321,-0.0773,0.97753,-0.87235,-0.75255,9.56705,0.0195,-0.039,0.9672,0.05377,-0.06229,0.96082,0.0674,-0.33003,9.45088
7.7776,1.725415,0.88763,4.606257,1.423462,0.069004,0.080003,-0.86464,9.737044,-0.0585,-0.1131,1.0023,-0.03818,-0.10675,1.01134,-0.3744,-1.0469,9.91788,-0.039,-0.0039,0.9048,-0.07537,-0.03837,0.98255,-0.27708,-0.26836,9.66344,-0.1287,-0.0741,0.9438,-0.09558,-0.0885,0.9618,0.68355,-0.57448,9.47618,-0.1053,-0.0624,1.0218,-0.06844,-0.08513,1.01574,0.28794,-1.56882,9.89068
7.7994,-1.07934,0.986086,7.77947,1.142973,0.032756,0.215778,-0.70477,9.752831,-0.1053,-0.0936,0.9711,-0.08306,-0.08753,0.97927,-0.81452,-0.85834,9.60334,-0.0936,0.0273,0.897,-0.12848,-0.00838,0.97469,0.01033,0.26125,9.63795,-0.1911,-0.078,0.9828,-0.15607,-0.09224,1.00112,1.2659,-0.58055,9.87965,-0.1131,-0.0741,1.0218,-0.07608,-0.09654,1.01574,0.40141,-1.64143,9.89039
7.8212,-3.022131,1.734229,7.000468,0.956245,0.056687,0.235984,-0.472561,9.758774,-0.078,-0.0624,0.9438,-0.05688,-0.05676,0.9512,-0.55778,-0.55666,9.32811,-0.1131,0.0273,0.8892,-0.14745,-0.00838,0.96683,0.00741,0.45425,9.58063,-0.1833,-0.1014,1.0023,-0.14851,-0.11465,1.02078,1.17989,-0.3955,10.10177,-0.0858,-0.0663,1.0335,-0.04934,-0.08893,1.02751,0.31442,-1.39233,10.02459
7.8431,-2.444484,0.278871,-2.354834,0.859981,0.106244,0.096146,-0.460608,9.724917,0.0468,-0.0546,0.9438,0.0628,-0.04907,0.9512,0.61587,-0.48124,9.32811,0.0039,0.0078,0.9204,-0.03363,-0.02712,0.99826,-0.16056,-0.69002,9.77313,-0.039,-0.1053,0.9906,-0.00862,-0.11839,1.00899,-0.18927,-0.38168,9.9539,0.0273,-0.0468,1.0062,0.06141,-0.0699,1.00005,0.11854,-0.28949,9.84453
7.8649,-0.703875,-2.011688,-6.023846,0.959952,0.055418,-0.322036,-0.711008,9.794052,0.0156,-0.0936,0.9789,0.03288,-0.08753,0.98729,0.32246,-0.85834,9.68197,0.0897,-0.0156,0.9594,0.04983,-0.04962,1.03755,-0.36772,-1.54671,10.07353,0.0546,-0.0858,0.9867,0.08212,-0.09971,1.00505,-1.07133,-0.5827,9.86216,0.0702,-0.0156,0.975,0.10342,-0.03946,0.96866,-0.17156,0.14372,9.55854
7.8868,2.241733,-2.083157,-4.388555,1.248046,0.030936,-0.268026,-0.86338,9.689552,0.0195,-0.1131,1.0062,0.03662,-0.10675,1.01535,0.35914,-1.0469,9.9572,0.0741,-0.0312,0.9477,0.03466,-0.06461,1.02576,-0.51768,-1.38851,9.97549,0.0312,-0.0663,0.9399,0.05943,-0.08103,0.95787,-0.83195,-0.68547,9.38332,0.0195,-0.0234,0.9672,0.05377,-0.04707,0.96082,-0.08161,-0.33265,9.4422
7.9086,0.480397,-0.873483,-1.592564,1.28771,0.079042,-0.040911,-0.920746,9.788211,0.0,-0.1131,0.9867,0.01792,-0.10675,0.99531,0.17575,-1.0469,9.76061,0.0585,-0.0117,0.9477,0.01948,-0.04587,1.02576,-0.33555,-1.23826,9.98911,-0.0429,-0.0702,0.9633,-0.0124,-0.08477,0.98146,-0.1348,-0.66441,9.63763,-0.0195,-0.0468,1.0023,0.01558,-0.0699,0.99613,0.13096,-0.73342,9.7655
7.9305,0.721349,2.45528,2.702437,1.221664,0.058025,0.209509,-0.587877,9.748387,-0.0195,-0.0819,0.9945,-0.00078,-0.07599,1.00332,-0.00763,-0.74521,9.83925,-0.0429,0.0156,0.8814,-0.07916,-0.01963,0.95898,-0.09629,-0.20516,9.43558,-0.1209,-0.0936,0.9594,-0.08802,-0.10718,0.97753,0.59968,-0.41964,9.65458,-0.0429,-0.0702,1.0335,-0.00733,-0.09274,1.02751,0.34228,-0.9815,10.06414
7.9523,-3.462384,1.647465,9.325762,0.966387,0.070426,0.210986,-0.614498,9.767713,-0.1092,-0.0741,0.9399,-0.0868,-0.0683,0.94719,-0.85119,-0.66979,9.28879,-0.1248,0.0234,0.8892,-0.15883,-0.01213,0.96683,-0.03059,0.56481,9.59258,-0.2145,-0.0936,1.0101,-0.17875,-0.10718,1.02865,1.47687,-0.47108,10.17516,-0.1365,-0.0585,1.0374,-0.09899,-0.08132,1.03144,0.24886,-1.88192,10.01433
7.9743,-3.289155,-0.082096,5.451836,0.939571,0.072536,-0.055333,-0.535096,9.736011,-0.1053,-0.0585,0.936,-0.08306,-0.05292,0.94318,-0.81452,-0.51895,9.24947,-0.0741,0.0078,0.9165,-0.10951,-0.02712,0.99433,-0.16924,0.05402,9.81205,-0.1248,-0.1053,1.0023,-0.0918,-0.11839,1.02078,0.62298,-0.37564,10.0915,-0.078,-0.0468,1.0101,-0.0417,-0.0699,1.00397,0.13944,-1.29982,9.79103
7.9962,-1.460171,-0.764341,-2.478003,0.542942,0.064812,-0.251106,-0.529653,9.759228,-0.0117,-0.0507,0.9633,0.0067,-0.04523,0.97125,0.06572,-0.44353,9.5247,0.0273,-0.0078,0.936,-0.01087,-0.04212,1.01398,-0.30339,-0.92981,9.90469,0.0039,-0.1014,0.9867,0.03297,-0.11465,1.00505,-0.59463,-0.42385,9.8985,0.0234,-0.0156,0.9945,0.05759,-0.03946,0.98828,-0.17213,-0.32142,9.70902
8.0181,-1.05513,-2.422891,-8.786165,0.657185,0.052084,-0.219825,-0.838938,9.824338,0.0858,-0.0897,0.9789,0.1002,-0.08368,0.98729,0.98264,-0.82063,9.68197,0.1365,-0.0117,0.9711,0.09536,-0.04587,1.04933,-0.32473,-2.00227,10.14178,0.0819,-0.0741,0.9984,0.10858,-0.0885,1.01685,-1.32972,-0.71673,9.95209,0.0741,-0.0117,0.9711,0.10724,-0.03565,0.96474,-0.2075,0.18388,9.52152
8.0400,3.714268,0.425828,-3.460837,1.174832,0.080885,-0.189574,-0.886206,9.737637,0.0078,-0.1092,1.0218,0.0254,-0.10291,1.03139,0.24911,-1.00919,10.11447,0.0741,-0.0078,0.9282,0.03466,-0.04212,1.00612,-0.29929,-1.36585,9.78172,0.0195,-0.0702,0.9165,0.04809,-0.08477,0.93428,-0.71654,-0.61024,9.16362,0.0,-0.0351,1.014,0.03468,-0.05849,1.0079,0.00843,-0.55955,9.89073
8.0618,-0.953542,0.297029,-4.369183,1.126099,0.056531,0.13012,-0.887625,9.767974,0.0624,-0.1053,0.9711,0.07776,-0.09906,0.97927,0.76258,-0.97148,9.60334,0.0819,0.0078,0.9282,0.04225,-0.02712,1.00612,-0.15145,-1.43806,9.77254,-0.0156,-0.0624,0.9867,0.01406,-0.0773,1.00505,-0.39717,-0.78017,9.84744,0.0195,-0.0663,1.0062,0.05377,-0.08893,1.00005,0.30651,-0.36079,9.84858
8.0837,2.152608,3.417096,3.485045,1.26393,0.080963,0.025515,-0.746809,9.791369,-0.0624,-0.0936,1.0101,-0.04192,-0.08753,1.01936,-0.41107,-0.85834,9.99652,-0.0312,0.0117,0.8814,-0.06778,-0.02338,0.95898,-0.13181,-0.31661,9.42437,-0.0936,-0.0858,0.9399,-0.06155,-0.09971,0.95787,0.34739,-0.46978,9.44545,-0.078,-0.0663,1.0608,-0.0417,-0.08893,1.05498,0.29756,-1.3425,10.29914
8.1055,-5.062129,-1.383438,7.495769,1.083286,0.067727,0.013743,-0.632943,9.703751,-0.117,-0.078,0.9126,-0.09428,-0.07215,0.91913,-0.92455,-0.7075,9.01356,-0.1092,0.0117,0.9243,-0.14366,-0.02338,1.00219,-0.13534,0.37951,9.92307,-0.1482,-0.0936,1.0257,-0.11448,-0.10718,1.04438,0.84343,-0.51343,10.30947,-0.1209,-0.0585,0.9906,-0.08371,-0.08132,0.98436,0.27143,-1.69035,9.56891
8.1274,-0.421691,-1.488825,2.055044,0.73975,0.059903,-0.158159,-0.365772,9.822688,-0.0624,-0.0468,0.9789,-0.04192,-0.04138,0.98729,-0.41107,-0.40582,9.68197,-0.0546,0.0,0.9477,-0.09054,-0.03462,1.02576,-0.23725,-0.16383,10.1,-0.0741,-0.117,0.9711,-0.04265,-0.12959,0.98933,0.14504,-0.23354,9.78993,-0.0117,-0.0195,0.9984,0.02322,-0.04326,0.9922,-0.12935,-0.6599,9.71886
8.1493,-3.25868,-3.317485,1.025487,0.417806,0.122187,-0.334693,-0.74318,9.75153,-0.0819,-0.0663,0.936,-0.06062,-0.06061,0.94318,-0.59446,-0.59437,9.24947,0.0156,-0.0078,0.9711,-0.02225,-0.04212,1.04933,-0.30076,-0.85474,10.26111,-0.039,-0.0897,1.0062,-0.00862,-0.10345,1.02471,-0.18804,-0.55024,10.08369,-0.0468,-0.0039,0.9711,-0.01115,-0.02804,0.96474,-0.25552,-0.97337,9.41184
8.1711,-0.271996,-0.035763,-6.842388,0.80442,0.049944,-0.146484,-0.63735,9.545978,0.0663,-0.0741,0.9672,0.0815,-0.0683,0.97526,0.79926,-0.66979,9.56402,0.0897,-0.0039,0.9009,0.04983,-0.03837,0.97862,-0.26389,-1.48546,9.4977,0.0546,-0.0858,0.9633,0.08212,-0.09971,0.98146,-1.06583,-0.54691,9.63365,0.0702,-0.0273,0.9672,0.10342,-0.05087,0.96082,-0.05547,0.15275,9.48855
8.1929,0.555581,0.782513,-5.04896,1.033593,0.074029,0.057423,-0.872744,9.659037,0.0663,-0.1014,0.975,0.0815,-0.09522,0.98328,0.79926,-0.93377,9.64265,0.0936,0.0039,0.9165,0.05363,-0.03087,0.99433,-0.18825,-1.53754,9.64637,0.0,-0.0624,0.9516,0.02919,-0.0773,0.96966,-0.53711,-0.73083,9.50043,0.0273,-0.0507,1.0062,0.06141,-0.07371,1.00005,0.15579,-0.28884,9.8467
8.2150,2.23612,0.597412,-4.488063,1.129801,0.046155,0.057247,-0.847489,9.801878,0.0468,-0.1053,1.0218,0.0628,-0.09906,1.03139,0.61587,-0.97148,10.11447,0.078,0.0156,0.9204,0.03845,-0.01963,0.99826,-0.07921,-1.39218,9.69904,0.0078,-0.0663,0.9555,0.03675,-0.08103,0.9736,-0.61334,-0.7028,9.54203,0.0234,-0.0663,1.0062,0.05759,-0.08893,1.00005,0.30566,-0.3235,9.85198
8.2368,0.633772,1.713378,6.745614,1.250645,0.063918,-0.088534,-0.803825,9.719434,-0.117,-0.1014,0.9828,-0.09428,-0.09522,0.9913,-0.92455,-0.93377,9.72129,-0.0702,-0.0039,0.8931,-0.10572,-0.03837,0.97076,-0.28167,0.03964,9.57939,-0.1326,-0.078,0.9516,-0.09936,-0.09224,0.96966,0.71754,-0.54915,9.55905,-0.1248,-0.0468,1.0374,-0.08753,-0.0699,1.03144,0.13454,-1.77203,10.01801
8.2587,-2.870555,-3.205813,4.806755,0.832737,0.047348,-0.010831,-0.63051,9.775839,-0.0819,-0.0741,0.9516,-0.06062,-0.0683,0.95922,-0.59446,-0.66979,9.40675,-0.0663,0.0039,0.9555,-0.10192,-0.03087,1.03362,-0.20088,-0.06037,10.18785,-0.1326,-0.0858,1.0101,-0.09936,-0.09971,1.02865,0.70136,-0.56627,10.14161,-0.0741,-0.0351,0.9672,-0.03788,-0.05849,0.96082,0.05065,-1.22561,9.36716
8.2806,-2.085825,1.192971,5.235863,0.730212,0.062733,-0.244523,-0.391784,9.733515,-0.1131,-0.0468,0.9477,-0.09054,-0.04138,0.95521,-0.88787,-0.40582,9.36743,-0.0936,-0.0117,0.9009,-0.12848,-0.04587,0.97862,-0.3568,0.25277,9.67992,-0.1053,-0.1092,0.9828,-0.07289,-0.12212,1.00112,0.44111,-0.31508,9.9014,-0.0546,-0.0156,1.0296,-0.01879,-0.03946,1.02359,-0.17453,-1.09901,9.98532
8.3025,-2.741193,-3.108893,-3.825991,0.502125,0.090189,-0.219462,-0.576521,9.763492,0.0156,-0.0585,0.9477,0.03288,-0.05292,0.95521,0.32246,-0.51895,9.36743,0.0312,0.0,0.9672,-0.00708,-0.03462,1.04541,-0.22603,-0.99786,10.20662,0.0351,-0.0936,1.0062,0.06321,-0.10718,1.02471,-0.89312,-0.53473,10.06917,0.0273,-0.0234,0.9633,0.06141,-0.04707,0.95689,-0.08116,-0.25454,9.41075
8.3244,1.360904,1.660772,-5.164167,0.903758,0.067626,-0.067406,-0.687575,9.710501,0.0507,-0.0741,0.9945,0.06654,-0.0683,1.00332,0.65255,-0.66979,9.83925,0.0819,0.0,0.9048,0.04225,-0.03462,0.98255,-0.22753,-1.415,9.54337,0.0195,-0.0858,0.9477,0.04809,-0.09971,0.96573,-0.72876,-0.51326,9.49085,0.0429,-0.039,1.0179,0.07669,-0.06229,1.01182,0.03412,-0.15226,9.96853
8.3462,0.888291,0.348501,-6.38322,1.155795,0.057958,0.058716,-0.949712,9.691814,0.078,-0.1092,0.9867,0.09272,-0.10291,0.99531,0.90929,-1.00919,9.76061,0.1248,0.0039,0.9243,0.08398,-0.03087,1.00219,-0.18409,-1.84155,9.69211,0.0195,-0.0624,0.9555,0.04809,-0.0773,0.9736,-0.72325,-0.74224,9.53321,0.0351,-0.0585,0.9984,0.06905,-0.08132,0.9922,0.23292,-0.20588,9.78133
8.3681,1.858037,1.499484,-3.063095,1.17388,0.050002,-0.082364,-0.854029,9.732631,0.0117,-0.1053,1.0023,0.02914,-0.09906,1.01134,0.28578,-0.97148,9.91788,0.0702,0.0,0.9087,0.03086,-0.03462,0.98648,-0.22834,-1.30798,9.59327,-0.0039,-0.0741,0.9438,0.02541,-0.0885,0.9618,-0.5019,-0.60929,9.44222,0.0039,-0.0468,1.0218,0.0385,-0.0699,1.01574,0.11501,-0.52737,9.97714
8.3899,-0.271711,-1.272411,3.237312,1.210089,0.052778,-0.152863,-0.641548,9.787058,-0.0819,-0.0897,0.9789,-0.06062,-0.08368,0.98729,-0.59446,-0.82063,9.68197,-0.0507,-0.0078,0.9399,-0.08675,-0.04212,1.01791,-0.31121,-0.19375,10.02023,-0.078,-0.0897,0.9711,-0.04643,-0.10345,0.98933,0.19066,-0.48568,9.75153,-0.0546,-0.0429,0.9984,-0.01879,-0.0661,0.9922,0.10356,-1.06614,9.6945
8.4122,-2.220458,-1.660992,10.255511,1.002017,0.042204,-0.177991,-0.576909,9.757316,-0.1794,-0.0741,0.9516,-0.15412,-0.0683,0.95922,-1.51137,-0.66979,9.40675,-0.1443,-0.0078,0.9321,-0.1778,-0.04212,1.01005,-0.32197,0.70231,10.03627,-0.1794,-0.0936,0.9906,-0.14473,-0.10718,1.00899,1.14803,-0.45104,9.97518,-0.1404,-0.0273,0.9984,-0.10281,-0.05087,0.9922,-0.02665,-1.88911,9.61106
8.4361,-1.737833,-0.909126,1.055004,0.795132,0.055026,-0.168665,-0.339342,9.765233,-0.0585,-0.0429,0.9594,-0.03818,-0.03754,0.96724,-0.3744,-0.36811,9.48538,-0.0468,0.0,0.9321,-0.08295,-0.03462,1.01005,-0.23815,-0.22186,9.93901,-0.0507,-0.1131,0.9867,-0.01996,-0.12586,1.00505,-0.07967,-0.3001,9.93027,0.0078,-0.0351,0.9945,0.04232,-0.05849,0.98828,0.01755,-0.4673,9.70627
8.4600,-4.274341,0.483396,-5.133394,0.842604,0.064269,-0.127951,-0.534408,9.771223,0.0273,-0.0663,0.9321,0.0441,-0.06061,0.93917,0.43249,-0.59437,9.21015,0.0546,0.0039,0.9204,0.01569,-0.03087,0.99826,-0.19195,-1.17151,9.7233,0.0312,-0.0975,1.0296,0.05943,-0.11092,1.04831,-0.8628,-0.53326,10.30439,0.0741,-0.0468,1.0023,0.10724,-0.0699,0.99613,0.11045,0.1615,9.84705
8.4839,3.589824,0.856481,-6.078723,1.239686,0.040366,-0.131716,-0.54821,9.71987,0.0468,-0.0897,1.0257,0.0628,-0.08368,1.0354,0.61587,-0.82063,10.15379,0.0663,-0.0039,0.9126,0.02707,-0.03837,0.99041,-0.26508,-1.27542,9.63582,0.0429,-0.0975,0.9204,0.07078,-0.11092,0.93821,-0.9483,-0.3695,9.2348,0.0858,-0.0429,1.0023,0.1187,-0.0661,0.99613,0.07064,0.27271,9.85508
8.5077,-0.445897,-0.634214,-4.480185,1.192245,0.030545,-0.069042,-1.028874,9.764255,0.039,-0.1248,0.9828,0.05532,-0.11829,0.9913,0.54252,-1.16003,9.72129,0.1014,-0.0078,0.936,0.06122,-0.04212,1.01398,-0.29555,-1.63286,9.83132,0.0078,-0.0585,0.9867,0.03675,-0.07356,1.00505,-0.61822,-0.82287,9.83544,0.0039,-0.0429,0.9906,0.0385,-0.0661,0.98436,0.09508,-0.49974,9.66896
8.5316,3.242071,-0.020402,4.276309,1.401753,0.076662,-0.039154,-0.88678,9.83143,-0.0663,-0.1209,1.0335,-0.04566,-0.11444,1.04342,-0.44775,-1.12232,10.23243,-0.0312,-0.0117,0.9243,-0.06778,-0.04587,1.00219,-0.34762,-0.36323,9.84803,-0.117,-0.078,0.936,-0.08423,-0.09224,0.95394,0.57302,-0.52964,9.40246,-0.1014,-0.039,1.0179,-0.06462,-0.06229,1.01182,0.06573,-1.53193,9.84281
8.5554,-3.327797,-1.157852,4.832584,0.97055,0.067608,-0.070107,-0.679436,9.761183,-0.0819,-0.0741,0.9438,-0.06062,-0.0683,0.9512,-0.59446,-0.66979,9.32811,-0.0624,-0.0039,0.9282,-0.09813,-0.03837,1.00612,-0.27698,-0.07031,9.9165,-0.1131,-0.0897,1.014,-0.08045,-0.10345,1.03258,0.51399,-0.5415,10.18002,-0.0936,-0.039,0.9945,-0.05698,-0.06229,0.98828,0.07702,-1.43614,9.62009
8.5794,-2.134631,1.848311,1.762894,0.83599,0.101428,-0.099824,-0.341312,9.709327,-0.0663,-0.0429,0.9516,-0.04566,-0.03754,0.95922,-0.44775,-0.36811,9.40675,-0.0312,0.0,0.8892,-0.06778,-0.03462,0.96683,-0.24122,-0.32595,9.50209,-0.0936,-0.1209,0.9867,-0.06155,-0.13333,1.00505,0.32539,-0.21578,9.95321,0.0117,-0.0312,1.0218,0.04614,-0.05468,1.01574,-0.03571,-0.45541,9.97526
8.6032,-3.4696,-0.834187,-8.821019,1.067819,0.094753,-0.107952,-0.459354,9.649084,0.0897,-0.0585,0.9165,0.10394,-0.05292,0.92314,1.01932,-0.51895,9.05288,0.1014,-0.0078,0.9438,0.06122,-0.04212,1.02183,-0.29469,-1.64084,9.90795,0.0702,-0.117,0.9906,0.09724,-0.12959,1.00899,-1.23021,-0.30361,9.9411,0.1209,-0.0429,0.9828,0.15307,-0.0661,0.97651,0.07377,0.62599,9.6944
8.6271,-0.874708,0.989845,-5.876632,1.222903,0.038437,-0.180102,-0.744136,9.767935,0.039,-0.1053,0.9711,0.05532,-0.09906,0.97927,0.54252,-0.97148,9.60334,0.0858,-0.0117,0.9204,0.04604,-0.04587,0.99826,-0.33567,-1.46932,9.69387,0.0429,-0.0858,0.9828,0.07078,-0.09971,1.00112,-0.95927,-0.57347,9.82726,0.0624,-0.039,1.014,0.09578,-0.06229,1.0079,0.03201,0.03772,9.94727
8.6509,2.632664,-1.90856,2.528158,1.403098,0.097542,-0.181143,-0.951869,9.724247,-0.0585,-0.1326,1.014,-0.03818,-0.12598,1.02337,-0.3744,-1.23545,10.03584,-0.0234,-0.0156,0.9399,-0.06019,-0.04962,1.01791,-0.38183,-0.45366,9.99393,-0.0507,-0.0624,0.936,-0.01996,-0.0773,0.95394,-0.05186,-0.69283,9.36187,-0.0936,-0.039,0.9828,-0.05698,-0.06229,0.97651,0.08351,-1.42554,9.50534
8.6747,0.41454,0.679705,8.078725,1.214539,0.035928,-0.094204,-0.93068,9.788305,-0.1326,-0.1209,0.9984,-0.10924,-0.11444,1.00733,-1.07125,-1.12232,9.87856,-0.078,-0.0078,0.9009,-0.11331,-0.04212,0.97862,-0.31839,0.10521,9.66411,-0.1599,-0.0624,0.975,-0.12582,-0.0773,0.99326,0.97626,-0.72203,9.77244,-0.1482,-0.0351,1.0218,-0.11045,-0.05849,1.01574,0.03657,-1.98358,9.83811
8.6985,-0.958436,-0.743269,4.582419,1.023713,0.113567,0.003516,-0.609909,9.740301,-0.0585,-0.0702,0.9672,-0.03818,-0.06445,0.97526,-0.3744,-0.63208,9.56402,-0.0741,0.0039,0.9243,-0.10951,-0.03087,1.00219,-0.20514,0.04559,9.88904,-0.1092,-0.0975,0.975,-0.07667,-0.11092,0.99326,0.48366,-0.41059,9.80938,-0.0936,-0.0429,1.0023,-0.05698,-0.0661,0.99613,0.10994,-1.44256,9.69877
8.7223,-3.806584,1.91054,-5.056109,0.870412,0.04449,-0.076553,-0.353956,9.671469,0.0507,-0.0507,0.9282,0.06654,-0.04523,0.93517,0.65255,-0.44353,9.17084,0.0312,0.0,0.8892,-0.00708,-0.03462,0.96683,-0.23461,-0.91799,9.44031,0.0195,-0.117,1.0101,0.04809,-0.12959,1.02865,-0.7532,-0.3193,10.14532,0.0858,-0.039,1.0101,0.1187,-0.06229,1.00397,0.02905,0.26499,9.92941
8.7461,-0.731286,-0.619905,-6.90689,1.103642,0.066972,-0.189189,-0.459519,9.719728,0.0663,-0.0624,0.9711,0.0815,-0.05676,0.97927,0.79926,-0.55666,9.60334,0.0741,-0.0273,0.9321,0.03466,-0.06086,1.01005,-0.48264,-1.37208,9.82186,0.0429,-0.1131,0.975,0.07078,-0.12586,0.99326,-0.96601,-0.30831,9.79055,0.0975,-0.0234,0.9828,0.13016,-0.04707,0.97651,-0.10736,0.39898,9.66317
8.7700,-1.188875,-1.050887,-3.720352,1.272789,0.052987,-0.266103,-0.839345,9.760674,0.0039,-0.1131,0.9633,0.02166,-0.10675,0.97125,0.21243,-1.0469,9.5247,0.0702,-0.0273,0.9477,0.03086,-0.06086,1.02576,-0.48134,-1.35106,9.97899,0.0156,-0.0819,0.9828,0.04431,-0.09598,1.00112,-0.69873,-0.60203,9.82905,0.0195,-0.0234,0.9945,0.05377,-0.04707,0.98828,-0.09677,-0.3574,9.70996
8.7938,3.164337,-0.353165,4.412128,1.40872,0.085284,-0.284184,-1.024706,9.747025,-0.1092,-0.1287,1.0218,-0.0868,-0.12214,1.03139,-0.85119,-1.19774,10.11447,-0.0117,-0.0234,0.9243,-0.04881,-0.05711,1.00219,-0.45582,-0.54959,9.82982,-0.078,-0.0702,0.9282,-0.04643,-0.08477,0.94607,0.20685,-0.60094,9.3044,-0.1248,-0.0273,1.0101,-0.08753,-0.05087,1.00397,-0.03657,-1.75056,9.73941
8.8176,-1.093827,-0.355067,7.222503,1.177159,0.051772,0.000374,-0.990057,9.743069,-0.1209,-0.1209,0.9672,-0.09802,-0.11444,0.97526,-0.96122,-1.12232,9.56402,-0.0507,0.0039,0.9204,-0.08675,-0.03087,0.99826,-0.20309,-0.17243,9.82756,-0.1638,-0.0585,0.9828,-0.1296,-0.07356,1.00112,1.0127,-0.76904,9.84404,-0.1404,-0.0468,1.0101,-0.10281,-0.0699,1.00397,0.15311,-1.89643,9.73666
8.8414,-0.781278,1.576878,1.27626,1.05809,0.097747,-0.01185,-0.58988,9.718933,-0.0195,-0.0663,0.9711,-0.00078,-0.06061,0.97927,-0.00763,-0.59437,9.60334,-0.0234,0.0,0.8931,-0.06019,-0.03462,0.97076,-0.23996,-0.40394,9.53268,-0.0663,-0.1014,0.975,-0.03508,-0.11465,0.99326,0.07493,-0.38638,9.80334,-0.0429,-0.0468,1.0218,-0.00733,-0.0699,1.01574,0.12526,-0.97483,9.93637
8.8652,-4.75971,0.079785,-9.072927,0.89809,0.032141,-0.101717,-0.546274,9.727199,0.0975,-0.0663,0.9204,0.11142,-0.06061,0.92715,1.09267,-0.59437,9.0922,0.1131,-0.0039,0.9282,0.0726,-0.03837,1.00612,-0.25841,-1.73543,9.74274,0.0702,-0.1092,1.0296,0.09724,-0.12212,1.04831,-1.23692,-0.43561,10.31069,0.117,-0.0351,0.9906,0.14925,-0.05849,0.98436,-0.00421,0.58032,9.76317
8.8891,0.776369,-0.311448,-4.198727,1.288146,0.042093,-0.352858,-0.547975,9.735996,0.0039,-0.078,0.9906,0.02166,-0.07215,0.99931,0.21243,-0.7075,9.79993,0.0468,-0.0351,0.9282,0.0081,-0.06836,1.00612,-0.55947,-1.10997,9.81131,0.039,-0.1131,0.9555,0.067,-0.12586,0.9736,-0.92439,-0.2774,9.60118,0.0468,-0.0195,0.9945,0.08051,-0.04326,0.98828,-0.14,-0.09704,9.73158
8.9129,-0.496966,-2.021491,2.216037,1.260743,0.120884,-0.193599,-0.879694,9.675341,-0.0468,-0.1092,0.9594,-0.02696,-0.10291,0.96724,-0.26437,-1.00919,9.48538,-0.0117,-0.0312,0.9477,-0.04881,-0.06461,1.02576,-0.52676,-0.57445,10.06044,-0.0702,-0.0741,0.9594,-0.03887,-0.0885,0.97753,0.12421,-0.61466,9.6126,-0.0819,-0.0195,0.9867,-0.04552,-0.04326,0.98043,-0.10748,-1.32049,9.54294
8.9367,0.705265,-0.358368,7.817869,1.213723,0.040176,-0.146205,-0.866054,9.684395,-0.1365,-0.1092,0.9828,-0.11298,-0.10291,0.9913,-1.10793,-1.00919,9.72129,-0.0819,-0.0156,0.9126,-0.1171,-0.04962,0.99041,-0.39103,0.12934,9.78364,-0.1482,-0.0624,0.9516,-0.11448,-0.0773,0.96966,0.87062,-0.6895,9.54074,-0.1404,-0.0351,1.0062,-0.10281,-0.05849,1.00005,0.04352,-1.89487,9.6919
8.9605,0.071577,1.227827,7.52182,1.059323,0.037744,0.042449,-0.794146,9.729583,-0.1131,-0.0936,0.9828,-0.09054,-0.08753,0.9913,-0.88787,-0.85834,9.72129,-0.0819,0.0078,0.8931,-0.1171,-0.02712,0.97076,-0.17264,0.15199,9.58988,-0.1638,-0.0663,0.9672,-0.1296,-0.08103,0.98539,1.01391,-0.67283,9.70297,-0.1287,-0.0546,1.0257,-0.09135,-0.07751,1.01967,0.21639,-1.7974,9.9042
8.9843,-1.701205,1.765403,-4.9205,0.839602,0.117032,-0.220011,-0.567979,9.777991,-0.0039,-0.0663,0.9711,0.01418,-0.06061,0.97927,0.13908,-0.59437,9.60334,0.078,0.0,0.9009,0.03845,-0.03462,0.97862,-0.22838,-1.374,9.50892,0.0273,-0.0975,1.0023,0.05565,-0.11092,1.02078,-0.81934,-0.49042,10.03884,0.078,-0.039,1.014,0.11106,-0.06229,1.0079,0.0286,0.18687,9.96086
9.0081,-0.364126,-0.550615,-7.487065,1.087583,0.028979,-0.300336,-0.559898,9.787938,0.0468,-0.078,0.9828,0.0628,-0.07215,0.9913,0.61587,-0.7075,9.72129,0.0936,-0.0195,0.9399,0.05363,-0.05336,1.01791,-0.40621,-1.56419,9.87846,0.0741,-0.1092,0.9789,0.10102,-0.12212,0.99719,-1.26206,-0.35915,9.81451,0.0975,-0.0195,0.9906,0.13016,-0.04326,0.98436,-0.14895,0.39125,9.7375
9.0320,-1.801215,-1.899011,-1.874973,1.116961,0.041579,-0.402978,-0.768262,9.763189,-0.0312,-0.0975,0.9594,-0.012,-0.09137,0.96724,-0.11766,-0.89605,9.48538,0.0351,-0.0429,0.9516,-0.00328,-0.07585,1.02969,-0.63164,-1.02382,10.05351,0.0039,-0.0819,0.9945,0.03297,-0.09598,1.01292,-0.59034,-0.61666,9.94649,0.0,-0.0039,0.9828,0.03468,-0.02804,0.97651,-0.27227,-0.53651,9.56737
9.0559,1.214722,-1.427694,0.642362,1.246376,0.096513,-0.361947,-0.864281,9.769509,-0.0546,-0.1014,0.9945,-0.03444,-0.09522,1.00332,-0.33772,-0.93377,9.83925,0.0117,-0.039,0.9477,-0.02605,-0.07211,1.02576,-0.59779,-0.79736,10.038,-0.0195,-0.078,0.9516,0.01028,-0.09224,0.96966,-0.35678,-0.58069,9.52828,-0.0624,-0.0156,0.9984,-0.02643,-0.03946,0.9922,-0.1555,-1.1453,9.67251
9.0796,-1.325231,1.167363,9.469233,1.14126,0.022635,-0.059313,-0.849677,9.746491,-0.1521,-0.1053,0.9672,-0.12794,-0.09906,0.97526,-1.25464,-0.97148,9.56402,-0.1014,0.0,0.8931,-0.13607,-0.03462,0.97076,-0.24822,0.33611,9.60991,-0.1794,-0.0702,0.9867,-0.14473,-0.08477,1.00505,1.15629,-0.66213,9.90328,-0.1599,-0.0429,1.0296,-0.12191,-0.0661,1.02359,0.10931,-2.10121,9.90876
9.1034,-0.672031,1.53187,2.872494,0.952278,0.063865,0.037252,-0.740966,9.7849,-0.0507,-0.078,0.9828,-0.0307,-0.07215,0.9913,-0.30104,-0.7075,9.72129,-0.0195,0.0078,0.897,-0.0564,-0.02712,0.97469,-0.16561,-0.44404,9.56641,-0.1014,-0.078,0.9867,-0.06911,-0.09224,1.00505,0.41294,-0.61154,9.89333,-0.0663,-0.0546,1.0257,-0.03025,-0.07751,1.01967,0.20272,-1.20078,9.95857
9.1272,-1.254929,0.994248,-5.442845,0.798725,0.049209,-0.097493,-0.559009,9.701004,0.039,-0.0663,0.9633,0.05532,-0.06061,0.97125,0.54252,-0.59437,9.5247,0.0741,0.0,0.9087,0.03466,-0.03462,0.98648,-0.22793,-1.34499,9.58941,0.0156,-0.0936,0.9828,0.04431,-0.10718,1.00112,-0.7024,-0.4935,9.84596,0.078,-0.0351,1.0023,0.11106,-0.05849,0.99613,-0.00216,0.19683,9.84394
9.1510,-0.163955,-0.729905,-3.77576,1.098309,0.069727,-0.376839,-0.766935,9.733106,-0.0156,-0.0936,0.9789,0.00296,-0.08753,0.98729,0.02905,-0.85834,9.68197,0.078,-0.0312,0.936,0.03845,-0.06461,1.01398,-0.51856,-1.41353,9.85668,0.0234,-0.0897,0.9711,0.05187,-0.10345,0.98933,-0.77252,-0.51396,9.72395,0.0273,-0.0078,0.9906,0.06141,-0.03185,0.98436,-0.24532,-0.28191,9.66983
9.1752,-0.838293,-1.641556,-3.304156,1.214804,0.042179,-0.448054,-0.85745,9.74521,-0.0117,-0.1092,0.975,0.0067,-0.10291,0.98328,0.06572,-1.00919,9.64265,0.0624,-0.0507,0.9438,0.02328,-0.08335,1.02183,-0.70313,-1.27574,9.95058,0.0312,-0.078,0.9867,0.05943,-0.09224,1.00505,-0.84661,-0.64852,9.85726,0.0039,0.0,0.9789,0.0385,-0.02423,0.97259,-0.30821,-0.49635,9.53035
9.1993,0.75312,-0.635551,3.224002,1.251604,0.128283,-0.25967,-0.918317,9.768858,-0.0741,-0.1014,0.9945,-0.05314,-0.09522,1.00332,-0.5211,-0.93377,9.83925,-0.0195,-0.0273,0.9282,-0.0564,-0.06086,1.00612,-0.49298,-0.48003,9.87622,-0.0546,-0.0741,0.9633,-0.02374,-0.0885,0.98146,-0.02489,-0.62497,9.64645,-0.1131,-0.0312,1.0062,-0.07608,-0.05468,1.00005,0.00029,-1.6345,9.71352
9.2234,-2.343158,0.638845,7.921904,1.018949,0.086168,0.031971,-0.780199,9.739241,-0.1053,-0.0936,0.9516,-0.08306,-0.08753,0.95922,-0.81452,-0.85834,9.40675,-0.1053,0.0039,0.9009,-0.13986,-0.03087,0.97862,-0.21101,0.36557,9.69004,-0.1599,-0.0663,0.9984,-0.12582,-0.08103,1.01685,0.96954,-0.72164,10.00659,-0.1404,-0.0507,1.0218,-0.10281,-0.07371,1.01574,0.18387,-1.90638,9.85358
9.2469,0.039564,1.703402,2.377321,0.890105,0.091973,-0.020142,-0.675056,9.78815,-0.0507,-0.0702,0.9789,-0.0307,-0.06445,0.98729,-0.30104,-0.63208,9.68197,-0.0195,0.0078,0.9087,-0.0564,-0.02712,0.98648,-0.16432,-0.45603,9.68136,-0.0858,-0.0858,0.9633,-0.05399,-0.09971,0.98146,0.2678,-0.50775,9.67184,-0.0546,-0.0468,1.0413,-0.01879,-0.0699,1.03536,0.11699,-1.10437,10.11743
9.2704,-2.981644,0.666821,-5.60346,0.582606,0.037315,-0.198521,-0.703006,9.723038,0.0312,-0.078,0.9438,0.04784,-0.07215,0.9512,0.46917,-0.7075,9.32811,0.0897,-0.0039,0.9165,0.04983,-0.03837,0.99433,-0.26218,-1.50143,9.65096,0.0312,-0.0819,1.0101,0.05943,-0.09598,1.02865,-0.85332,-0.64814,10.09141,0.0624,-0.0195,1.0023,0.09578,-0.04326,0.99613,-0.14775,0.04505,9.82167
9.2939,0.358303,-1.428535,-6.996556,1.047745,0.048835,-0.432641,-0.723276,9.740542,0.0351,-0.0858,0.9867,0.05158,-0.07984,0.99531,0.50584,-0.78292,9.76061,0.1014,-0.039,0.9477,0.06122,-0.07211,1.02576,-0.5883,-1.64842,9.94919,0.0858,-0.0897,0.9672,0.11236,-0.10345,0.98539,-1.36434,-0.5254,9.66888,0.0624,-0.0039,0.9789,0.09578,-0.02804,0.97259,-0.28377,0.06364,9.58349
9.3175,-0.969236,-2.0358,-3.248473,1.130476,0.05648,-0.382162,-0.884745,9.742288,-0.0117,-0.1092,0.9672,0.0067,-0.10291,0.97526,0.06572,-1.00919,9.56402,0.0702,-0.0429,0.9555,0.03086,-0.07585,1.03362,-0.6275,-1.36083,10.05708,0.0156,-0.0702,0.9828,0.04431,-0.08477,1.00112,-0.69506,-0.71056,9.81214,0.0078,-0.0039,0.9789,0.04232,-0.02804,0.97259,-0.27181,-0.4584,9.53591
9.3414,1.32749,-0.098018,3.107051,1.211133,0.064175,-0.16907,-0.816301,9.731498,-0.0702,-0.1014,0.9945,-0.0494,-0.09522,1.00332,-0.48443,-0.93377,9.83925,-0.0273,-0.0156,0.9204,-0.06398,-0.04962,0.99826,-0.38439,-0.39669,9.80622,-0.0741,-0.0741,0.9477,-0.04265,-0.0885,0.96573,0.164,-0.59567,9.49941,-0.0819,-0.0351,1.0101,-0.04552,-0.05849,1.00397,0.02854,-1.33907,9.78112
9.3653,-1.594436,1.874376,6.74366,1.115713,0.042161,0.011094,-0.834352,9.754524,-0.1014,-0.1014,0.9633,-0.07932,-0.09522,0.97125,-0.77784,-0.93377,9.5247,-0.0702,0.0039,0.8892,-0.10572,-0.03087,0.96683,-0.20859,0.04453,9.54034,-0.1482,-0.0702,0.9906,-0.11448,-0.08477,1.00899,0.85901,-0.6768,9.93288,-0.1248,-0.0507,1.0374,-0.08753,-0.07371,1.03144,0.17179,-1.77137,10.02018
9.3892,-0.262127,1.616183,3.68795,0.933005,0.102732,-0.028928,-0.675904,9.780937,-0.0546,-0.078,0.9789,-0.03444,-0.07215,0.98729,-0.33772,-0.7075,9.68197,-0.0546,0.0078,0.9009,-0.09054,-0.02712,0.97862,-0.16889,-0.11501,9.63948,-0.0897,-0.0858,0.9711,-0.05777,-0.09971,0.98933,0.30302,-0.51859,9.74908,-0.0819,-0.0429,1.0374,-0.04552,-0.0661,1.03144,0.08789,-1.36251,10.05322
9.4130,-2.257162,-0.869223,-2.909063,0.754471,0.051642,-0.276214,-0.747268,9.731578,-0.0039,-0.0819,0.9516,0.01418,-0.07599,0.95922,0.13908,-0.74521,9.40675,0.0546,-0.0195,0.936,0.01569,-0.05336,1.01398,-0.41077,-1.19017,9.87875,0.0039,-0.0819,0.9984,0.03297,-0.09598,1.01685,-0.59126,-0.62263,9.98458,0.0117,-0.0078,0.9906,0.04614,-0.03185,0.98436,-0.24191,-0.43106,9.65623
9.4369,-1.069571,-1.88396,-6.800981,0.914868,0.032417,-0.44988,-0.805341,9.740868,0.0273,-0.0936,0.9672,0.0441,-0.08753,0.97526,0.43249,-0.85834,9.56402,0.1053,-0.039,0.9555,0.06501,-0.07211,1.03362,-0.58703,-1.69341,10.02196,0.0819,-0.0741,0.9867,0.10858,-0.0885,1.00505,-1.32697,-0.69884,9.83783,0.0585,0.0,0.975,0.09197,-0.02423,0.96866,-0.318,0.02923,9.53967
9.4607,-0.061487,-1.544368,-3.438408,1.073437,0.055635,-0.346293,-0.852187,9.755599,-0.0078,-0.1092,0.9828,0.01044,-0.10291,0.9913,0.1024,-1.00919,9.72129,0.0702,-0.0351,0.9477,0.03086,-0.06836,1.02576,-0.55485,-1.35195,9.97972,0.0117,-0.0702,0.975,0.04053,-0.08477,0.99326,-0.65619,-0.69754,9.73703,0.0195,-0.0039,0.9828,0.05377,-0.02804,0.97651,-0.27654,-0.35007,9.58436
9.4846,0.445946,0.997159,0.531552,1.231999,0.065273,-0.126629,-0.869563,9.753345,-0.039,-0.1014,0.9867,-0.01948,-0.09522,0.99531,-0.19101,-0.93377,9.76061,0.0273,-0.0156,0.9126,-0.01087,-0.04962,0.99041,-0.37947,-0.90674,9.67553,-0.0546,-0.0741,0.9633,-0.02374,-0.0885,0.98146,-0.02489,-0.62497,9.64645,-0.0468,-0.0429,1.0218,-0.01115,-0.0661,1.01574,0.08886,-1.01277,9.9308
9.5084,-0.997336,1.460301,7.671811,1.131519,0.050594,0.021977,-0.81199,9.75844,-0.1092,-0.1014,0.975,-0.0868,-0.09522,0.98328,-0.85119,-0.93377,9.64265,-0.0897,0.0039,0.8892,-0.12469,-0.03087,0.96683,-0.21065,0.22954,9.55965,-0.1599,-0.0702,0.9867,-0.12582,-0.08477,1.00505,0.97107,-0.66757,9.89797,-0.1365,-0.0507,1.0296,-0.09899,-0.07371,1.02359,0.17869,-1.87617,9.93348
9.5323,-0.377787,1.261803,2.875228,0.937943,0.095614,-0.100341,-0.73805,9.714939,-0.0585,-0.0819,0.9711,-0.03818,-0.07599,0.97927,-0.3744,-0.74521,9.60334,-0.0312,0.0039,0.9009,-0.06778,-0.03087,0.97862,-0.20317,-0.33748,9.61667,-0.0702,-0.0819,0.9672,-0.03887,-0.09598,0.98539,0.11993,-0.55424,9.70005,-0.078,-0.039,1.0257,-0.0417,-0.06229,1.01967,0.05628,-1.31527,9.9397
9.5561,-1.310148,-0.513159,-2.522071,0.65935,0.042638,-0.29619,-0.66149,9.769,-0.0078,-0.0819,0.9711,0.01044,-0.07599,0.97927,0.1024,-0.74521,9.60334,0.0234,-0.0156,0.9282,-0.01466,-0.04962,1.00612,-0.37817,-0.88571,9.83265,0.0117,-0.078,0.9945,0.04053,-0.09224,1.01292,-0.66321,-0.65501,9.93873,0.0195,-0.0078,0.9945,0.05377,-0.03185,0.98828,-0.24578,-0.36002,9.70128
9.5799,-1.68584,-1.980194,-9.282316,1.068876,0.066667,-0.453609,-0.728043,9.747879,0.0663,-0.1014,0.9555,0.0815,-0.09522,0.96323,0.79926,-0.93377,9.44606,0.117,-0.0429,0.9633,0.07639,-0.07585,1.04148,-0.62169,-1.81285,10.08737,0.117,-0.0819,0.9906,0.14261,-0.09598,1.00899,-1.66374,-0.64224,9.87764,0.1053,0.0,0.975,0.13779,-0.02423,0.96866,-0.32826,0.47669,9.58044
9.6037,0.645295,-1.140223,-3.62346,1.201756,0.063673,-0.373513,-0.812686,9.643483,0.0,-0.1092,0.975,0.01792,-0.10291,0.98328,0.17575,-1.00919,9.64265,0.0624,-0.039,0.936,0.02328,-0.07211,1.01398,-0.59372,-1.26641,9.87286,0.0273,-0.078,0.9477,0.05565,-0.09224,0.96573,-0.80041,-0.58778,9.47746,0.0156,-0.0039,0.9828,0.04995,-0.02804,0.97651,-0.27568,-0.38736,9.58096
9.6276,0.770324,0.169744,-0.084094,1.2995,0.050291,-0.059685,-0.933211,9.750606,-0.0234,-0.117,0.9906,-0.00452,-0.1106,0.99931,-0.04431,-1.08461,9.79993,0.039,-0.0078,0.9243,0.00051,-0.04212,1.00219,-0.30344,-1.02883,9.77816,-0.0546,-0.0702,0.9594,-0.02374,-0.08477,0.97753,-0.02275,-0.65518,9.60272,-0.0429,-0.0468,1.0101,-0.00733,-0.0699,1.00397,0.13175,-0.96422,9.82161
9.6514,0.068102,1.839401,8.644289,1.189484,0.036259,-0.031433,-0.897724,9.733428,-0.1326,-0.1131,0.9867,-0.10924,-0.10675,0.99531,-1.07125,-1.0469,9.76061,-0.0858,0.0,0.8814,-0.12089,-0.03462,0.95898,-0.24785,0.20008,9.47952,-0.1716,-0.0663,0.9711,-0.13717,-0.08103,0.98933,1.08709,-0.67662,9.74318,-0.156,-0.0429,1.0335,-0.11809,-0.0661,1.02751,0.10629,-2.06746,9.95041
9.6753,-1.407024,1.46794,3.597815,0.867564,0.068287,-0.018644,-0.743607,9.775027,-0.0663,-0.0897,0.9711,-0.04566,-0.08368,0.97927,-0.44775,-0.82063,9.60334,-0.0312,0.0,0.897,-0.06778,-0.03462,0.97469,-0.24036,-0.33393,9.57872,-0.1209,-0.0702,0.9945,-0.08802,-0.08477,1.01292,0.59878,-0.69038,9.96353,-0.0585,-0.0351,1.0257,-0.02261,-0.05849,1.01967,0.01475,-1.12948,9.95452
9.6990,-1.450633,-0.93576,-2.835404,0.587115,0.04948,-0.277657,-0.675383,9.806122,-0.0039,-0.0819,0.9711,0.01418,-0.07599,0.97927,0.13908,-0.74521,9.60334,0.0273,-0.0078,0.9399,-0.01087,-0.04212,1.01791,-0.30296,-0.9338,9.943,0.0195,-0.078,0.9984,0.04809,-0.09224,1.01685,-0.73822,-0.66315,9.9747,0.0195,-0.0117,0.9945,0.05377,-0.03565,0.98828,-0.20853,-0.35937,9.70345
9.7229,-0.962696,-0.901669,-8.787442,0.952353,0.084679,-0.398239,-0.756065,9.705062,0.0585,-0.0897,0.9555,0.07402,-0.08368,0.96323,0.7259,-0.82063,9.44606,0.1326,-0.0351,0.9516,0.09157,-0.06836,1.02969,-0.54782,-1.94799,9.95625,0.0975,-0.0819,0.9711,0.12371,-0.09598,0.98933,-1.47394,-0.60698,9.69251,0.0936,-0.0039,0.9906,0.12634,-0.02804,0.98436,-0.2971,0.35134,9.72542
9.7466,1.587538,-0.347909,-4.830128,1.275803,0.049772,-0.374945,-0.851654,9.717238,0.0039,-0.1053,0.9984,0.02166,-0.09906,1.00733,0.21243,-0.97148,9.87856,0.0936,-0.039,0.9321,0.05363,-0.07211,1.01005,-0.59085,-1.55844,9.80365,0.0468,-0.078,0.9477,0.07456,-0.09224,0.96573,-0.98563,-0.59322,9.47215,0.0273,-0.0195,0.9945,0.06141,-0.04326,0.98828,-0.13573,-0.28348,9.71459
9.7704,0.746084,0.170643,2.682987,1.319937,0.074647,-0.104007,-0.958151,9.731321,-0.0585,-0.1209,0.9867,-0.03818,-0.11444,0.99531,-0.3744,-1.12232,9.76061,0.0039,-0.0195,0.9204,-0.03363,-0.05336,0.99826,-0.41785,-0.69316,9.77569,-0.0936,-0.0663,0.9555,-0.06155,-0.08103,0.9736,0.34984,-0.67452,9.56961,-0.0819,-0.0351,1.014,-0.04552,-0.05849,1.0079,0.02637,-1.34261,9.81937
9.7942,-0.073052,1.198372,7.737338,1.215775,0.019606,-0.030706,-0.890067,9.733458,-0.1248,-0.1131,0.9828,-0.10176,-0.10675,0.9913,-0.9979,-1.0469,9.72129,-0.0741,0.0,0.8931,-0.10951,-0.03462,0.97076,-0.24533,0.07709,9.58288,-0.1599,-0.0663,0.9711,-0.12582,-0.08103,0.98933,0.97595,-0.67989,9.73999,-0.1404,-0.0468,1.0257,-0.10281,-0.0699,1.01967,0.14445,-1.91057,9.88967
9.8180,-2.018522,1.569077,2.720954,1.042854,0.080883,-0.076303,-0.700942,9.761158,-0.0702,-0.1014,0.9555,-0.0494,-0.09522,0.96323,-0.48443,-0.93377,9.44606,-0.0312,0.0,0.9009,-0.06778,-0.03462,0.97862,-0.23993,-0.33793,9.61704,-0.0975,-0.0741,0.9945,-0.06533,-0.0885,1.01292,0.37528,-0.66073,9.96281,-0.0312,-0.039,1.0296,0.00413,-0.06229,1.02359,0.04386,-0.87134,10.01872
9.8418,-1.487717,-0.247659,-7.023357,0.984307,0.070258,-0.141394,-0.727422,9.753879,0.0663,-0.0897,0.9633,0.0815,-0.08368,0.97125,0.79926,-0.82063,9.5247,0.1092,-0.0156,0.936,0.0688,-0.04962,1.01398,-0.36823,-1.70776,9.82433,0.0351,-0.0858,0.9906,0.06321,-0.09971,1.00899,-0.88702,-0.58322,9.90556,0.078,-0.0234,0.9945,0.11106,-0.04707,0.98828,-0.10959,0.20193,9.76093
9.8657,-1.28444,-1.585472,-6.504562,1.225881,0.053349,-0.431854,-0.813018,9.715795,0.0273,-0.1014,0.9594,0.0441,-0.09522,0.96724,0.43249,-0.93377,9.48538,0.1053,-0.0507,0.9516,0.06501,-0.08335,1.02969,-0.69773,-1.69076,9.98474,0.0702,-0.0819,0.9828,0.09724,-0.09598,1.00112,-1.21737,-0.61726,9.8142,0.0546,-0.0078,0.9789,0.08815,-0.03185,0.97259,-0.24481,-0.01028,9.57886
9.8895,0.402706,-2.210768,-2.150205,1.369002,0.10554,-0.359286,-1.026016,9.7244,-0.0078,-0.1209,0.9828,0.01044,-0.11444,0.9913,0.1024,-1.12232,9.72129,0.0663,-0.0546,0.9555,0.02707,-0.0871,1.03362,-0.73818,-1.32518,10.06203,0.0078,-0.0663,0.9633,0.03675,-0.08103,0.98146,-0.61517,-0.71473,9.6182,-0.0429,-0.0117,0.9789,-0.00733,-0.03565,0.97259,-0.1862,-0.94184,9.49608
9.9132,0.751524,-0.980101,6.546141,1.366647,0.07716,-0.292167,-1.033869,9.736402,-0.1443,-0.1248,0.9867,-0.12046,-0.11829,0.99531,-1.18128,-1.16003,9.76061,-0.039,-0.0273,0.9321,-0.07537,-0.06086,1.01005,-0.49461,-0.29901,9.93384,-0.1092,-0.0624,0.9555,-0.07667,-0.0773,0.9736,0.49925,-0.70634,9.56822,-0.1482,-0.0312,1.0062,-0.11045,-0.05468,1.00005,0.00798,-1.9701,9.68294
9.9372,-1.114291,1.071352,5.622971,1.159784,0.063555,-0.022,-0.922672,9.697521,-0.0936,-0.1092,0.9672,-0.07184,-0.10291,0.97526,-0.70449,-1.00919,9.56402,-0.0429,0.0078,0.8931,-0.07916,-0.02712,0.97076,-0.16851,-0.21804,9.55126,-0.1209,-0.0702,0.9828,-0.08802,-0.08477,1.00112,0.60153,-0.67248,9.84928,-0.1287,-0.0507,1.0179,-0.09135,-0.07371,1.01182,0.18347,-1.79098,9.82553
9.9625,-1.675086,3.033859,-5.931274,1.078703,0.03866,-0.037207,-0.665795,9.735576,0.0507,-0.0897,0.9633,0.06654,-0.08368,0.97125,0.65255,-0.82063,9.5247,0.0897,0.0039,0.8853,0.04983,-0.03087,0.96291,-0.1921,-1.46859,9.34371,0.0195,-0.0897,0.9945,0.04809,-0.10345,1.01292,-0.74097,-0.54866,9.95352,0.078,-0.0507,1.0296,0.11106,-0.07371,1.02359,0.13169,0.1747,10.12038
9.9890,-1.190797,-0.264461,-6.961024,1.386707,0.039063,-0.196233,-0.725843,9.740824,0.0585,-0.1053,0.9672,0.07402,-0.09906,0.97526,0.7259,-0.97148,9.56402,0.0975,-0.0312,0.9321,0.05742,-0.06461,1.01005,-0.51692,-1.59455,9.79906,0.0507,-0.0897,0.9867,0.07834,-0.10345,1.00505,-1.0355,-0.54543,9.86886,0.078,-0.039,0.9906,0.11106,-0.06229,0.98436,0.04159,0.20809,9.73136
10.0132,0.216848,-2.556322,-2.833387,1.493698,0.05593,-0.434247,-0.932573,9.696132,-0.0195,-0.1287,0.975,-0.00078,-0.12214,0.98328,-0.00763,-1.19774,9.64265,0.0624,-0.0585,0.9594,0.02328,-0.09085,1.03755,-0.77492,-1.29261,10.10458,0.0234,-0.0741,0.9594,0.05187,-0.0885,0.97753,-0.76488,-0.64077,9.58714,-0.0078,-0.0117,0.9711,0.02704,-0.03565,0.96474,-0.18955,-0.59917,9.45016
10.0364,1.530552,-1.842206,6.354656,1.523619,0.095766,-0.537933,-1.097637,9.720469,-0.1794,-0.1365,0.9984,-0.15412,-0.12983,1.00733,-1.51137,-1.27316,9.87856,-0.0195,-0.0585,0.9399,-0.0564,-0.09085,1.01791,-0.78573,-0.49559,9.99409,-0.0897,-0.0624,0.9477,-0.05777,-0.0773,0.96573,0.31585,-0.69985,9.48674,-0.1443,-0.0117,0.9906,-0.10663,-0.03565,0.98436,-0.17048,-1.92195,9.52248
10.0628,-1.242342,0.176075,3.812727,1.286488,0.092529,-0.115611,-0.885058,9.769374,-0.1053,-0.1209,0.9672,-0.08306,-0.11444,0.97526,-0.81452,-1.12232,9.56402,-0.0156,0.0,0.9204,-0.0526,-0.03462,0.99826,-0.23613,-0.50591,9.79317,-0.1014,-0.0702,0.9867,-0.06911,-0.08477,1.00505,0.41538,-0.68389,9.88206,-0.0702,-0.0507,1.014,-0.03407,-0.07371,1.0079,0.17282,-1.22812,9.83825
10.0869,-1.416135,3.97551,-5.727135,1.091112,0.087121,0.163716,-0.624416,9.731084,0.0975,-0.078,0.9633,0.11142,-0.07215,0.97125,1.09267,-0.7075,9.5247,0.0702,0.0117,0.8736,0.03086,-0.02338,0.95112,-0.12194,-1.2707,9.24734,0.0039,-0.0936,0.9867,0.03297,-0.10718,1.00505,-0.59218,-0.49621,9.88723,0.0585,-0.0663,1.0452,0.09197,-0.08893,1.03928,0.27631,-0.02326,10.26507
10.1090,-1.864419,1.453327,-6.026745,1.349107,0.090132,-0.070387,-0.716348,9.753628,0.0351,-0.0936,0.9594,0.05158,-0.08753,0.96724,0.50584,-0.85834,9.48538,0.1053,-0.0039,0.9126,0.06501,-0.03837,0.99041,-0.26095,-1.64545,9.5972,0.0273,-0.0975,0.9945,0.05565,-0.11092,1.01292,-0.81751,-0.47849,9.96267,0.0702,-0.0663,1.014,0.10342,-0.08893,1.0079,0.29107,0.11689,9.96925
10.1311,-1.335684,0.019506,-1.197402,1.439705,0.030359,-0.293517,-0.901577,9.741871,-0.0273,-0.1287,0.9672,-0.00826,-0.12214,0.97526,-0.08098,-1.19774,9.56402,0.0351,-0.0351,0.9204,-0.00328,-0.06836,0.99826,-0.56157,-0.99097,9.74626,-0.0078,-0.078,0.9906,0.02163,-0.09224,1.00899,-0.47707,-0.64361,9.90595,-0.0234,-0.0273,1.0023,0.01176,-0.05087,0.99613,-0.05445,-0.77399,9.75125
10.1530,1.131786,-3.541225,5.104405,1.458496,0.0767,-0.527832,-1.060524,9.790652,-0.1638,-0.1404,1.0023,-0.13916,-0.13367,1.01134,-1.36467,-1.31087,9.91788,-0.0195,-0.0507,0.9672,-0.0564,-0.08335,1.04541,-0.70922,-0.52265,10.26157,-0.0702,-0.0585,0.9633,-0.03887,-0.07356,0.98146,0.12819,-0.76532,9.62814,-0.117,-0.0117,0.9711,-0.0799,-0.03565,0.96474,-0.16563,-1.64325,9.35501
10.1749,-0.510956,-2.304973,5.096055,1.162489,0.094539,-0.402083,-1.093203,9.774681,-0.1521,-0.1365,0.975,-0.12794,-0.12983,0.98328,-1.25464,-1.27316,9.64265,-0.0117,-0.0234,0.9555,-0.04881,-0.05711,1.03362,-0.45239,-0.58154,10.13634,-0.0858,-0.0507,0.9789,-0.05399,-0.06609,0.99719,0.27515,-0.85719,9.77346,-0.117,-0.0117,0.9906,-0.0799,-0.03565,0.98436,-0.17646,-1.66093,9.54627
10.1968,-0.299258,1.175966,0.17616,1.159606,0.017487,-0.100214,-0.832435,9.718821,-0.0351,-0.1092,0.9789,-0.01574,-0.10291,0.98729,-0.15434,-1.00919,9.68197,0.0195,0.0,0.9009,-0.01846,-0.03462,0.97862,-0.23457,-0.81896,9.56684,-0.0468,-0.0741,0.975,-0.01618,-0.0885,0.99326,-0.10173,-0.64505,9.75858,-0.0312,-0.0429,1.014,0.00413,-0.0661,1.0079,0.08977,-0.85655,9.86789
10.2189,-2.262559,2.860345,-7.036981,1.186871,0.036563,0.036613,-0.737246,9.76896,0.0741,-0.0936,0.9594,0.08898,-0.08753,0.96724,0.87261,-0.85834,9.48538,0.1131,0.0078,0.8931,0.0726,-0.02712,0.97076,-0.15201,-1.69814,9.39681,0.0312,-0.0897,1.0062,0.05943,-0.10345,1.02471,-0.85486,-0.56982,10.0646,0.078,-0.0663,1.0296,0.11106,-0.08893,1.02359,0.2807,0.17732,10.12905
10.2408,-1.998168,2.233203,-4.085755,1.331212,0.029482,0.003169,-0.76139,9.752662,0.0351,-0.1014,0.9594,0.05158,-0.09522,0.96724,0.50584,-0.93377,9.48538,0.0702,0.0,0.897,0.03086,-0.03462,0.97469,-0.22963,-1.296,9.47833,0.0,-0.0897,0.9984,0.02919,-0.10345,1.01685,-0.55666,-0.54919,9.99691,0.0312,-0.0663,1.0257,0.06523,-0.08893,1.01967,0.29312,-0.2666,10.05003
10.2627,-0.730338,-0.127257,-0.33569,1.404614,0.051504,-0.282972,-0.868254,9.736049,-0.0546,-0.1248,0.9711,-0.03444,-0.11829,0.97927,-0.33772,-1.16003,9.60334,0.0273,-0.0273,0.9243,-0.01087,-0.06086,1.00219,-0.48845,-0.92006,9.79157,-0.0234,-0.0741,0.9789,0.0065,-0.0885,0.99719,-0.32492,-0.65754,9.7903,-0.0195,-0.0351,1.0023,0.01558,-0.05849,0.99613,0.0192,-0.73539,9.75899
10.2847,0.315415,-3.31402,8.612679,1.431753,0.044508,-0.369845,-1.065322,9.747312,-0.1794,-0.1443,0.9828,-0.15412,-0.13752,0.9913,-1.51137,-1.34858,9.72129,-0.0741,-0.039,0.9594,-0.10951,-0.07211,1.03755,-0.60559,0.00472,10.2379,-0.1365,-0.0546,0.9633,-0.10314,-0.06983,0.98146,0.75918,-0.78301,9.64054,-0.1677,-0.0156,0.9789,-0.12954,-0.03946,0.97259,-0.1216,-2.13442,9.38951
10.3065,0.590228,-1.656891,5.585798,1.060648,0.049529,-0.337061,-1.054502,9.738047,-0.1326,-0.1287,0.9867,-0.10924,-0.12214,0.99531,-1.07125,-1.19774,9.76061,-0.0312,-0.0312,0.9399,-0.06778,-0.06461,1.01791,-0.52968,-0.38145,10.00312,-0.1053,-0.039,0.9633,-0.07289,-0.05489,0.98146,0.46771,-0.93641,9.60951,-0.1209,-0.0078,0.9945,-0.08371,-0.03185,0.98828,-0.21502,-1.70241,9.57895
10.3284,-0.225585,0.37371,-2.178918,0.94856,0.071278,-0.063079,-0.776134,9.708332,0.0039,-0.1014,0.975,0.02166,-0.09522,0.98328,0.21243,-0.93377,9.64265,0.0429,-0.0039,0.9165,0.00431,-0.03837,0.99433,-0.26713,-1.0574,9.6973,-0.0351,-0.0624,0.9711,-0.00484,-0.0773,0.98933,-0.20828,-0.75087,9.7004,0.0195,-0.0351,1.0023,0.05377,-0.05849,0.99613,0.01066,-0.3625,9.79297
10.3503,-1.411322,2.147641,-6.04509,1.217702,0.075819,0.067523,-0.758369,9.748797,0.0741,-0.0897,0.9672,0.08898,-0.08368,0.97526,0.87261,-0.82063,9.56402,0.1092,0.0,0.9009,0.0688,-0.03462,0.97862,-0.22507,-1.67002,9.47803,0.0039,-0.0936,0.9906,0.03297,-0.10718,1.00899,-0.5931,-0.50217,9.92532,0.0546,-0.0585,1.0218,0.08815,-0.08132,1.01574,0.21566,-0.04065,10.02782
10.3722,-2.417073,2.34701,-2.255663,1.132642,0.042554,-0.004624,-0.788468,9.737933,0.0117,-0.0936,0.9516,0.02914,-0.08753,0.95922,0.28578,-0.85834,9.40675,0.0507,0.0,0.8931,0.01189,-0.03462,0.97076,-0.23212,-1.107,9.45932,-0.0273,-0.078,1.0023,0.00272,-0.09224,1.02078,-0.29459,-0.65607,10.02552,0.0039,-0.0585,1.0296,0.0385,-0.08132,1.02359,0.22243,-0.53247,10.06015
10.3941,-0.56721,-0.800741,-0.058576,1.232865,0.057901,-0.09546,-0.871692,9.704476,-0.0195,-0.1092,0.9672,-0.00078,-0.10291,0.97526,-0.00763,-1.00919,9.56402,0.0195,-0.0156,0.9321,-0.01846,-0.04962,1.01005,-0.37815,-0.8527,9.87483,-0.0468,-0.0663,0.9711,-0.01618,-0.08103,0.98933,-0.09837,-0.71143,9.70922,-0.039,-0.0429,0.9945,-0.00351,-0.0661,0.98828,0.10231,-0.91345,9.66984
10.4159,0.370588,-1.339234,5.873477,1.301798,0.071735,-0.357504,-0.980585,9.739592,-0.1482,-0.1326,0.9828,-0.1242,-0.12598,0.9913,-1.21796,-1.23545,9.72129,-0.0429,-0.0351,0.936,-0.07916,-0.06836,1.01398,-0.5681,-0.26689,9.97675,-0.1053,-0.0507,0.9633,-0.07289,-0.06609,0.98146,0.46404,-0.82789,9.62642,-0.1092,-0.0195,0.9984,-0.07226,-0.04326,0.9922,-0.10799,-1.59211,9.63391
10.4378,0.382763,-2.588036,8.88358,0.984644,0.050817,-0.23255,-1.034481,9.753915,-0.1638,-0.1248,0.9828,-0.13916,-0.11829,0.9913,-1.36467,-1.16003,9.72129,-0.0819,-0.0156,0.9516,-0.1171,-0.04962,1.02969,-0.38674,0.0894,10.1668,-0.156,-0.039,0.9633,-0.12204,-0.05489,0.98146,0.9493,-0.92227,9.6233,-0.1677,-0.0156,0.9906,-0.12954,-0.03946,0.98436,-0.1281,-2.14502,9.50426
10.4598,0.104902,0.158255,-0.220021,0.844887,0.048347,-0.079283,-0.851192,9.741339,-0.0234,-0.1053,0.9828,-0.00452,-0.09906,0.9913,-0.04431,-0.97148,9.72129,0.0234,0.0,0.9204,-0.01466,-0.03462,0.99826,-0.23201,-0.87593,9.75456,-0.0546,-0.0546,0.9711,-0.02374,-0.06983,0.98933,-0.0206,-0.81778,9.69444,-0.0195,-0.0312,1.0062,0.01558,-0.05468,1.00005,-0.02022,-0.73958,9.79507
10.4817,-1.904442,2.01606,-7.99855,0.898023,0.058133,0.048878,-0.759187,9.702438,0.0975,-0.0858,0.9516,0.11142,-0.07984,0.95922,1.09267,-0.78292,9.40675,0.1287,0.0078,0.9048,0.08777,-0.02712,0.98255,-0.14907,-1.85813,9.49631,0.0351,-0.078,0.9906,0.06321,-0.09224,1.00899,-0.88457,-0.65557,9.89428,0.0858,-0.0507,1.0179,0.1187,-0.07371,1.01182,0.13648,0.25988,10.01242
10.5037,-0.768006,0.999828,-4.707288,1.210243,0.060563,-0.021054,-0.755635,9.730923,0.0507,-0.0975,0.975,0.06654,-0.09137,0.98328,0.65255,-0.89605,9.64265,0.0702,0.0039,0.9087,0.03086,-0.03087,0.98648,-0.19159,-1.30754,9.59291,0.0195,-0.0897,0.9828,0.04809,-0.10345,1.00112,-0.73823,-0.53077,9.83926,0.0273,-0.0546,1.0062,0.06141,-0.07751,1.00005,0.19305,-0.28818,9.84886
10.5256,-2.196807,0.272802,-0.157566,1.103596,0.026472,-0.107218,-0.934664,9.696894,-0.0234,-0.1131,0.9516,-0.00452,-0.10675,0.95922,-0.04431,-1.0469,9.40675,0.0312,-0.0078,0.9126,-0.00708,-0.04212,0.99041,-0.30555,-0.94285,9.67093,-0.0429,-0.0624,0.9984,-0.0124,-0.0773,1.01685,-0.1406,-0.79045,9.96913,-0.0429,-0.039,1.0023,-0.00733,-0.06229,0.99613,0.06158,-0.95846,9.74077
10.5475,0.685381,-1.079826,2.047216,1.146098,0.095879,-0.127699,-0.984236,9.70511,-0.0585,-0.117,0.9867,-0.03818,-0.1106,0.99531,-0.3744,-1.08461,9.76061,0.0195,-0.0234,0.9321,-0.01846,-0.05711,1.01005,-0.45166,-0.8536,9.87556,-0.0936,-0.0507,0.9594,-0.06155,-0.06609,0.97753,0.35382,-0.82518,9.58515,-0.0663,-0.0273,0.9906,-0.03025,-0.05087,0.98436,-0.03856,-1.17355,9.59912
10.5694,0.247762,-1.623087,9.652962,1.11092,0.019352,-0.306625,-1.109132,9.749048,-0.1833,-0.1326,0.9906,-0.15786,-0.12598,0.99931,-1.54805,-1.23545,9.79993,-0.0819,-0.0234,0.9282,-0.1171,-0.05711,1.00612,-0.46282,0.11246,9.93764,-0.1521,-0.039,0.975,-0.11826,-0.05489,0.99326,0.90951,-0.94125,9.7365,-0.1911,-0.0156,0.9945,-0.15246,-0.03946,0.98828,-0.12514,-2.37229,9.52213
10.5912,0.079409,-0.002107,1.075133,0.884177,0.035545,-0.088548,-0.85627,9.800336,-0.039,-0.1014,0.9867,-0.01948,-0.09522,0.99531,-0.19101,-0.93377,9.76061,0.0039,0.0,0.9282,-0.03363,-0.03462,1.00612,-0.23321,-0.69891,9.8505,-0.0624,-0.0585,0.975,-0.0313,-0.07356,0.99326,0.05135,-0.7854,9.74028,-0.0468,-0.0351,1.014,-0.01115,-0.05849,1.0079,0.01869,-1.00701,9.84996
10.6131,-1.647929,0.425666,0.285827,0.901785,0.060487,0.029566,-0.829581,9.734586,-0.0156,-0.0936,0.9555,0.00296,-0.08753,0.96323,0.02905,-0.85834,9.44606,0.0195,0.0078,0.9204,-0.01846,-0.02712,0.99826,-0.15891,-0.83803,9.75769,-0.0702,-0.0663,0.9867,-0.03887,-0.08103,1.00505,0.12024,-0.72877,9.86793,-0.0351,-0.0468,1.014,0.00031,-0.0699,1.0079,0.12788,-0.89318,9.86666
10.6349,-2.155989,1.869139,-5.457022,0.82356,0.047052,0.032969,-0.805744,9.709785,0.0663,-0.0897,0.9555,0.0815,-0.08368,0.96323,0.79926,-0.82063,9.44606,0.0897,0.0078,0.897,0.04983,-0.02712,0.97469,-0.15406,-1.48012,9.45829,0.0117,-0.0663,1.0023,0.04053,-0.08103,1.02078,-0.66137,-0.77547,9.998,0.0429,-0.0507,1.014,0.07669,-0.07371,1.0079,0.14804,-0.14675,9.93679
10.6568,-0.537529,-0.381398,-1.413402,0.908952,0.034212,-0.116451,-0.836959,9.721463,-0.0078,-0.1014,0.9711,0.01044,-0.09522,0.97927,0.1024,-0.93377,9.60334,0.0351,0.0,0.9282,-0.00328,-0.03462,1.00612,-0.22991,-0.99493,9.81961,-0.0234,-0.0663,0.975,0.0065,-0.08103,0.99326,-0.32155,-0.72392,9.74094,-0.0156,-0.0312,0.9984,0.0194,-0.05468,0.9922,-0.01674,-0.69522,9.72197
10.6787,-0.982384,-0.835767,-5.650987,1.007123,0.032703,-0.171808,-1.017231,9.778577,0.039,-0.1209,0.9711,0.05532,-0.11444,0.97927,0.54252,-1.12232,9.60334,0.1131,-0.0117,0.9477,0.0726,-0.04587,1.02576,-0.32978,-1.75629,9.93505,0.0351,-0.0507,0.9906,0.06321,-0.06609,1.00899,-0.876,-0.9088,9.85483,0.0273,-0.0312,0.9945,0.06141,-0.05468,0.98828,-0.02397,-0.28151,9.72109
10.7005,1.485802,-1.057289,3.221938,1.051694,0.061671,-0.276176,-0.920961,9.739538,-0.0858,-0.1209,1.0023,-0.06436,-0.11444,1.01134,-0.63113,-1.12232,9.91788,-0.0312,-0.0156,0.9282,-0.06778,-0.04962,1.00612,-0.38395,-0.36767,9.88671,-0.0585,-0.0507,0.9555,-0.02752,-0.06609,0.9736,0.02133,-0.82901,9.53752,-0.0858,-0.0195,0.9945,-0.04934,-0.04326,0.98828,-0.11095,-1.36484,9.61604
10.7224,-1.247503,-1.599321,9.223873,0.82952,0.076316,-0.205576,-1.190714,9.73815,-0.1638,-0.1287,0.9633,-0.13916,-0.12214,0.97125,-1.36467,-1.19774,9.5247,-0.0663,0.0,0.936,-0.10192,-0.03462,1.01398,-0.23978,-0.04085,9.99663,-0.1482,-0.0351,0.9867,-0.11448,-0.05115,1.00505,0.87094,-0.99641,9.84406,-0.2067,-0.0195,1.0023,-0.16773,-0.04326,0.99613,-0.0888,-2.52786,9.58721
10.7443,-0.475747,1.869526,2.39169,0.916146,0.046193,-0.010333,-0.828365,9.806629,-0.0507,-0.1014,0.9789,-0.0307,-0.09522,0.98729,-0.30104,-0.93377,9.68197,-0.0078,0.0117,0.9048,-0.04501,-0.02338,0.98255,-0.12676,-0.56259,9.63109,-0.0936,-0.0702,0.9789,-0.06155,-0.08477,0.99719,0.34312,-0.67413,9.80376,-0.0585,-0.039,1.0413,-0.02261,-0.06229,1.03536,0.04334,-1.14297,10.10969
10.7661,-2.8194,0.611658,-1.156353,0.722669,0.086845,0.045212,-0.731798,9.710623,0.0195,-0.0858,0.9438,0.03662,-0.07984,0.9512,0.35914,-0.78292,9.32811,0.0078,0.0117,0.9087,-0.02984,-0.02338,0.98648,-0.12468,-0.7146,9.65396,-0.039,-0.0663,1.0062,-0.00862,-0.08103,1.02471,-0.1807,-0.76729,10.04988,-0.0117,-0.0468,1.0062,0.02322,-0.0699,1.00005,0.12708,-0.66238,9.81055
10.7880,-0.322359,0.314793,-8.146562,0.670878,0.027182,-0.105132,-0.793548,9.822499,0.078,-0.0897,0.9867,0.09272,-0.08368,0.99531,0.90929,-0.82063,9.76061,0.1287,0.0078,0.936,0.08777,-0.02712,1.01398,-0.14564,-1.89008,9.80283,0.0624,-0.0741,0.9867,0.08968,-0.0885,1.00505,-1.14175,-0.6934,9.84313,0.0819,-0.0312,1.0062,0.11488,-0.05468,1.00005,-0.04243,0.22992,9.88342
10.8098,-0.924574,-0.187879,-2.123313,0.809545,0.032618,-0.263595,-0.932686,9.689106,-0.0156,-0.1092,0.9633,0.00296,-0.10291,0.97125,0.02905,-1.00919,9.5247,0.0585,-0.0117,0.9243,0.01948,-0.04587,1.00219,-0.33813,-1.21429,9.75922,0.0,-0.0585,0.9789,0.02919,-0.07356,0.99719,-0.54229,-0.80877,9.76139,-0.0156,-0.0117,0.9984,0.0194,-0.03565,0.9922,-0.203,-0.6985,9.71112
10.8317,0.822817,-1.706496,-4.874977,0.988697,0.032871,-0.222446,-1.032696,9.728815,0.0273,-0.1209,0.9906,0.0441,-0.11444,0.99931,0.43249,-1.12232,9.79993,0.1053,-0.0156,0.9516,0.06501,-0.04962,1.02969,-0.36693,-1.68673,9.98145,0.0312,-0.0507,0.9633,0.05943,-0.06609,0.98146,-0.83255,-0.86596,9.58929,0.0078,-0.0195,0.9789,0.04232,-0.04326,0.97259,-0.1228,-0.45578,9.54459
10.8536,0.922483,0.428445,-0.409166,1.061887,0.042483,-0.13214,-0.975148,9.68397,-0.0234,-0.1248,0.9867,-0.00452,-0.11829,0.99531,-0.04431,-1.16003,9.76061,0.0312,-0.0039,0.9126,-0.00708,-0.03837,0.99041,-0.26879,-0.9424,9.67057,-0.0312,-0.0468,0.9555,-0.00106,-0.06236,0.9736,-0.23677,-0.8728,9.52445,-0.039,-0.0351,1.0062,-0.00351,-0.05849,1.00005,0.02131,-0.92536,9.78025
10.8754,0.060608,1.112534,5.130827,1.108823,0.063896,0.024646,-0.939336,9.743846,-0.078,-0.1131,0.9828,-0.05688,-0.10675,0.9913,-0.55778,-1.0469,9.72129,-0.0468,0.0078,0.9009,-0.08295,-0.02712,0.97862,-0.16807,-0.18902,9.63175,-0.117,-0.0507,0.9711,-0.08423,-0.06609,0.98933,0.57335,-0.83655,9.70578,-0.117,-0.0585,1.0257,-0.0799,-0.08132,1.01967,0.25108,-1.68488,9.91656
10.8972,-1.426494,0.274712,7.835996,0.965686,0.046452,0.052414,-0.861248,9.761772,-0.1131,-0.1014,0.9633,-0.09054,-0.09522,0.97125,-0.88787,-0.93377,9.5247,-0.0819,0.0117,0.9126,-0.1171,-0.02338,0.99041,-0.13374,0.13247,9.78109,-0.1716,-0.0624,0.9867,-0.13717,-0.0773,1.00505,1.08465,-0.73666,9.88988,-0.1404,-0.0468,1.0218,-0.10281,-0.0699,1.01574,0.14662,-1.90704,9.85142
10.9191,-2.273998,-0.338693,3.070525,0.716501,0.060612,-0.162995,-0.741287,9.750516,-0.0858,-0.0819,0.9516,-0.06436,-0.07599,0.95922,-0.63113,-0.74521,9.40675,-0.0312,0.0039,0.9243,-0.06778,-0.03087,1.00219,-0.2006,-0.36144,9.84657,-0.0741,-0.0702,0.9984,-0.04265,-0.08477,1.01685,0.15332,-0.7094,9.98889,-0.0624,-0.0351,1.0062,-0.02643,-0.05849,1.00005,0.02643,-1.1491,9.75986
10.9409,-1.696609,-0.512463,-3.380925,0.565491,0.060995,-0.154879,-0.835516,9.713761,0.0156,-0.0897,0.9516,0.03288,-0.08368,0.95922,0.32246,-0.82063,9.40675,0.0624,0.0,0.936,0.02328,-0.03462,1.01398,-0.22616,-1.26193,9.86921,0.0078,-0.0624,0.9867,0.03675,-0.0773,1.00505,-0.61944,-0.7867,9.84108,0.0078,-0.0234,0.9984,0.04232,-0.04707,0.9922,-0.09637,-0.4728,9.73802
10.9628,-0.646869,-1.20644,-7.3238,0.656197,0.045682,-0.180482,-0.996285,9.744952,0.0702,-0.1092,0.975,0.08524,-0.10291,0.98328,0.83593,-1.00919,9.64265,0.1287,-0.0039,0.9477,0.08777,-0.03837,1.02576,-0.25462,-1.90341,9.91888,0.0663,-0.0507,0.9867,0.09346,-0.06609,1.00505,-1.17145,-0.91154,9.80825,0.039,-0.0195,0.9828,0.07287,-0.04326,0.97651,-0.1318,-0.16101,9.61003
10.9846,1.287679,-0.352558,-5.464227,0.873151,0.058817,-0.151894,-0.971588,9.724334,0.0312,-0.117,0.9945,0.04784,-0.1106,1.00332,0.46917,-1.08461,9.83925,0.1131,-0.0039,0.936,0.0726,-0.03837,1.01398,-0.25755,-1.74342,9.81937,0.0234,-0.0468,0.9555,0.05187,-0.06236,0.9736,-0.7554,-0.88803,9.5096,0.039,-0.0273,0.9945,0.07287,-0.05087,0.98828,-0.06379,-0.1703,9.72912
11.0065,0.20955,-0.029514,-1.377554,1.007374,0.028117,-0.011044,-1.083649,9.722293,0.0039,-0.1287,0.9828,0.02166,-0.12214,0.9913,0.21243,-1.19774,9.72129,0.0624,0.0039,0.9243,0.02328,-0.03087,1.00219,-0.1907,-1.2495,9.75389,-0.039,-0.039,0.9711,-0.00862,-0.05489,0.98933,-0.16389,-0.96683,9.66765,-0.039,-0.0429,1.0023,-0.00351,-0.0661,0.99613,0.09798,-0.92052,9.74634
11.0283,1.108431,1.023801,0.12,1.164607,0.069471,0.060896,-0.981563,9.706766,-0.0039,-0.1131,0.9945,0.01418,-0.10675,1.00332,0.13908,-1.0469,9.83925,0.039,0.0078,0.9048,0.00051,-0.02712,0.98255,-0.15856,-1.00707,9.58512,-0.0624,-0.0624,0.9555,-0.0313,-0.0773,0.9736,0.0547,-0.71939,9.55549,-0.0624,-0.0546,1.014,-0.02643,-0.07751,1.0079,0.20837,-1.15289,9.84721
11.0502,-2.010534,0.010299,7.465387,0.971564,0.06903,0.036851,-0.941517,9.674963,-0.1092,-0.1014,0.9477,-0.0868,-0.09522,0.95521,-0.85119,-0.93377,9.36743,-0.0624,0.0078,0.9087,-0.09813,-0.02712,0.98648,-0.16886,-0.049,9.72383,-0.1638,-0.0585,0.9867,-0.1296,-0.07356,1.00505,1.01178,-0.77501,9.88212,-0.1521,-0.0468,1.0101,-0.11427,-0.0699,1.00397,0.15568,-2.0083,9.72647
11.0720,-1.984071,-0.457733,1.686313,0.771536,0.05785,-0.052886,-0.699743,9.736279,-0.0507,-0.0858,0.9555,-0.0307,-0.07984,0.96323,-0.30104,-0.78292,9.44606,-0.0156,0.0039,0.9243,-0.0526,-0.03087,1.00219,-0.19895,-0.50945,9.83112,-0.0858,-0.0702,0.9945,-0.05399,-0.08477,1.01292,0.26537,-0.70017,9.95399,-0.0273,-0.0351,0.9984,0.00794,-0.05849,0.9922,0.02308,-0.80643,9.71394
11.0939,-1.95506,-1.123938,1.516554,0.604358,0.066155,-0.189031,-0.817923,9.759128,-0.0585,-0.0819,0.9555,-0.03818,-0.07599,0.96323,-0.3744,-0.74521,9.44606,0.0039,-0.0039,0.9399,-0.03363,-0.03837,1.01791,-0.26868,-0.71133,9.96581,-0.0585,-0.0702,0.9945,-0.02752,-0.08477,1.01292,0.00605,-0.70778,9.94656,-0.0585,-0.0195,0.9984,-0.02261,-0.04326,0.9922,-0.1191,-1.10736,9.67808
11.1158,-0.287951,-1.067059,-7.534432,0.719616,0.10469,-0.116963,-0.966667,9.748448,0.0897,-0.1014,0.9789,0.10394,-0.09522,0.98729,1.01932,-0.93377,9.68197,0.1326,0.0,0.9477,0.09157,-0.03462,1.02576,-0.21745,-1.93996,9.91465,0.0624,-0.0663,0.9789,0.08968,-0.08103,0.99719,-1.13747,-0.75382,9.75569,0.0312,-0.0195,0.9867,0.06523,-0.04326,0.98043,-0.13226,-0.23912,9.64148
11.1376,0.93496,0.580371,-4.047204,0.94607,0.068397,-0.071873,-0.917341,9.762475,0.0234,-0.117,0.9945,0.04036,-0.1106,1.00332,0.39581,-1.08461,9.83925,0.0858,0.0,0.9243,0.04604,-0.03462,1.00219,-0.22497,-1.47197,9.73109,-0.0078,-0.0507,0.9633,0.02163,-0.06609,0.98146,-0.46209,-0.85508,9.5999,0.0312,-0.0351,1.0101,0.06523,-0.05849,1.00397,0.00376,-0.25771,9.87967
11.1595,0.091968,1.115053,-6.268379,1.108016,0.043438,0.058755,-1.083504,9.689254,0.0741,-0.1248,0.9789,0.08898,-0.11829,0.98729,0.87261,-1.16003,9.68197,0.1365,0.0039,0.9126,0.09536,-0.03087,0.99041,-0.18414,-1.94057,9.56558,0.0156,-0.0429,0.9711,0.04431,-0.05862,0.98933,-0.68375,-0.94589,9.65843,0.0273,-0.0585,1.0062,0.06141,-0.08132,1.00005,0.2303,-0.28753,9.85103
11.1813,1.869328,0.742172,3.018588,1.254472,0.071321,0.055003,-1.062086,9.733808,-0.0429,-0.1248,1.0062,-0.02322,-0.11829,1.01535,-0.22769,-1.16003,9.9572,0.0078,0.0039,0.9087,-0.02984,-0.03087,0.98648,-0.19819,-0.71549,9.65469,-0.1014,-0.0546,0.9477,-0.06911,-0.06983,0.96573,0.42944,-0.76894,9.47865,-0.1092,-0.0546,1.0179,-0.07226,-0.07751,1.01182,0.21645,-1.60388,9.84469
11.2034,-3.278712,-0.710955,9.097731,0.9981,0.04161,-0.006276,-1.049527,9.678051,-0.1443,-0.1248,0.936,-0.12046,-0.11829,0.94318,-1.18128,-1.16003,9.24947,-0.078,0.0039,0.9126,-0.11331,-0.03087,0.99041,-0.20684,0.09457,9.77796,-0.1872,-0.039,1.0101,-0.15229,-0.05489,1.02865,1.23468,-0.98515,10.08882,-0.1677,-0.0429,0.9984,-0.12954,-0.0661,0.9922,0.12834,-2.1475,9.59595
11.2253,0.790251,-1.492697,3.753661,0.890449,0.038712,-0.114087,-0.64399,9.783265,-0.078,-0.078,0.9945,-0.05688,-0.07215,1.00332,-0.55778,-0.7075,9.83925,-0.0507,0.0,0.9399,-0.08675,-0.03462,1.01791,-0.2377,-0.19285,10.0195,-0.0975,-0.0858,0.9594,-0.06533,-0.09971,0.97753,0.37985,-0.49852,9.63694,-0.0663,-0.0273,0.9945,-0.03025,-0.05087,0.98828,-0.04072,-1.17709,9.63737
11.2471,-4.991762,-0.933096,1.362449,0.516298,0.044557,-0.118276,-0.753005,9.716552,-0.0507,-0.0819,0.9126,-0.0307,-0.07599,0.91913,-0.30104,-0.74521,9.01356,-0.0078,0.0039,0.9321,-0.04501,-0.03087,1.01005,-0.19726,-0.59144,9.90003,-0.0663,-0.0702,1.0296,-0.03508,-0.08477,1.04831,0.0719,-0.75929,10.29145,-0.039,-0.0273,0.9945,-0.00351,-0.05087,0.98828,-0.0467,-0.91607,9.66116
11.2691,-1.71226,-0.61208,-7.831554,0.681818,0.039356,-0.047593,-0.725295,9.72174,0.0819,-0.0819,0.9555,0.09646,-0.07599,0.96323,0.94597,-0.74521,9.44606,0.1131,0.0078,0.9399,0.0726,-0.02712,1.01791,-0.14686,-1.74607,9.85659,0.0507,-0.0741,0.9906,0.07834,-0.0885,1.00899,-1.03153,-0.6961,9.8844,0.0858,-0.039,0.9867,0.1187,-0.06229,0.98043,0.04205,0.2862,9.6999
11.2909,-0.611119,0.946959,-5.335109,1.076199,0.059453,-0.035646,-0.974537,9.659802,0.0546,-0.1209,0.9594,0.07028,-0.11444,0.96724,0.68923,-1.12232,9.48538,0.1053,0.0039,0.9165,0.06501,-0.03087,0.99433,-0.18701,-1.64855,9.63479,0.0195,-0.0585,0.9672,0.04809,-0.07356,0.98539,-0.72477,-0.79631,9.64183,0.0234,-0.0429,1.0101,0.05759,-0.0661,1.00397,0.07998,-0.33097,9.87721
11.3128,2.327581,0.714967,-4.090168,1.19984,0.040929,0.043773,-1.079789,9.675058,0.0468,-0.1326,1.0023,0.0628,-0.12598,1.01134,0.61587,-1.23545,9.91788,0.1014,0.0039,0.9165,0.06122,-0.03087,0.99433,-0.18743,-1.61154,9.63865,-0.0078,-0.0429,0.936,0.02163,-0.05862,0.95394,-0.45324,-0.88567,9.32202,-0.0039,-0.0546,1.0062,0.03086,-0.07751,1.00005,0.19988,-0.58649,9.82168
11.3347,0.719206,0.706777,0.538301,1.251221,0.025844,0.016109,-1.040203,9.713182,-0.0195,-0.1287,0.9906,-0.00078,-0.12214,0.99931,-0.00763,-1.19774,9.79993,0.0351,0.0,0.9087,-0.00328,-0.03462,0.98648,-0.23206,-0.97496,9.62803,-0.0663,-0.0507,0.9633,-0.03508,-0.06609,0.98146,0.09359,-0.83876,9.61581,-0.0624,-0.0546,1.0101,-0.02643,-0.07751,1.00397,0.21053,-1.14935,9.80896
11.3566,-0.491072,-1.081415,6.248321,1.153374,0.050898,-0.017812,-0.895438,9.739183,-0.1014,-0.1092,0.9711,-0.07932,-0.10291,0.97927,-0.77784,-1.00919,9.60334,-0.0585,0.0,0.9321,-0.09434,-0.03462,1.01005,-0.23938,-0.11086,9.95059,-0.1404,-0.0624,0.9711,-0.10692,-0.0773,0.98933,0.79195,-0.7215,9.72905,-0.1248,-0.0468,1.0023,-0.08753,-0.0699,0.99613,0.15403,-1.74021,9.67375
11.3784,-3.420771,-0.334633,3.345375,1.028897,0.040424,-0.071785,-0.765023,9.763444,-0.0741,-0.0897,0.9399,-0.05314,-0.08368,0.94719,-0.5211,-0.82063,9.28879,-0.0273,0.0,0.9243,-0.06398,-0.03462,1.00219,-0.23694,-0.39889,9.84307,-0.0975,-0.0819,1.014,-0.06533,-0.09598,1.03258,0.36826,-0.61821,10.16451,-0.0702,-0.0429,1.0062,-0.03407,-0.0661,1.00005,0.10265,-1.22236,9.75741
11.4003,-1.581486,-0.070584,-2.807949,0.975867,0.039397,-0.057509,-0.649498,9.766737,0.0156,-0.078,0.9633,0.03288,-0.07215,0.97125,0.32246,-0.7075,9.5247,0.039,0.0039,0.9282,0.00051,-0.03087,1.00612,-0.19274,-1.03148,9.81538,-0.0117,-0.0936,0.9906,0.01785,-0.10718,1.00899,-0.44492,-0.49782,9.92956,0.0195,-0.0429,1.0023,0.05377,-0.0661,0.99613,0.08516,-0.36119,9.79731
11.4222,-2.677104,0.430163,-8.887327,1.132507,0.037909,0.023565,-0.774712,9.703183,0.1053,-0.0936,0.9438,0.1189,-0.08753,0.9512,1.16603,-0.85834,9.32811,0.1365,0.0039,0.9243,0.09536,-0.03087,1.00219,-0.18285,-1.95255,9.68053,0.0585,-0.0858,1.0023,0.0859,-0.09971,1.02078,-1.11203,-0.60765,10.01345,0.0897,-0.0585,0.9945,0.12252,-0.08132,0.98828,0.22312,0.3197,9.79065
11.4440,1.303462,0.341237,-2.10043,1.296377,0.02863,-0.014374,-0.92158,9.741464,0.0117,-0.1248,0.9984,0.02914,-0.11829,1.00733,0.28578,-1.16003,9.87856,0.0507,0.0,0.9204,0.01189,-0.03462,0.99826,-0.22912,-1.13495,9.72753,-0.0234,-0.0624,0.9555,0.0065,-0.0773,0.9736,-0.31575,-0.73027,9.54488,-0.0117,-0.0546,1.0062,0.02322,-0.07751,1.00005,0.20159,-0.66107,9.81488
11.4659,1.874311,0.241111,-0.714608,1.364623,0.07373,-0.0914,-1.218537,9.745914,-0.0273,-0.1482,1.0101,-0.00826,-0.14136,1.01936,-0.08098,-1.38629,9.99652,0.0741,0.0,0.9204,0.03466,-0.03462,0.99826,-0.22664,-1.35697,9.70436,-0.0234,-0.0429,0.9555,0.0065,-0.05862,0.9736,-0.30963,-0.91115,9.51669,-0.0702,-0.0585,1.0062,-0.03407,-0.08132,1.00005,0.25166,-1.21974,9.76608
11.4877,1.253385,-0.841145,7.086758,1.295977,0.066121,0.033752,-1.074958,9.659716,-0.1053,-0.1326,0.9828,-0.08306,-0.12598,0.9913,-0.81452,-1.23545,9.72129,-0.0507,0.0,0.9243,-0.08675,-0.03462,1.00219,-0.23942,-0.17687,9.86624,-0.156,-0.0429,0.9399,-0.12204,-0.05862,0.95787,0.95357,-0.8503,9.40042,-0.156,-0.0546,1.0023,-0.11809,-0.07751,0.99613,0.23537,-2.0372,9.65091
11.5096,-0.701496,0.323953,1.074407,1.135631,0.042863,0.010822,-0.759552,9.736637,-0.0273,-0.0975,0.9711,-0.00826,-0.09137,0.97927,-0.08098,-0.89605,9.60334,0.0,0.0078,0.9165,-0.03743,-0.02712,0.99433,-0.1614,-0.64903,9.73868,-0.0741,-0.0858,0.975,-0.04265,-0.09971,0.99326,0.15392,-0.5289,9.78292,-0.0429,-0.0468,1.0101,-0.00733,-0.0699,1.00397,0.13175,-0.96422,9.82161
11.5315,-2.803359,-0.61823,-1.752636,1.038078,0.075536,-0.064294,-0.728404,9.750591,0.0,-0.078,0.9477,0.01792,-0.07215,0.95521,0.17575,-0.7075,9.36743,0.039,0.0,0.9321,0.00051,-0.03462,1.01005,-0.22907,-1.03592,9.85406,-0.0234,-0.0936,1.0062,0.0065,-0.10718,1.02471,-0.33744,-0.51842,10.08509,-0.0117,-0.0468,0.9945,0.02322,-0.0699,0.98828,0.13358,-0.65177,9.69579
11.5534,-2.752115,0.191301,-8.468406,1.16466,0.058866,0.012159,-0.64672,9.725051,0.1053,-0.0858,0.9399,0.1189,-0.07984,0.94719,1.16603,-0.78292,9.28879,0.1092,0.0,0.9321,0.0688,-0.03462,1.01005,-0.22164,-1.70197,9.78455,0.0546,-0.0975,0.9984,0.08212,-0.11092,1.01685,-1.07774,-0.49207,9.99333,0.0975,-0.0546,0.9984,0.13016,-0.07751,0.9922,0.182,0.39008,9.83353
11.5752,0.192024,-0.68469,-5.217942,1.263573,0.037034,-0.043869,-0.846509,9.743034,0.0468,-0.1131,0.9828,0.0628,-0.10675,0.9913,0.61587,-1.0469,9.72129,0.0936,-0.0039,0.9399,0.05363,-0.03837,1.01791,-0.25919,-1.5624,9.877,0.0117,-0.078,0.9672,0.04053,-0.09224,0.98539,-0.6568,-0.61326,9.67213,0.039,-0.0468,0.9906,0.07287,-0.0699,0.98436,0.12464,-0.16349,9.70172
11.5971,0.34313,-0.218033,2.965471,1.378414,0.103085,0.04684,-1.088435,9.713594,-0.0351,-0.1326,0.9828,-0.01574,-0.12598,0.9913,-0.15434,-1.23545,9.72129,0.0,0.0,0.9204,-0.03743,-0.03462,0.99826,-0.23448,-0.65392,9.77773,-0.0897,-0.0585,0.9633,-0.05777,-0.07356,0.98146,0.31341,-0.75989,9.63345,-0.1209,-0.0585,1.0062,-0.08371,-0.08132,1.00005,0.26277,-1.70449,9.72191
11.6190,1.078535,-0.288348,5.201642,1.394971,0.035558,0.066825,-1.055353,9.750135,-0.0858,-0.1326,0.9984,-0.06436,-0.12598,1.00733,-0.63113,-1.23545,9.87856,-0.0195,0.0039,0.9204,-0.0564,-0.03087,0.99826,-0.19979,-0.46845,9.79667,-0.1365,-0.0546,0.9594,-0.10314,-0.06983,0.97753,0.7601,-0.77704,9.60246,-0.1248,-0.0663,1.0062,-0.08753,-0.08893,1.00005,0.33813,-1.74046,9.72285
11.6408,-0.320865,0.88668,1.981102,1.178228,0.07889,0.160196,-0.838353,9.751908,-0.0156,-0.1014,0.9828,0.00296,-0.09522,0.9913,0.02905,-0.93377,9.72129,-0.0039,0.0039,0.9048,-0.04122,-0.03087,0.98255,-0.19986,-0.60049,9.62796,-0.1131,-0.0663,0.9789,-0.08045,-0.08103,0.99719,0.52958,-0.70487,9.80343,-0.0585,-0.0624,1.014,-0.02261,-0.08513,1.0079,0.28202,-1.11429,9.85495
11.6626,-1.859022,0.385094,-5.327014,1.173694,0.057204,0.071012,-0.711676,9.71429,0.0663,-0.0897,0.9516,0.0815,-0.08368,0.95922,0.79926,-0.82063,9.40675,0.0819,0.0039,0.9243,0.04225,-0.03087,1.00219,-0.18863,-1.43452,9.73459,0.0,-0.0897,0.9867,0.02919,-0.10345,1.00505,-0.55391,-0.53129,9.88265,0.0507,-0.0585,1.0023,0.08433,-0.08132,0.99613,0.22734,-0.06026,9.83317
11.6845,-1.595884,0.408199,-4.02828,1.321691,0.028617,-0.048964,-0.693546,9.729107,0.0273,-0.0975,0.9594,0.0441,-0.09137,0.96724,0.43249,-0.89605,9.48538,0.0624,-0.0039,0.9204,0.02328,-0.03837,0.99826,-0.26464,-1.24641,9.71631,0.0,-0.0975,0.9867,0.02919,-0.11092,1.00505,-0.55636,-0.45894,9.89393,0.039,-0.0546,1.0023,0.07287,-0.07751,0.99613,0.19265,-0.17278,9.82081
11.7063,-1.365364,-1.520158,-1.635849,1.293544,0.027921,-0.060152,-0.823422,9.739242,0.0,-0.1131,0.9633,0.01792,-0.10675,0.97125,0.17575,-1.0469,9.5247,0.0351,-0.0078,0.9438,-0.00328,-0.04212,1.02183,-0.3017,-1.0118,9.9736,-0.0312,-0.078,0.9867,-0.00106,-0.09224,1.00505,-0.25388,-0.63112,9.87423,-0.0078,-0.0468,0.9828,0.02704,-0.0699,0.97651,0.13922,-0.60388,9.58444
11.7284,0.440248,-0.190681,1.489596,1.394601,0.076775,0.053194,-0.918153,9.719317,-0.039,-0.1248,0.9867,-0.01948,-0.11829,0.99531,-0.19101,-1.16003,9.76061,0.0195,-0.0039,0.9204,-0.01846,-0.03837,0.99826,-0.26917,-0.83938,9.75878,-0.1014,-0.0663,0.9633,-0.06911,-0.08103,0.98146,0.4221,-0.68427,9.64791,-0.0468,-0.0585,0.9984,-0.01115,-0.08132,0.9922,0.25086,-0.98894,9.70997
11.7503,0.156842,-0.426753,8.091962,1.282342,0.045017,0.04742,-0.948364,9.789908,-0.1287,-0.1248,0.9906,-0.1055,-0.11829,0.99931,-1.03458,-1.16003,9.79993,-0.078,0.0039,0.9204,-0.11331,-0.03087,0.99826,-0.20598,0.08659,9.85459,-0.1755,-0.0507,0.975,-0.14095,-0.06609,0.99326,1.12811,-0.8262,9.75978,-0.1404,-0.0624,1.0101,-0.10281,-0.08513,1.00397,0.30213,-1.89381,9.74534
11.7722,-0.30692,1.603037,-0.386208,1.192972,0.051023,0.092021,-0.812747,9.741916,-0.0039,-0.1053,0.975,0.01418,-0.09906,0.98328,0.13908,-0.97148,9.64265,0.0273,0.0078,0.9048,-0.01087,-0.02712,0.98255,-0.1598,-0.89606,9.5967,-0.0702,-0.0702,0.9711,-0.03887,-0.08477,0.98933,0.12268,-0.66873,9.72123,-0.0156,-0.0624,1.0257,0.0194,-0.08513,1.01967,0.26612,-0.71472,10.00708
11.7941,-1.025662,0.441088,-6.707613,1.194393,0.049939,0.080802,-0.777269,9.766865,0.0741,-0.0975,0.975,0.08898,-0.09137,0.98328,0.87261,-0.89605,9.64265,0.1131,0.0078,0.9243,0.0726,-0.02712,1.00219,-0.14858,-1.73009,9.70333,0.0156,-0.0819,0.9906,0.04431,-0.09598,1.00899,-0.70056,-0.61396,9.90522,0.0702,-0.0663,0.9984,0.10342,-0.08893,0.9922,0.29974,0.13103,9.81625
11.8160,-0.929255,-0.085557,-2.657481,1.311671,0.040166,-0.147021,-0.79525,9.738816,0.0039,-0.1053,0.9672,0.02166,-0.09906,0.97526,0.21243,-0.97148,9.56402,0.0507,-0.0156,0.9282,0.01189,-0.04962,1.00612,-0.37528,-1.14473,9.80562,-0.0039,-0.0858,0.9789,0.02541,-0.09971,0.99719,-0.51381,-0.55445,9.80191,0.0039,-0.0429,1.0023,0.0385,-0.0661,0.99613,0.08858,-0.51034,9.78372
11.8378,-0.752982,-1.120928,-1.332445,1.425376,0.051869,-0.208613,-0.795417,9.752602,-0.0273,-0.117,0.975,-0.00826,-0.1106,0.98328,-0.08098,-1.08461,9.64265,0.0234,-0.0195,0.936,-0.01466,-0.05336,1.01398,-0.41407,-0.89415,9.90965,-0.0078,-0.0819,0.9828,0.02163,-0.09598,1.00112,-0.47646,-0.5955,9.83542,-0.0078,-0.0468,0.9867,0.02704,-0.0699,0.98043,0.13706,-0.60741,9.62269
11.8597,-0.421454,-1.154386,7.038464,1.341531,0.050544,-0.045063,-0.872757,9.697215,-0.117,-0.117,0.9672,-0.09428,-0.1106,0.97526,-0.92455,-1.08461,9.56402,-0.0702,-0.0039,0.9282,-0.10572,-0.03837,1.00612,-0.27781,0.0037,9.92423,-0.1482,-0.0741,0.9633,-0.11448,-0.0885,0.98146,0.8642,-0.59887,9.67191,-0.1326,-0.0468,0.9984,-0.09517,-0.0699,0.9922,0.1579,-1.81125,9.6287
11.8815,0.352804,1.44744,2.658773,1.313085,0.060573,0.168067,-0.816047,9.748178,-0.0312,-0.1053,0.9828,-0.012,-0.09906,0.9913,-0.11766,-0.97148,9.72129,-0.0117,0.0117,0.9048,-0.04881,-0.02338,0.98255,-0.12717,-0.52559,9.63495,-0.117,-0.078,0.9594,-0.08423,-0.09224,0.97753,0.56753,-0.56543,9.63097,-0.0663,-0.0702,1.0296,-0.03025,-0.09274,1.02359,0.34957,-1.20169,10.0055
11.9034,-1.863382,0.728102,-0.811514,1.130414,0.053612,0.127345,-0.672026,9.754137,0.0,-0.0936,0.9594,0.01792,-0.08753,0.96724,0.17575,-0.85834,9.48538,0.0078,0.0234,0.9126,-0.02984,-0.01213,0.99041,-0.01398,-0.71725,9.69118,-0.0546,-0.0819,0.9945,-0.02374,-0.09598,1.01292,-0.03466,-0.60035,9.96241,0.0039,-0.0741,1.0101,0.0385,-0.09654,1.00397,0.38227,-0.51217,9.87758
11.9253,-0.303187,1.402111,-4.971662,1.199355,0.045324,0.080689,-0.767511,9.701287,0.0624,-0.0975,0.9711,0.07776,-0.09137,0.97927,0.76258,-0.89605,9.60334,0.0819,0.0078,0.9087,0.04225,-0.02712,0.98648,-0.15359,-1.4181,9.58096,0.0,-0.0819,0.9672,0.02919,-0.09598,0.98539,-0.54689,-0.57382,9.68095,0.039,-0.0624,1.014,0.07287,-0.08513,1.0079,0.26066,-0.18207,9.9399
11.9472,-0.55318,-0.9968,-5.380631,1.191737,0.026332,-0.052613,-0.840226,9.731434,0.0507,-0.1053,0.975,0.06654,-0.09906,0.98328,0.65255,-0.97148,9.64265,0.0936,-0.0039,0.9399,0.05363,-0.03837,1.01791,-0.25919,-1.5624,9.877,0.0195,-0.078,0.9789,0.04809,-0.09224,0.99719,-0.73364,-0.63333,9.78427,0.0351,-0.0468,0.9828,0.06905,-0.0699,0.97651,0.12982,-0.1937,9.62182
11.9691,-0.051445,-1.463494,2.732157,1.444942,0.072797,-0.091725,-0.94374,9.734432,-0.0624,-0.117,0.9789,-0.04192,-0.1106,0.98729,-0.41107,-1.08461,9.68197,0.0039,-0.0234,0.9399,-0.03363,-0.05711,1.01791,-0.45246,-0.71357,9.96763,-0.0936,-0.0741,0.9672,-0.06155,-0.0885,0.98539,0.34465,-0.62006,9.69514,-0.0858,-0.0468,0.9906,-0.04934,-0.0699,0.98436,0.15198,-1.35672,9.59298
11.9910,-0.951789,-0.615051,4.598902,1.103848,0.05752,0.054435,-0.876076,9.709617,-0.0663,-0.1014,0.9672,-0.04566,-0.09522,0.97526,-0.44775,-0.93377,9.56402,-0.0351,0.0039,0.9204,-0.07157,-0.03087,0.99826,-0.20144,-0.32044,9.81211,-0.1287,-0.0663,0.9789,-0.09558,-0.08103,0.99719,0.67776,-0.70052,9.80768,-0.1053,-0.0507,0.9984,-0.06844,-0.07371,0.9922,0.18917,-1.54958,9.65466
12.0129,-1.167242,0.573544,1.956099,1.133859,0.087875,0.214374,-0.797018,9.764826,-0.0078,-0.0897,0.9711,0.01044,-0.08368,0.97927,0.1024,-0.82063,9.60334,-0.0039,0.0156,0.9126,-0.04122,-0.01963,0.99041,-0.08873,-0.60713,9.7035,-0.1131,-0.0819,0.9867,-0.08045,-0.09598,1.00505,0.52285,-0.5721,9.90215,-0.0663,-0.0663,1.014,-0.03025,-0.08893,1.0079,0.32098,-1.18821,9.85032
12.0348,-1.269542,1.949724,-4.231959,1.147509,0.034211,0.160599,-0.678318,9.730337,0.0624,-0.0897,0.9672,0.07776,-0.08368,0.97526,0.76258,-0.82063,9.56402,0.0624,0.0156,0.897,0.02328,-0.01963,0.97469,-0.08343,-1.2202,9.48459,-0.0234,-0.0897,0.9867,0.0065,-0.10345,1.00505,-0.33164,-0.52477,9.88902,0.0429,-0.0663,1.0179,0.07669,-0.08893,1.01182,0.29489,-0.14767,9.98372
12.0566,-1.543517,0.111626,-5.924825,1.281745,0.041828,0.053096,-0.751721,9.751371,0.0741,-0.0975,0.9672,0.08898,-0.09137,0.97526,0.87261,-0.89605,9.56402,0.0897,0.0039,0.9243,0.04983,-0.03087,1.00219,-0.18781,-1.50852,9.72686,0.0195,-0.0936,0.9945,0.04809,-0.10718,1.01292,-0.7422,-0.51249,9.95916,0.0468,-0.0624,0.9945,0.08051,-0.08513,0.98828,0.26978,-0.08982,9.75544
12.0785,-0.226838,-0.828107,-2.682245,1.235361,0.020219,-0.134136,-0.88666,9.759246,0.0039,-0.1131,0.9828,0.02166,-0.10675,0.9913,0.21243,-1.0469,9.72129,0.0585,-0.0117,0.936,0.01948,-0.04587,1.01398,-0.33684,-1.22627,9.87416,-0.0039,-0.0702,0.9789,0.02541,-0.08477,0.99719,-0.50892,-0.69915,9.77936,-0.0039,-0.0429,0.9906,0.03086,-0.0661,0.98436,0.09679,-0.57432,9.66217
12.1004,1.307394,-1.99633,2.426984,1.44578,0.099334,0.020131,-0.927809,9.748426,-0.0468,-0.1248,0.9906,-0.02696,-0.11829,0.99931,-0.26437,-1.16003,9.79993,0.0039,-0.0117,0.9555,-0.03363,-0.04587,1.03362,-0.34047,-0.72821,10.1198,-0.1092,-0.0702,0.9438,-0.07667,-0.08477,0.9618,0.49955,-0.61609,9.46523,-0.0702,-0.0507,0.9906,-0.03407,-0.07371,0.98436,0.18582,-1.20691,9.60874
12.1223,-0.261262,-0.798687,11.331918,1.283692,0.032951,0.001725,-0.896551,9.835873,-0.1716,-0.1131,0.9945,-0.14664,-0.10675,1.00332,-1.43802,-1.0469,9.83925,-0.1248,0.0,0.9204,-0.15883,-0.03462,0.99826,-0.24769,0.53017,9.90129,-0.2106,-0.0663,0.9867,-0.17497,-0.08103,1.00505,1.45388,-0.6896,9.90613,-0.1911,-0.0546,1.0101,-0.15246,-0.07751,1.00397,0.23873,-2.37987,9.69683
12.1442,-2.781553,1.374995,3.138487,1.15174,0.054359,0.15531,-0.659029,9.700612,-0.0429,-0.0819,0.9399,-0.02322,-0.07599,0.94719,-0.22769,-0.74521,9.28879,-0.0351,0.0234,0.897,-0.07157,-0.01213,0.97469,-0.02024,-0.29424,9.58039,-0.1131,-0.0975,0.9945,-0.08045,-0.11092,1.01292,0.51612,-0.43933,10.00087,-0.0624,-0.0702,1.0218,-0.02643,-0.09274,1.01574,0.35305,-1.15733,9.93239
12.1660,-2.69996,0.889348,-4.944043,0.995449,0.096423,0.222465,-0.441537,9.710048,0.0897,-0.0702,0.9399,0.10394,-0.06445,0.94719,1.01932,-0.63208,9.28879,0.0273,0.0234,0.9126,-0.01087,-0.01213,0.99041,-0.01192,-0.90226,9.67187,-0.0156,-0.1014,0.9945,0.01406,-0.11465,1.01292,-0.41124,-0.43035,9.97998,0.078,-0.0663,1.0062,0.11106,-0.08893,1.00005,0.2937,0.19854,9.89955
12.1879,-0.460163,0.620206,-4.660887,1.236161,0.077031,-0.074464,-0.851069,9.770886,0.0312,-0.1014,0.9867,0.04784,-0.09522,0.99531,0.46917,-0.93377,9.76061,0.0975,0.0,0.9165,0.05742,-0.03462,0.99433,-0.2246,-1.57499,9.64288,0.0156,-0.0897,0.9867,0.04431,-0.10345,1.00505,-0.7021,-0.53564,9.87841,0.0195,-0.0507,1.0023,0.05377,-0.07371,0.99613,0.15967,-0.35988,9.80165
12.2099,0.948993,-1.575553,-4.378167,1.31757,0.049392,-0.132326,-0.887909,9.701522,0.0273,-0.1209,0.9867,0.0441,-0.11444,0.99531,0.43249,-1.12232,9.76061,0.0819,-0.0078,0.9477,0.04225,-0.04212,1.02576,-0.29632,-1.45982,9.96558,0.0195,-0.078,0.9516,0.04809,-0.09224,0.96966,-0.72723,-0.59157,9.51767,0.0156,-0.039,0.9789,0.04995,-0.06229,0.97259,0.06176,-0.37792,9.56224
12.2318,0.934791,-1.808992,4.843467,1.278342,0.085922,-0.164252,-0.904413,9.757998,-0.0936,-0.1248,0.9945,-0.07184,-0.11829,1.00332,-0.70449,-1.16003,9.83925,-0.0585,-0.0078,0.9399,-0.09434,-0.04212,1.01791,-0.31204,-0.11974,10.02796,-0.0858,-0.0624,0.9594,-0.05399,-0.0773,0.97753,0.27606,-0.71883,9.59994,-0.1131,-0.039,0.9906,-0.07608,-0.06229,0.98436,0.08346,-1.61905,9.56485
12.2537,-1.021944,0.122179,4.907639,1.180016,0.055216,0.032513,-0.815601,9.765789,-0.0819,-0.0975,0.975,-0.06062,-0.09137,0.98328,-0.59446,-0.89605,9.64265,-0.0429,0.0117,0.9126,-0.07916,-0.02338,0.99041,-0.12961,-0.23756,9.74248,-0.1209,-0.0819,0.9867,-0.08802,-0.09598,1.00505,0.59694,-0.56992,9.90427,-0.1053,-0.0585,1.0101,-0.06844,-0.08132,1.00397,0.25718,-1.55887,9.77375
12.2756,-1.709964,0.916722,4.57169,1.066015,0.055923,0.165388,-0.622779,9.791643,-0.0585,-0.0741,0.9633,-0.03818,-0.0683,0.97125,-0.3744,-0.66979,9.5247,-0.0624,0.0234,0.9087,-0.09813,-0.01213,0.98648,-0.02184,-0.0472,9.72237,-0.1326,-0.0936,0.9906,-0.09936,-0.10718,1.00899,0.70349,-0.4641,9.96245,-0.078,-0.0702,1.0257,-0.0417,-0.09274,1.01967,0.3543,-1.31002,9.95705
12.2975,-3.099352,1.561299,-5.359133,1.027073,0.084447,0.057373,-0.655594,9.754883,0.0624,-0.0702,0.9477,0.07776,-0.06445,0.95521,0.76258,-0.63208,9.36743,0.078,0.0156,0.9048,0.03845,-0.01963,0.98255,-0.08092,-1.3762,9.54578,0.0195,-0.1014,1.014,0.04809,-0.11465,1.03258,-0.74922,-0.46996,10.16086,0.0429,-0.0663,1.014,0.07669,-0.08893,1.0079,0.29706,-0.14413,9.94547
12.3194,-0.448442,-0.568994,-5.574258,0.991202,0.046888,-0.036632,-0.716893,9.719404,0.0624,-0.0858,0.975,0.07776,-0.07984,0.98328,0.76258,-0.78292,9.64265,0.0819,0.0,0.9321,0.04225,-0.03462,1.01005,-0.22453,-1.44295,9.81158,0.0195,-0.0858,0.975,0.04809,-0.09971,0.99326,-0.73517,-0.55501,9.75746,0.0468,-0.039,0.9867,0.08051,-0.06229,0.98043,0.05059,-0.08669,9.66592
12.3412,0.245687,-1.508244,-3.152888,1.295137,0.063011,-0.223597,-0.980698,9.769117,-0.0078,-0.117,0.9906,0.01044,-0.1106,0.99931,0.1024,-1.08461,9.79993,0.0858,-0.0195,0.9477,0.04604,-0.05336,1.02576,-0.40618,-1.49817,9.96281,0.0117,-0.0702,0.975,0.04053,-0.08477,0.99326,-0.65619,-0.69754,9.73703,-0.0117,-0.039,0.9828,0.02322,-0.06229,0.97651,0.06557,-0.64248,9.5767
12.3631,2.068292,-1.773544,7.317121,1.377533,0.043278,-0.095597,-0.95539,9.709997,-0.1287,-0.1248,1.0023,-0.1055,-0.11829,1.01134,-1.03458,-1.16003,9.91788,-0.0624,-0.0117,0.936,-0.09813,-0.04587,1.01398,-0.34963,-0.07919,9.99387,-0.1482,-0.0624,0.936,-0.11448,-0.0773,0.95394,0.87428,-0.66564,9.3884,-0.1443,-0.0429,0.9906,-0.10663,-0.0661,0.98436,0.12754,-1.9167,9.53984
12.3849,-0.563449,-0.044787,7.013748,1.14978,0.059799,0.117558,-0.790409,9.760545,-0.0975,-0.0936,0.975,-0.07558,-0.08753,0.98328,-0.74116,-0.85834,9.64265,-0.0741,0.0078,0.9165,-0.10951,-0.02712,0.99433,-0.16924,0.05402,9.81205,-0.1716,-0.0702,0.975,-0.13717,-0.08477,0.99326,1.08495,-0.64641,9.7869,-0.1209,-0.0624,1.014,-0.08371,-0.08513,1.0079,0.29569,-1.7109,9.80058
12.4068,-1.599787,1.67384,4.322648,0.998947,0.077738,0.273161,-0.525921,9.781184,-0.0312,-0.0663,0.9633,-0.012,-0.06061,0.97125,-0.11766,-0.59437,9.5247,-0.0741,0.0273,0.897,-0.10951,-0.00838,0.97469,0.01239,0.07623,9.61864,-0.1482,-0.0975,0.9867,-0.11448,-0.11092,1.00505,0.85136,-0.41761,9.93425,-0.0624,-0.0702,1.0335,-0.02643,-0.09274,1.02751,0.34655,-1.16794,10.04715
12.4286,-2.686188,1.516711,-4.84416,0.863453,0.042766,0.167366,-0.516782,9.719579,0.0741,-0.0624,0.9477,0.08898,-0.05676,0.95521,0.87261,-0.55666,9.36743,0.0507,0.0234,0.9009,0.01189,-0.01213,0.97862,-0.01073,-1.11229,9.53376,-0.0117,-0.1014,1.0023,0.01785,-0.11465,1.02078,-0.45011,-0.44336,10.05509,0.0624,-0.0624,1.0101,0.09578,-0.08513,1.00397,0.2577,0.04519,9.92204
12.4505,-1.01938,-0.697089,-5.802348,0.937916,0.0469,-0.147932,-0.722555,9.725519,0.0468,-0.0858,0.9633,0.0628,-0.07984,0.97125,0.61587,-0.78292,9.5247,0.0858,-0.0078,0.9399,0.04604,-0.04212,1.01791,-0.29677,-1.48884,9.88508,0.0351,-0.0819,0.9789,0.06321,-0.09598,0.99719,-0.88304,-0.6015,9.78566,0.0546,-0.0312,0.9906,0.08815,-0.05468,0.98436,-0.02779,-0.01696,9.70663
12.4723,1.14314,-1.9496,-3.882863,1.169834,0.052252,-0.158842,-0.899926,9.745087,0.0234,-0.1092,0.9945,0.04036,-0.10291,1.00332,0.39581,-1.00919,9.83925,0.078,-0.0156,0.9555,0.03845,-0.04962,1.03362,-0.36939,-1.4317,10.0468,0.0117,-0.0702,0.9555,0.04053,-0.08477,0.9736,-0.65161,-0.66771,9.5466,0.0039,-0.0312,0.9789,0.0385,-0.05468,0.97259,-0.01019,-0.4911,9.5477
12.4942,1.078124,-0.417251,0.553159,1.316597,0.074869,0.03428,-0.8815,9.728443,-0.0039,-0.117,0.9945,0.01418,-0.1106,1.00332,0.13908,-1.08461,9.83925,0.0078,-0.0078,0.9243,-0.02984,-0.04212,1.00219,-0.30674,-0.73281,9.80905,-0.0702,-0.0663,0.9555,-0.03887,-0.08103,0.9736,0.12757,-0.68104,9.56325,-0.0507,-0.0507,0.9984,-0.01497,-0.07371,0.9922,0.17721,-1.02754,9.70223
12.5161,-0.168159,0.002445,9.420421,1.214587,0.032949,0.129006,-0.790383,9.697807,-0.1287,-0.1014,0.975,-0.1055,-0.09522,0.98328,-1.03458,-0.93377,9.64265,-0.1092,0.0156,0.9048,-0.14366,-0.01963,0.98255,-0.10073,0.39993,9.73112,-0.1989,-0.0741,0.9633,-0.16363,-0.0885,0.98146,1.34579,-0.58473,9.6857,-0.156,-0.0624,1.0101,-0.11809,-0.08513,1.00397,0.30554,-2.04296,9.73175
12.5380,-3.694289,1.640875,4.533557,0.884021,0.096932,0.282645,-0.628977,9.769534,-0.0312,-0.0663,0.936,-0.012,-0.06061,0.94318,-0.11766,-0.59437,9.24947,-0.0624,0.0312,0.897,-0.09813,-0.00463,0.97469,0.05038,-0.03433,9.60669,-0.1482,-0.0936,1.014,-0.11448,-0.10718,1.03258,0.84618,-0.49554,10.19521,-0.0858,-0.0702,1.0335,-0.04934,-0.09274,1.02751,0.35168,-1.39167,10.02676
12.5598,-0.926533,1.628053,-1.422415,0.783157,0.056867,0.095005,-0.454586,9.775051,0.0156,-0.0468,0.975,0.03288,-0.04138,0.98328,0.32246,-0.40582,9.64265,0.0039,0.0195,0.9009,-0.03363,-0.01588,0.97862,-0.05244,-0.66871,9.58046,-0.0468,-0.1053,0.9828,-0.01618,-0.11839,1.00112,-0.11335,-0.36757,9.87985,0.0195,-0.0585,1.0218,0.05377,-0.08132,1.01574,0.22335,-0.37624,9.99724
12.5817,-4.088937,-0.513603,-9.232752,0.957664,0.051518,-0.043234,-0.70478,9.754154,0.1092,-0.0858,0.9282,0.12264,-0.07984,0.93517,1.2027,-0.78292,9.17084,0.1287,0.0039,0.9438,0.08777,-0.03087,1.02183,-0.18153,-1.89852,9.87983,0.0702,-0.0975,1.0218,0.09724,-0.11092,1.04044,-1.23142,-0.53221,10.2176,0.0975,-0.039,0.9906,0.13016,-0.06229,0.98436,0.03732,0.39453,9.74835
12.6036,2.471089,-1.076719,-2.606169,1.2356,0.068039,-0.300008,-0.864553,9.826891,-0.0078,-0.1092,1.0179,0.01044,-0.10291,1.02738,0.1024,-1.00919,10.07515,0.0546,-0.0273,0.9516,0.01569,-0.06086,1.02969,-0.48256,-1.20704,10.03275,0.0156,-0.078,0.9438,0.04431,-0.09224,0.9618,-0.68835,-0.57855,9.44256,-0.0117,-0.0195,1.0023,0.02322,-0.04326,0.99613,-0.13152,-0.66343,9.75711
12.6254,-0.038843,-2.527494,-2.391233,1.28622,0.059086,-0.118701,-1.005784,9.72988,0.0039,-0.1209,0.9789,0.02166,-0.11444,0.98729,0.21243,-1.12232,9.68197,0.0663,-0.0117,0.9594,0.02707,-0.04587,1.03755,-0.33344,-1.32424,10.09633,-0.0039,-0.0624,0.9711,0.02541,-0.0773,0.98933,-0.50464,-0.75957,9.69192,-0.0312,-0.0468,0.9711,0.00413,-0.0699,0.96474,0.15085,-0.817,9.4493
12.6472,1.349124,1.700404,8.052008,1.379658,0.104597,0.171837,-0.911693,9.786048,-0.1014,-0.1131,1.0023,-0.07932,-0.10675,1.01134,-0.77784,-1.0469,9.91788,-0.0624,0.0039,0.897,-0.09813,-0.03087,0.97469,-0.2069,-0.03746,9.60925,-0.2028,-0.0741,0.9516,-0.16741,-0.0885,0.96966,1.38558,-0.56574,9.57251,-0.1482,-0.0624,1.0413,-0.11045,-0.08513,1.03536,0.28651,-1.99667,10.04455
12.6691,-3.413946,0.590243,5.266628,1.115303,0.039127,0.219808,-0.57163,9.770955,-0.0702,-0.0819,0.9399,-0.0494,-0.07599,0.94719,-0.48443,-0.74521,9.28879,-0.0819,0.0351,0.9087,-0.1171,-0.00089,0.98648,0.08636,0.13915,9.74058,-0.1482,-0.0975,1.0101,-0.11448,-0.11092,1.02865,0.84587,-0.4534,10.16276,-0.0702,-0.078,1.0179,-0.03407,-0.10035,1.01182,0.43143,-1.22706,9.89169
12.6910,-1.176737,1.889974,3.73619,0.939344,0.063651,0.039463,-0.400313,9.825399,-0.0624,-0.0468,0.9711,-0.04192,-0.04138,0.97927,-0.41107,-0.40582,9.60334,-0.0702,0.0078,0.9009,-0.10572,-0.02712,0.97862,-0.17054,0.033,9.65492,-0.117,-0.1092,0.9828,-0.08423,-0.12212,1.00112,0.55224,-0.31182,9.90458,-0.0351,-0.0546,1.0413,0.00031,-0.07751,1.03536,0.18723,-0.91662,10.13876
12.7128,-4.265469,-1.7164,-4.850088,0.758024,0.107181,-0.036715,-0.76584,9.729797,0.0546,-0.0741,0.9204,0.07028,-0.0683,0.92715,0.68923,-0.66979,9.0922,0.0819,0.0039,0.9555,0.04225,-0.03087,1.03362,-0.1852,-1.46647,10.04111,0.0117,-0.0897,1.0179,0.04053,-0.10345,1.03651,-0.67238,-0.58228,10.18416,0.0195,-0.0351,0.9828,0.05377,-0.05849,0.97651,0.02148,-0.34483,9.60171
12.7346,2.498762,-0.937815,-6.305071,1.033497,0.068002,-0.311947,-0.669489,9.72159,0.0273,-0.0975,1.0101,0.0441,-0.09137,1.01936,0.43249,-0.89605,9.99652,0.0858,-0.0234,0.9399,0.04604,-0.05711,1.01791,-0.44379,-1.49063,9.88654,0.0507,-0.078,0.936,0.07834,-0.09224,0.95394,-1.01993,-0.57641,9.35684,0.0858,-0.0117,0.9828,0.1187,-0.03565,0.97651,-0.21656,0.28514,9.64646
12.7565,1.083948,-1.384204,-6.101615,1.227366,0.047819,-0.121191,-0.978524,9.66878,0.0507,-0.117,0.9867,0.06654,-0.1106,0.99531,0.65255,-1.08461,9.76061,0.117,-0.0117,0.9438,0.07639,-0.04587,1.02183,-0.32979,-1.7893,9.89287,0.0429,-0.0585,0.9516,0.07078,-0.07356,0.96966,-0.94338,-0.77898,9.48312,0.0273,-0.0468,0.975,0.06141,-0.0699,0.96866,0.13586,-0.26121,9.53852
12.7783,1.968626,1.759672,2.771673,1.32914,0.091748,0.040525,-0.934589,9.765841,-0.0351,-0.1209,1.0062,-0.01574,-0.11444,1.01535,-0.15434,-1.12232,9.9572,-0.0156,0.0039,0.9009,-0.0526,-0.03087,0.97862,-0.20152,-0.48549,9.60123,-0.0858,-0.0663,0.9438,-0.05399,-0.08103,0.9618,0.2785,-0.6588,9.45323,-0.0936,-0.0585,1.0374,-0.05698,-0.08132,1.03144,0.23946,-1.47175,10.0517
12.8002,-0.659183,1.727074,7.89047,1.184491,0.040319,0.241961,-0.672793,9.736979,-0.1014,-0.0897,0.9711,-0.07932,-0.08368,0.97927,-0.77784,-0.82063,9.60334,-0.0975,0.0273,0.8892,-0.13228,-0.00838,0.96683,0.00906,0.30624,9.56518,-0.195,-0.0819,0.9711,-0.15985,-0.09598,0.98933,1.30447,-0.52539,9.77209,-0.1131,-0.078,1.0335,-0.07608,-0.10035,1.02751,0.43216,-1.65138,10.00731
12.8220,-3.754902,0.914733,6.011909,0.849685,0.046947,0.208385,-0.480458,9.784562,-0.0702,-0.0624,0.936,-0.0494,-0.05676,0.94318,-0.48443,-0.55666,9.24947,-0.1014,0.0312,0.9048,-0.13607,-0.00463,0.98255,0.04712,0.32771,9.72194,-0.1638,-0.1014,1.014,-0.1296,-0.11465,1.03258,0.99191,-0.41884,10.21073,-0.0741,-0.0624,1.0257,-0.03788,-0.08513,1.01967,0.27894,-1.27405,9.95611
12.8438,-2.257073,-0.154421,0.229156,0.666999,0.110111,-0.234051,-0.426938,9.743999,-0.0507,-0.0468,0.9516,-0.0307,-0.04138,0.95922,-0.30104,-0.40582,9.40675,-0.0351,0.0039,0.9204,-0.07157,-0.03087,0.99826,-0.20144,-0.32044,9.81211,-0.0117,-0.1053,0.9945,0.01785,-0.11839,1.01292,-0.4495,-0.39526,9.98456,-0.0039,-0.0351,1.0023,0.03086,-0.05849,0.99613,0.01578,-0.58623,9.77258
12.8657,0.368513,-1.857403,-7.166302,0.781844,0.089446,-0.247878,-0.693546,9.763909,0.0351,-0.0858,0.9828,0.05158,-0.07984,0.9913,0.50584,-0.78292,9.72129,0.1092,-0.0039,0.9633,0.0688,-0.03837,1.04148,-0.25496,-1.73437,10.09144,0.0585,-0.0819,0.9633,0.0859,-0.09598,0.98146,-1.10165,-0.58417,9.62695,0.0897,-0.0195,0.9789,0.12252,-0.04326,0.97259,-0.14074,0.32728,9.61595
12.8875,2.517931,-1.496158,-4.143864,1.185117,0.050048,-0.252019,-0.857661,9.747895,0.0156,-0.1092,1.0101,0.03288,-0.10291,1.01936,0.32246,-1.00919,9.99652,0.0741,-0.0234,0.9516,0.03466,-0.05711,1.02969,-0.44374,-1.3916,10.01308,0.0273,-0.0702,0.936,0.05565,-0.08477,0.95394,-0.79521,-0.64224,9.35193,0.0156,-0.0234,0.9867,0.04995,-0.04707,0.98043,-0.09158,-0.38762,9.63006
12.9094,0.855804,-0.860141,-3.255518,1.226484,0.065867,-0.004137,-0.948651,9.793655,0.0234,-0.117,0.9906,0.04036,-0.1106,0.99931,0.39581,-1.08461,9.79993,0.078,0.0,0.9516,0.03845,-0.03462,1.02969,-0.2228,-1.42592,10.00702,-0.0156,-0.0624,0.9594,0.01406,-0.0773,0.97753,-0.39076,-0.73841,9.58084,0.0,-0.0546,1.0023,0.03468,-0.07751,0.99613,0.20119,-0.54567,9.78683
12.9312,0.468722,2.507477,0.450948,1.257427,0.04688,0.143523,-0.651013,9.769176,0.0,-0.0897,0.9906,0.01792,-0.08368,0.99931,0.17575,-0.82063,9.79993,-0.0078,0.0156,0.8892,-0.04501,-0.01963,0.96683,-0.09172,-0.54617,9.47746,-0.0741,-0.0936,0.9633,-0.04265,-0.10718,0.98146,0.15422,-0.43866,9.67993,-0.0234,-0.0702,1.0374,0.01176,-0.09274,1.03144,0.33584,-0.79859,10.11938
12.9531,-2.509716,0.894103,7.478047,1.080893,0.05805,0.175995,-0.610968,9.748097,-0.0897,-0.078,0.9516,-0.0681,-0.07215,0.95922,-0.66781,-0.7075,9.40675,-0.1092,0.0234,0.897,-0.14366,-0.01213,0.97469,-0.02808,0.40881,9.65376,-0.1716,-0.0936,0.9984,-0.13717,-0.10718,1.01685,1.07211,-0.46515,10.04923,-0.117,-0.0663,1.0218,-0.0799,-0.08893,1.01574,0.32776,-1.68003,9.88265
12.9749,-2.715,-1.52085,9.529799,0.958585,0.077391,-0.012389,-0.566603,9.748416,-0.1521,-0.0624,0.9438,-0.12794,-0.05676,0.9512,-1.25464,-0.55666,9.32811,-0.1248,0.0039,0.9321,-0.15883,-0.03087,1.01005,-0.20964,0.51864,10.01587,-0.195,-0.0975,0.9945,-0.15985,-0.11092,1.01292,1.29408,-0.41648,10.02315,-0.1326,-0.0429,0.9984,-0.09517,-0.0661,0.9922,0.12065,-1.81191,9.62654
12.9968,-1.649719,-1.062153,-0.394659,0.677257,0.0568,-0.20357,-0.52913,9.783542,-0.039,-0.0546,0.9672,-0.01948,-0.04907,0.97526,-0.19101,-0.48124,9.56402,0.0039,-0.0078,0.936,-0.03363,-0.04212,1.01398,-0.30586,-0.70779,9.92786,-0.039,-0.1014,0.9945,-0.00862,-0.11465,1.01292,-0.18896,-0.42382,9.98635,0.0039,-0.0195,0.9906,0.0385,-0.04326,0.98436,-0.12844,-0.50367,9.65595
13.0186,-1.92646,-1.863384,-5.935484,0.521394,0.079275,-0.237822,-0.716507,9.699885,0.0312,-0.0702,0.9516,0.04784,-0.06445,0.95922,0.46917,-0.63208,9.40675,0.1014,-0.0117,0.9516,0.06122,-0.04587,1.02969,-0.33059,-1.64928,9.98495,0.0351,-0.0819,0.9906,0.06321,-0.09598,1.00899,-0.88579,-0.6194,9.89992,0.0585,-0.0117,0.9711,0.09197,-0.03565,0.96474,-0.20408,0.03473,9.50792
13.0405,3.079241,0.385618,-5.285456,1.099582,0.059397,-0.042582,-0.816767,9.684191,0.0468,-0.0975,1.014,0.0628,-0.09137,1.02337,0.61587,-0.89605,10.03584,0.1014,0.0,0.9204,0.06122,-0.03462,0.99826,-0.22375,-1.61599,9.67733,0.0117,-0.0741,0.9243,0.04053,-0.0885,0.94214,-0.64551,-0.58382,9.24755,0.039,-0.0429,0.9984,0.07287,-0.0661,0.9922,0.08306,-0.17121,9.77605
13.0623,-0.655369,1.426937,-2.412245,1.155106,0.047861,0.066363,-0.903799,9.66198,0.0312,-0.1131,0.9672,0.04784,-0.10675,0.97526,0.46917,-1.0469,9.56402,0.0546,0.0039,0.897,0.01569,-0.03087,0.97469,-0.19452,-1.14754,9.49341,-0.0312,-0.0585,0.975,-0.00106,-0.07356,0.99326,-0.24502,-0.7941,9.73179,-0.0078,-0.0585,1.0101,0.02704,-0.08132,1.00397,0.23582,-0.62666,9.8587
13.0841,2.317959,1.038572,-0.265803,1.295655,0.070185,0.131861,-0.741481,9.731775,-0.0078,-0.0936,1.0101,0.01044,-0.08753,1.01936,0.1024,-0.85834,9.99652,0.0312,0.0117,0.9087,-0.00708,-0.02338,0.98648,-0.1222,-0.93661,9.63079,-0.078,-0.0858,0.936,-0.04643,-0.09971,0.95394,0.20012,-0.46817,9.40312,-0.0156,-0.0702,1.014,0.0194,-0.09274,1.0079,0.34712,-0.7028,9.89667
13.1060,-3.372134,1.060389,9.229929,1.119338,0.052997,0.00438,-0.738244,9.657831,-0.1404,-0.0858,0.936,-0.11672,-0.07984,0.94318,-1.14461,-0.78292,9.24947,-0.1053,0.0,0.8814,-0.13986,-0.03462,0.95898,-0.24992,0.38509,9.49883,-0.1872,-0.0819,1.0062,-0.15229,-0.09598,1.02471,1.22213,-0.58126,10.11274,-0.1482,-0.0507,1.014,-0.11045,-0.07371,1.0079,0.18991,-1.97389,9.77029
13.1279,-1.898413,-3.247733,2.768599,0.835422,0.055127,-0.11574,-0.413343,9.751869,-0.0624,-0.0507,0.9555,-0.04192,-0.04523,0.96323,-0.41107,-0.44353,9.44606,-0.0702,0.0,0.9594,-0.10572,-0.03462,1.03755,-0.23762,-0.0278,10.23039,-0.078,-0.1092,0.9867,-0.04643,-0.12212,1.00505,0.18088,-0.32866,9.93206,-0.0351,-0.0312,0.9672,0.00031,-0.05468,0.96082,0.00486,-0.85338,9.39897
13.1497,-2.498319,-0.819546,3.168546,0.490087,0.130186,-0.288407,-0.568676,9.868568,-0.1014,-0.0546,0.9516,-0.07932,-0.04907,0.95922,-0.77784,-0.48124,9.40675,-0.0312,-0.0039,0.9516,-0.06778,-0.03837,1.02969,-0.27111,-0.39029,10.11551,-0.078,-0.1092,0.9984,-0.04643,-0.12212,1.01685,0.17813,-0.34656,10.04631,-0.0507,-0.0039,1.0218,-0.01497,-0.02804,1.01574,-0.28281,-1.05662,9.9057
13.1716,-2.744711,-1.681392,-5.718774,0.743915,0.09216,-0.061998,-0.732556,9.664448,0.0468,-0.0702,0.9438,0.0628,-0.06445,0.9512,0.61587,-0.63208,9.32811,0.1053,0.0039,0.9399,0.06501,-0.03087,1.01791,-0.18444,-1.67251,9.86468,0.0156,-0.0897,1.0023,0.04431,-0.10345,1.02078,-0.70576,-0.55951,10.03075,0.0468,-0.0351,0.9633,0.08051,-0.05849,0.95689,0.02633,-0.06613,9.43425
13.1935,2.890577,1.624496,-4.647247,1.08891,0.050016,-0.046245,-0.742995,9.691167,0.0429,-0.0897,1.014,0.05906,-0.08368,1.02337,0.5792,-0.82063,10.03584,0.078,0.0039,0.9009,0.03845,-0.03087,0.97862,-0.19162,-1.37355,9.50855,0.0156,-0.0819,0.9282,0.04431,-0.09598,0.94607,-0.68591,-0.51852,9.29585,0.0312,-0.0468,1.014,0.06523,-0.0699,1.0079,0.11336,-0.25928,9.92443
13.2160,1.590128,-0.638814,-6.510209,1.230089,0.060278,0.133932,-0.90065,9.718952,0.0819,-0.1092,0.9984,0.09646,-0.10291,1.00733,0.94597,-1.00919,9.87856,0.1248,0.0117,0.9399,0.08398,-0.02338,1.01791,-0.10887,-1.85663,9.84464,0.0078,-0.0702,0.9477,0.03675,-0.08477,0.96573,-0.61273,-0.65469,9.47149,0.0468,-0.0663,0.9867,0.08051,-0.08893,0.98043,0.31136,-0.08209,9.68111
13.2392,1.690964,2.316893,5.903751,1.193835,0.066261,-0.099462,-0.771466,9.740907,-0.1131,-0.1014,1.0023,-0.09054,-0.09522,1.01134,-0.88787,-0.93377,9.91788,-0.0507,-0.0078,0.8853,-0.08675,-0.04212,0.96291,-0.31722,-0.13783,9.48381,-0.1404,-0.078,0.9438,-0.10692,-0.09224,0.9618,0.79346,-0.53504,9.485,-0.0936,-0.0351,1.0413,-0.05698,-0.05849,1.03536,0.01378,-1.47922,10.07694
13.2616,-3.336798,-3.09802,5.391606,0.888199,0.059246,-0.102951,-0.59943,9.701099,-0.1092,-0.078,0.9321,-0.0868,-0.07215,0.93917,-0.85119,-0.7075,9.21015,-0.078,0.0,0.9516,-0.11331,-0.03462,1.02969,-0.2393,0.05419,10.16148,-0.1287,-0.0858,1.0023,-0.09558,-0.09971,1.02078,0.66614,-0.55543,10.06437,-0.0702,-0.0312,0.9672,-0.03407,-0.05468,0.96082,0.01254,-1.18898,9.36839
13.2931,-3.270355,0.610279,2.879377,0.664057,0.06028,-0.227325,-0.421105,9.757332,-0.0702,-0.0507,0.9399,-0.0494,-0.04523,0.94719,-0.48443,-0.44353,9.28879,-0.0663,-0.0078,0.9087,-0.10192,-0.04212,0.98648,-0.3163,-0.01379,9.72915,-0.0702,-0.1131,1.0062,-0.03887,-0.12586,1.02471,0.10098,-0.32449,10.126,-0.0351,-0.0117,1.0179,0.00031,-0.03565,1.01182,-0.20956,-0.90262,9.88538
13.3158,-3.223971,-1.029418,-6.863753,0.784106,0.090426,-0.034059,-0.525212,9.808763,0.0741,-0.0624,0.936,0.08898,-0.05676,0.94318,0.87261,-0.55666,9.24947,0.0741,0.0039,0.9594,0.03466,-0.03087,1.03755,-0.18559,-1.39645,10.08715,0.0351,-0.0975,1.0062,0.06321,-0.11092,1.02471,-0.89435,-0.49856,10.07481,0.0936,-0.0429,0.9984,0.12634,-0.0661,0.9922,0.07109,0.35083,9.82362
13.3378,1.829284,1.664982,-6.256175,1.08533,0.062107,-0.067121,-0.762233,9.725756,0.0585,-0.0897,1.0023,0.07402,-0.08368,1.01134,0.7259,-0.82063,9.91788,0.1092,0.0,0.9087,0.0688,-0.03462,0.98648,-0.22422,-1.67801,9.55466,0.0312,-0.0858,0.9438,0.05943,-0.09971,0.9618,-0.83898,-0.51055,9.44959,0.0546,-0.0429,1.0179,0.08815,-0.0661,1.01182,0.06881,-0.03974,9.9809
13.3599,0.86828,-0.583601,-3.532139,1.247978,0.037331,-0.077966,-0.936919,9.756015,0.0195,-0.1209,0.9984,0.03662,-0.11444,1.00733,0.35914,-1.12232,9.87856,0.0741,0.0,0.9321,0.03466,-0.03462,1.01005,-0.22535,-1.36895,9.81931,0.0078,-0.0663,0.9672,0.03675,-0.08103,0.98539,-0.61609,-0.7207,9.65628,0.0,-0.0507,0.9906,0.03468,-0.07371,0.98436,0.17044,-0.53572,9.66991
13.3818,1.768413,0.627394,-0.352271,1.28264,0.032608,-0.080984,-0.748779,9.728923,-0.0234,-0.1092,1.0023,-0.00452,-0.10291,1.01134,-0.04431,-1.00919,9.91788,0.0156,-0.0039,0.9126,-0.02225,-0.03837,0.99041,-0.27045,-0.79439,9.68601,-0.0468,-0.0819,0.9438,-0.01618,-0.09598,0.9618,-0.09685,-0.52497,9.46517,-0.0117,-0.0429,1.0101,0.02322,-0.0661,1.00397,0.08767,-0.66657,9.84663
13.4037,-1.882978,-1.936906,8.055682,1.16105,0.078567,-0.076021,-0.652554,9.7915,-0.1482,-0.0858,0.9594,-0.1242,-0.07984,0.96724,-1.21796,-0.78292,9.48538,-0.0975,-0.0039,0.9438,-0.13228,-0.03837,1.02183,-0.27898,0.24674,10.10452,-0.1716,-0.0897,0.9906,-0.13717,-0.10345,1.00899,1.07517,-0.4894,9.96742,-0.1092,-0.0429,0.9945,-0.07226,-0.0661,0.98828,0.11769,-1.58464,9.60867
13.4256,-3.613533,-0.834032,7.095245,0.948903,0.10031,-0.145461,-0.56562,9.723957,-0.1209,-0.0624,0.9321,-0.09802,-0.05676,0.93917,-0.96122,-0.55666,9.21015,-0.1053,0.0,0.9204,-0.13986,-0.03462,0.99826,-0.24562,0.34516,9.88198,-0.1248,-0.1092,1.0062,-0.0918,-0.12212,1.02471,0.62084,-0.34543,10.13522,-0.1209,-0.0312,1.0023,-0.08371,-0.05468,0.99613,0.00416,-1.70554,9.66847
13.4476,-2.028386,-0.025567,-1.881352,0.796272,0.034464,-0.107974,-0.352814,9.780823,-0.0039,-0.0429,0.9594,0.01418,-0.03754,0.96724,0.13908,-0.36811,9.48538,-0.0039,0.0,0.9243,-0.04122,-0.03462,1.00219,-0.23447,-0.62091,9.8199,-0.0234,-0.117,0.9945,0.0065,-0.12959,1.01292,-0.34204,-0.28347,10.00465,0.0429,-0.0351,1.0023,0.07669,-0.05849,0.99613,0.00553,-0.13877,9.81336
13.4694,-3.940164,0.576583,-9.114272,0.873291,0.049669,-0.082885,-0.599072,9.741817,0.0936,-0.0702,0.9282,0.10768,-0.06445,0.93517,1.056,-0.63208,9.17084,0.1209,0.0,0.9282,0.08019,-0.03462,1.00612,-0.22083,-1.80899,9.73465,0.0702,-0.0975,1.0179,0.09724,-0.11092,1.03651,-1.2305,-0.52624,10.17952,0.117,-0.0429,1.0023,0.14925,-0.0661,0.99613,0.0638,0.57102,9.88226
13.4913,3.2942,0.261331,-3.624751,1.194865,0.078433,-0.136409,-0.747234,9.74081,0.0273,-0.0936,1.0218,0.0441,-0.08753,1.03139,0.43249,-0.85834,10.11447,0.0624,-0.0117,0.9243,0.02328,-0.04587,1.00219,-0.33772,-1.2513,9.75535,0.0078,-0.0897,0.9243,0.03675,-0.10345,0.94214,-0.61336,-0.43803,9.27116,0.0117,-0.0312,1.0062,0.04614,-0.05468,1.00005,-0.02705,-0.44127,9.82226
13.5131,0.753246,-1.072689,-4.491615,1.284798,0.044696,-0.075484,-1.047656,9.715491,0.0351,-0.1287,0.9867,0.05158,-0.12214,0.99531,0.50584,-1.19774,9.76061,0.1053,-0.0078,0.9438,0.06501,-0.04212,1.02183,-0.29428,-1.67785,9.90409,0.0117,-0.0585,0.9594,0.04053,-0.07356,0.97753,-0.64885,-0.7822,9.56778,0.0,-0.0468,0.9867,0.03468,-0.0699,0.98043,0.13535,-0.53284,9.62948
13.5350,2.335747,-0.2332,5.643339,1.284838,0.118047,-0.238995,-0.880387,9.681155,-0.1365,-0.1092,0.9945,-0.11298,-0.10291,1.00332,-1.10793,-1.00919,9.83925,-0.0351,-0.0117,0.9243,-0.07157,-0.04587,1.00219,-0.34803,-0.32623,9.85189,-0.1053,-0.0741,0.9204,-0.07289,-0.0885,0.93821,0.46677,-0.54522,9.24129,-0.1131,-0.0351,1.014,-0.07608,-0.05849,1.0079,0.03321,-1.64092,9.79219
13.5569,-2.818231,-0.721136,5.079801,0.903188,0.076089,0.003581,-0.686089,9.78036,-0.0741,-0.0741,0.9516,-0.05314,-0.0683,0.95922,-0.5211,-0.66979,9.40675,-0.0702,0.0,0.9243,-0.10572,-0.03462,1.00219,-0.24148,0.00814,9.88555,-0.1248,-0.078,1.0101,-0.0918,-0.09224,1.02865,0.62972,-0.6408,10.12821,-0.0936,-0.0468,1.0023,-0.05698,-0.0699,0.99613,0.14719,-1.4419,9.70094
13.5788,-3.301914,1.869807,0.518192,0.853526,0.039519,-0.167526,-0.338367,9.784907,-0.0507,-0.0429,0.9477,-0.0307,-0.03754,0.95521,-0.30104,-0.36811,9.36743,-0.0312,0.0,0.8931,-0.06778,-0.03462,0.97076,-0.24079,-0.32994,9.54041,-0.0468,-0.1248,1.014,-0.01618,-0.13707,1.03258,-0.12679,-0.23442,10.21272,0.0156,-0.0351,1.0257,0.04995,-0.05849,1.01967,-0.00148,-0.421,10.01908
13.6007,-3.901479,-1.155024,-8.843978,0.963837,0.058699,-0.108607,-0.468475,9.734326,0.0936,-0.0546,0.9282,0.10768,-0.04907,0.93517,1.056,-0.48124,9.17084,0.1014,-0.0078,0.9477,0.06122,-0.04212,1.02576,-0.29426,-1.64484,9.94627,0.0702,-0.117,1.014,0.09724,-0.12959,1.03258,-1.23571,-0.3394,10.16961,0.117,-0.039,0.9789,0.14925,-0.06229,0.97259,0.03954,0.59158,9.65058
13.6225,-0.331228,0.626472,-5.679727,1.224748,0.045634,-0.2352,-0.678659,9.790692,0.039,-0.0858,0.9828,0.05532,-0.07984,0.9913,0.54252,-0.78292,9.72129,0.0819,-0.0273,0.9243,0.04225,-0.06086,1.00219,-0.48268,-1.4381,9.73751,0.0429,-0.0975,0.9789,0.07078,-0.11092,0.99719,-0.96203,-0.45898,9.80609,0.0546,-0.0312,1.0101,0.08815,-0.05468,1.00397,-0.03862,-0.03463,9.89788
13.6444,0.948108,-1.750179,-1.331612,1.387621,0.051074,-0.138805,-0.932625,9.710941,-0.0039,-0.1248,0.9906,0.01418,-0.11829,0.99931,0.13908,-1.16003,9.79993,0.0429,-0.0234,0.9438,0.00431,-0.05711,1.02183,-0.4479,-1.08759,9.96734,-0.0273,-0.0702,0.9555,0.00272,-0.08477,0.9736,-0.28115,-0.65683,9.55721,-0.0312,-0.0351,0.9789,0.00413,-0.05849,0.97259,0.03476,-0.82604,9.51929
13.6663,3.325955,0.445302,5.910902,1.288338,0.050962,-0.12837,-0.922891,9.728847,-0.1053,-0.1209,1.0257,-0.08306,-0.11444,1.0354,-0.81452,-1.12232,10.15379,-0.0468,-0.0195,0.9048,-0.08295,-0.05336,0.98255,-0.42493,-0.19615,9.67263,-0.1326,-0.0585,0.9282,-0.09936,-0.07356,0.94607,0.72915,-0.69423,9.30235,-0.117,-0.0312,1.014,-0.0799,-0.05468,1.0079,-0.00319,-1.67886,9.78662
13.6881,-0.838978,-0.209803,8.386854,1.179094,0.024172,-0.001059,-0.878252,9.773593,-0.1326,-0.1092,0.975,-0.10924,-0.10291,0.98328,-1.07125,-1.00919,9.64265,-0.0858,0.0039,0.9165,-0.12089,-0.03087,0.99433,-0.20723,0.16458,9.824,-0.1716,-0.0663,0.9828,-0.13717,-0.08103,1.00112,1.08434,-0.69452,9.85743,-0.1482,-0.0507,1.014,-0.11045,-0.07371,1.0079,0.18991,-1.97389,9.77029
13.7101,-1.131817,1.143029,-0.132395,0.934569,0.097238,0.07848,-0.460699,9.728213,0.0117,-0.0507,0.9672,0.02914,-0.04523,0.97526,0.28578,-0.44353,9.56402,-0.0156,0.0039,0.9009,-0.0526,-0.03087,0.97862,-0.20152,-0.48549,9.60123,-0.0702,-0.1092,0.9789,-0.03887,-0.12212,0.99719,0.10862,-0.31891,9.85376,-0.0039,-0.0468,1.014,0.03086,-0.0699,1.0079,0.12104,-0.59487,9.89384
13.7320,-4.222597,-0.489343,-6.267785,0.939404,0.038706,-0.108324,-0.463379,9.69991,0.0585,-0.0624,0.9282,0.07402,-0.05676,0.93517,0.7259,-0.55666,9.17084,0.0663,-0.0078,0.9243,0.02707,-0.04212,1.00219,-0.30055,-1.28785,9.75113,0.0273,-0.1131,1.0218,0.05565,-0.12586,1.04044,-0.82882,-0.37554,10.25182,0.0936,-0.0312,0.9789,0.12634,-0.05468,0.97259,-0.02984,0.36654,9.62586
13.7539,0.518045,-0.432617,-5.50921,1.159215,0.072796,-0.279014,-0.626499,9.764848,0.0273,-0.078,0.9867,0.0441,-0.07215,0.99531,0.43249,-0.7075,9.76061,0.0819,-0.0273,0.9399,0.04225,-0.06086,1.01791,-0.48096,-1.45408,9.89077,0.039,-0.1053,0.9594,0.067,-0.11839,0.97753,-0.92285,-0.35571,9.62799,0.0585,-0.0195,0.9984,0.09197,-0.04326,0.9922,-0.14473,0.01129,9.78002
13.7758,-0.443045,-1.593174,-2.575155,1.415161,0.05023,-0.215081,-0.892329,9.68278,-0.0039,-0.1209,0.9672,0.01418,-0.11444,0.97526,0.13908,-1.12232,9.56402,0.0624,-0.0312,0.9438,0.02328,-0.06461,1.02183,-0.51935,-1.2735,9.94876,-0.0078,-0.078,0.9672,0.02163,-0.09224,0.98539,-0.47157,-0.60782,9.67744,-0.0039,-0.0312,0.9789,0.03086,-0.05468,0.97259,-0.00848,-0.56568,9.54091
13.7976,2.786708,-0.097669,7.697985,1.326668,0.053606,-0.136931,-0.837811,9.690686,-0.1248,-0.117,1.014,-0.10176,-0.1106,1.02337,-0.9979,-1.08461,10.03584,-0.0897,-0.0156,0.9048,-0.12469,-0.04962,0.98255,-0.39271,0.21133,9.71474,-0.1443,-0.0702,0.9282,-0.1107,-0.08477,0.94607,0.83662,-0.58244,9.32244,-0.1404,-0.0312,1.0062,-0.10281,-0.05468,1.00005,0.00627,-1.89552,9.68973
13.8195,-1.843802,0.296452,6.447919,1.147339,0.03894,-0.002449,-0.987585,9.770746,-0.1092,-0.117,0.9633,-0.0868,-0.1106,0.97125,-0.85119,-1.08461,9.5247,-0.0429,0.0078,0.9126,-0.07916,-0.02712,0.99041,-0.16637,-0.238,9.74284,-0.1443,-0.0624,0.9984,-0.1107,-0.0773,1.01685,0.82258,-0.76217,9.99671,-0.1365,-0.0507,1.0179,-0.09899,-0.07371,1.01182,0.18518,-1.86556,9.81873
13.8413,0.879964,1.361051,1.336798,1.117448,0.047458,-0.056459,-0.572907,9.732051,-0.0429,-0.0702,0.9945,-0.02322,-0.06445,1.00332,-0.22769,-0.63208,9.83925,-0.0156,0.0,0.897,-0.0526,-0.03462,0.97469,-0.23871,-0.48194,9.56328,-0.0702,-0.1014,0.9555,-0.03887,-0.11465,0.9736,0.11656,-0.35547,9.61397,-0.0273,-0.0468,1.0179,0.00794,-0.0699,1.01182,0.12401,-0.82214,9.91171
13.8632,-5.314912,0.474941,-8.045197,0.783621,0.07287,-0.147968,-0.658069,9.803135,0.0663,-0.0663,0.9204,0.0815,-0.06061,0.92715,0.79926,-0.59437,9.0922,0.1209,0.0,0.9321,0.08019,-0.03462,1.01005,-0.2204,-1.81298,9.77297,0.0663,-0.1014,1.0452,0.09346,-0.11465,1.06404,-1.20109,-0.53074,10.45282,0.0897,-0.039,1.0062,0.12252,-0.06229,1.00005,0.03036,0.30581,9.89455
13.8850,0.59662,-1.019045,-3.434715,1.350504,0.054881,-0.396824,-0.546931,9.70787,-0.0078,-0.078,0.9867,0.01044,-0.07215,0.99531,0.1024,-0.7075,9.76061,0.0351,-0.0429,0.9321,-0.00328,-0.07585,1.01005,-0.63379,-1.00385,9.86194,0.0351,-0.117,0.9555,0.06321,-0.12959,0.9736,-0.88856,-0.24013,9.60787,0.0312,-0.0156,0.9828,0.06523,-0.03946,0.97651,-0.16734,-0.23624,9.60106
13.9068,-1.945218,-2.214516,-0.076157,1.337835,0.045846,-0.418155,-0.898926,9.757504,-0.0624,-0.117,0.9555,-0.04192,-0.1106,0.96323,-0.41107,-1.08461,9.44606,0.0234,-0.0429,0.9555,-0.01466,-0.07585,1.03362,-0.63245,-0.9168,10.10341,-0.0078,-0.078,0.9945,0.02163,-0.09224,1.01292,-0.47798,-0.64957,9.94404,-0.0429,-0.0156,0.9828,-0.00733,-0.03946,0.97651,-0.15111,-0.94472,9.5365
13.9287,2.328839,-0.730263,6.560327,1.356222,0.046641,-0.285542,-0.820755,9.746528,-0.1365,-0.1092,1.0101,-0.11298,-0.10291,1.01936,-1.10793,-1.00919,9.99652,-0.0702,-0.0273,0.9243,-0.10572,-0.06086,1.00219,-0.49877,0.005,9.8881,-0.1092,-0.078,0.936,-0.07667,-0.09224,0.95394,0.49893,-0.53181,9.40034,-0.1248,-0.0273,1.0062,-0.08753,-0.05087,1.00005,-0.0344,-1.74702,9.70116
13.9505,-1.283161,0.515077,6.972178,1.102772,0.049135,0.024127,-0.850648,9.743397,-0.1053,-0.1014,0.9633,-0.08306,-0.09522,0.97125,-0.81452,-0.93377,9.5247,-0.0702,0.0039,0.9087,-0.10572,-0.03087,0.98648,-0.20644,0.02456,9.73192,-0.156,-0.0663,0.9828,-0.12204,-0.08103,1.00112,0.93616,-0.69887,9.85319,-0.1287,-0.0507,1.0218,-0.09135,-0.07371,1.01574,0.18131,-1.79452,9.86378
13.9724,0.118093,2.059044,2.260734,0.92521,0.104197,-0.029406,-0.672823,9.760816,-0.039,-0.0819,0.9867,-0.01948,-0.07599,0.99531,-0.19101,-0.74521,9.76061,-0.0429,0.0117,0.8892,-0.07916,-0.02338,0.96683,-0.13219,-0.21359,9.51258,-0.0624,-0.078,0.9711,-0.0313,-0.09224,0.98933,0.04615,-0.59855,9.73038,-0.0585,-0.0507,1.0335,-0.02261,-0.07371,1.02751,0.15943,-1.13393,10.0397
13.9942,-3.028939,1.524586,-7.671734,0.857715,0.082399,-0.129344,-0.602588,9.722804,0.0819,-0.0702,0.9399,0.09646,-0.06445,0.94719,0.94597,-0.63208,9.28879,0.0897,0.0,0.9087,0.04983,-0.03462,0.98648,-0.22628,-1.493,9.57397,0.0741,-0.0975,1.0062,0.10102,-0.11092,1.02471,-1.2648,-0.50944,10.0642,0.0819,-0.039,1.014,0.11488,-0.06229,1.0079,0.02774,0.22416,9.96426
14.0161,0.223305,-2.147652,-4.929652,1.1984,0.111717,-0.368026,-0.592117,9.746778,0.0312,-0.0741,0.9789,0.04784,-0.0683,0.98729,0.46917,-0.66979,9.68197,0.0507,-0.0468,0.9594,0.01189,-0.0796,1.03755,-0.66589,-1.18026,10.11507,0.0507,-0.1053,0.9594,0.07834,-0.11839,0.97753,-1.03399,-0.35898,9.62481,0.039,-0.0078,0.9789,0.07287,-0.03185,0.97259,-0.24139,-0.15944,9.56527
14.0380,-1.630424,-1.504519,-1.556953,1.190329,0.045169,-0.4111,-0.829075,9.720215,-0.0312,-0.1053,0.9594,-0.012,-0.09906,0.96724,-0.11766,-0.97148,9.48538,0.0351,-0.0468,0.9399,-0.00328,-0.0796,1.01791,-0.66969,-1.01228,9.93893,0.0039,-0.078,0.9906,0.03297,-0.09224,1.00899,-0.5882,-0.64687,9.90277,-0.0156,-0.0039,0.9828,0.0194,-0.02804,0.97651,-0.26885,-0.68567,9.55378
14.0599,1.764895,-1.083895,3.998567,1.252557,0.05931,-0.333086,-0.778303,9.725629,-0.1131,-0.1053,0.9984,-0.09054,-0.09906,1.00733,-0.88787,-0.97148,9.87856,-0.0429,-0.0234,0.9321,-0.07916,-0.05711,1.01005,-0.45827,-0.26156,9.93734,-0.0663,-0.078,0.9399,-0.03508,-0.09224,0.95787,0.09052,-0.54974,9.42675,-0.0819,-0.0234,0.9984,-0.04552,-0.04707,0.9922,-0.07672,-1.33044,9.65986
14.0818,-1.474717,0.708182,9.528714,1.022918,0.052493,-0.002341,-0.855978,9.705644,-0.1443,-0.1014,0.9555,-0.12046,-0.09522,0.96323,-1.18128,-0.93377,9.44606,-0.1014,0.0078,0.9009,-0.13607,-0.02712,0.97862,-0.17385,0.32902,9.68581,-0.1872,-0.0663,0.9789,-0.15229,-0.08103,0.99719,1.23344,-0.6842,9.82359,-0.1638,-0.0429,1.0257,-0.12572,-0.0661,1.01967,0.11233,-2.13496,9.86711
14.1036,-0.382104,2.019561,2.464084,0.913517,0.06785,0.126887,-0.69466,9.818964,-0.0273,-0.078,0.9867,-0.00826,-0.07215,0.99531,-0.08098,-0.7075,9.76061,-0.0234,0.0117,0.897,-0.06019,-0.02338,0.97469,-0.12927,-0.40659,9.56991,-0.1131,-0.078,0.9828,-0.08045,-0.09224,1.00112,0.52499,-0.60231,9.85843,-0.0507,-0.0546,1.0374,-0.01497,-0.07751,1.03144,0.19281,-1.06223,10.08691
14.1255,-1.583493,1.052113,-4.71028,1.011292,0.072234,-0.023271,-0.645037,9.707004,0.0468,-0.078,0.9516,0.0628,-0.07215,0.95922,0.61587,-0.7075,9.40675,0.0702,0.0,0.9165,0.03086,-0.03462,0.99433,-0.22748,-1.31597,9.66991,0.0,-0.0936,0.9789,0.02919,-0.10718,0.99719,-0.55331,-0.48319,9.81212,0.0507,-0.0429,1.014,0.08433,-0.0661,1.0079,0.07183,-0.07349,9.93925
14.1474,-0.309253,-0.625087,-4.936265,1.121885,0.056583,-0.323869,-0.646008,9.733499,0.0117,-0.0858,0.975,0.02914,-0.07984,0.98328,0.28578,-0.78292,9.64265,0.0702,-0.0351,0.936,0.03086,-0.06836,1.01398,-0.55614,-1.33997,9.86477,0.0312,-0.0897,0.9711,0.05943,-0.10345,0.98933,-0.84662,-0.51613,9.72182,0.0624,-0.0156,0.9906,0.09578,-0.03946,0.98436,-0.17851,0.055,9.70475
14.1693,-0.535933,-2.578166,-2.919292,1.187172,0.043892,-0.466002,-0.796605,9.808245,-0.0234,-0.1014,0.9789,-0.00452,-0.09522,0.98729,-0.04431,-0.93377,9.68197,0.0468,-0.0507,0.9672,0.0081,-0.08335,1.04541,-0.7022,-1.1517,10.19592,0.0312,-0.078,0.9828,0.05943,-0.09224,1.00112,-0.84569,-0.64256,9.81917,0.0078,-0.0039,0.9789,0.04232,-0.02804,0.97259,-0.27181,-0.4584,9.53591
14.1911,0.467964,-1.103368,1.09262,1.272444,0.077032,-0.241941,-0.919656,9.758311,-0.0468,-0.1131,0.9867,-0.02696,-0.10675,0.99531,-0.26437,-1.0469,9.76061,0.0156,-0.0351,0.9399,-0.02225,-0.06836,1.01791,-0.56148,-0.82593,9.95714,-0.0546,-0.0702,0.9633,-0.02374,-0.08477,0.98146,-0.02367,-0.66115,9.64081,-0.0624,-0.0195,0.9984,-0.02643,-0.04326,0.9922,-0.11825,-1.14465,9.67468
14.2132,-0.102063,0.253334,9.64987,1.134335,0.040075,-0.047349,-0.835871,9.767092,-0.1521,-0.1014,0.9828,-0.12794,-0.09522,0.9913,-1.25464,-0.93377,9.72129,-0.1053,-0.0039,0.9087,-0.13986,-0.03837,0.98648,-0.28367,0.35669,9.7674,-0.1872,-0.0663,0.9711,-0.15229,-0.08103,0.98933,1.23527,-0.67227,9.74742,-0.1599,-0.0429,1.0218,-0.12191,-0.0661,1.01574,0.11364,-2.09414,9.83226
14.2350,-0.876646,2.053404,4.644619,0.882434,0.067022,0.081194,-0.656829,9.794454,-0.0585,-0.0741,0.9789,-0.03818,-0.0683,0.98729,-0.3744,-0.66979,9.68197,-0.0624,0.0117,0.8892,-0.09813,-0.02338,0.96683,-0.13425,-0.02858,9.53189,-0.1287,-0.0819,0.9867,-0.09558,-0.09598,1.00505,0.67103,-0.56775,9.90639,-0.0819,-0.0507,1.0374,-0.04552,-0.07371,1.03144,0.16239,-1.3612,10.05756
14.2569,-1.154593,0.55089,-1.169143,0.89276,0.086246,-0.028407,-0.697138,9.72383,0.0,-0.0741,0.9633,0.01792,-0.0683,0.97125,0.17575,-0.66979,9.5247,0.0351,0.0,0.9165,-0.00328,-0.03462,0.99433,-0.2312,-0.98295,9.70466,-0.0507,-0.0897,0.9789,-0.01996,-0.10345,0.99719,-0.07049,-0.50522,9.82028,-0.0078,-0.0351,1.0101,0.02704,-0.05849,1.00397,0.01231,-0.63059,9.84569
14.2788,-2.049654,-0.467358,-7.041058,0.907043,0.049468,-0.317873,-0.759692,9.833803,0.0468,-0.0858,0.9633,0.0628,-0.07984,0.97125,0.61587,-0.78292,9.5247,0.1092,-0.0273,0.9477,0.0688,-0.06086,1.02576,-0.47721,-1.72108,9.94037,0.0663,-0.0858,1.0062,0.09346,-0.09971,1.02471,-1.18704,-0.61579,10.04941,0.0663,-0.0117,1.0023,0.0996,-0.03565,0.99613,-0.22311,0.08102,9.82073
14.3006,1.011829,-2.068418,-5.343948,1.11342,0.062732,-0.492862,-0.821799,9.723826,0.0078,-0.0975,0.9906,0.0254,-0.09137,0.99931,0.24911,-0.89605,9.79993,0.0858,-0.0468,0.9555,0.04604,-0.0796,1.03362,-0.66261,-1.50929,10.042,0.0741,-0.078,0.9555,0.10102,-0.09224,0.9736,-1.24678,-0.61277,9.5409,0.0273,0.0,0.975,0.06141,-0.02423,0.96866,-0.31117,-0.26908,9.51248
14.3225,-1.744746,-0.968094,-2.255978,1.147252,0.040964,-0.384697,-0.907686,9.751662,-0.0234,-0.1131,0.9594,-0.00452,-0.10675,0.96724,-0.04431,-1.0469,9.48538,0.0546,-0.0351,0.9399,0.01569,-0.06836,1.01791,-0.55736,-1.19595,9.91853,0.0156,-0.0741,0.9945,0.04431,-0.0885,1.01292,-0.69903,-0.69228,9.93204,-0.0156,-0.0078,0.9945,0.0194,-0.03185,0.98828,-0.23809,-0.69562,9.6707
14.3444,1.137942,0.466488,4.218592,1.212622,0.04451,-0.050304,-0.795468,9.74737,-0.0741,-0.1053,0.9984,-0.05314,-0.09906,1.00733,-0.5211,-0.97148,9.87856,-0.039,-0.0078,0.9087,-0.07537,-0.04212,0.98648,-0.31341,-0.2728,9.70212,-0.117,-0.0741,0.9555,-0.08423,-0.0885,0.9736,0.56967,-0.59564,9.58725,-0.0819,-0.039,1.014,-0.04552,-0.06229,1.0079,0.06363,-1.34195,9.82154
14.3662,-1.94368,2.01356,7.394665,1.144474,0.055432,0.083908,-0.818137,9.787031,-0.1053,-0.0975,0.9594,-0.08306,-0.09137,0.96724,-0.81452,-0.89605,9.48538,-0.0741,0.0078,0.8931,-0.10951,-0.02712,0.97076,-0.17182,0.07799,9.58215,-0.1716,-0.0741,0.9945,-0.13717,-0.0885,1.01292,1.07915,-0.64006,9.98296,-0.1287,-0.0585,1.0452,-0.09135,-0.08132,1.03928,0.24282,-1.81442,10.09762
14.3881,-1.142418,1.656388,4.403755,0.883122,0.06555,-0.102194,-0.686876,9.759464,-0.0936,-0.078,0.9633,-0.07184,-0.07215,0.97125,-0.70449,-0.7075,9.5247,-0.0507,0.0039,0.9009,-0.08675,-0.03087,0.97862,-0.20524,-0.15247,9.63598,-0.1014,-0.078,0.9789,-0.06911,-0.09224,0.99719,0.41477,-0.59961,9.81716,-0.0741,-0.0429,1.0374,-0.03788,-0.0661,1.03144,0.08618,-1.28793,10.06002
14.4100,-1.801215,-0.217832,-2.362931,0.659956,0.053088,-0.213781,-0.690223,9.757874,0.0,-0.0819,0.9594,0.01792,-0.07599,0.96724,0.17575,-0.74521,9.48538,0.0273,-0.0039,0.9282,-0.01087,-0.03837,1.00612,-0.26749,-0.92137,9.82769,0.0039,-0.0819,0.9945,0.03297,-0.09598,1.01292,-0.59034,-0.61666,9.94649,0.0078,-0.0156,1.0023,0.04232,-0.03946,0.99613,-0.17304,-0.47765,9.77193
14.4318,-0.778975,-1.248366,-5.750705,0.878966,0.032774,-0.423381,-0.805082,9.771491,0.0195,-0.0936,0.975,0.03662,-0.08753,0.98328,0.35914,-0.85834,9.64265,0.0897,-0.0351,0.9477,0.04983,-0.06836,1.02576,-0.55279,-1.53696,9.96041,0.0663,-0.0741,0.9867,0.09346,-0.0885,1.00505,-1.17879,-0.69449,9.84207,0.0429,0.0,0.9867,0.07669,-0.02423,0.98043,-0.32108,-0.13053,9.64083
14.4537,0.859538,-1.809402,-4.675855,1.150446,0.067942,-0.455861,-0.878072,9.730491,0.0039,-0.1053,0.9867,0.02166,-0.09906,0.99531,0.21243,-0.97148,9.76061,0.0858,-0.0468,0.9555,0.04604,-0.0796,1.03362,-0.66261,-1.50929,10.042,0.0546,-0.0741,0.9555,0.08212,-0.0885,0.9736,-1.06033,-0.6435,9.54057,0.0156,0.0,0.9828,0.04995,-0.02423,0.97651,-0.31294,-0.38802,9.57879
14.4756,-0.507849,0.704758,-2.019881,1.170883,0.059607,-0.174499,-0.848386,9.732653,-0.0039,-0.1131,0.975,0.01418,-0.10675,0.98328,0.13908,-1.0469,9.64265,0.0351,-0.0117,0.9126,-0.00328,-0.04587,0.99041,-0.34189,-0.9803,9.66744,0.0,-0.0663,0.9789,0.02919,-0.08103,0.99719,-0.54474,-0.73642,9.77266,-0.0078,-0.039,1.0101,0.02704,-0.06229,1.00397,0.04956,-0.62994,9.84786
14.4974,0.719295,1.654344,3.622971,1.195277,0.088657,-0.053651,-0.751462,9.739664,-0.0624,-0.0975,0.9906,-0.04192,-0.09137,0.99931,-0.41107,-0.89605,9.79993,-0.0507,0.0,0.8931,-0.08675,-0.03462,0.97076,-0.24285,-0.14493,9.55971,-0.0819,-0.0741,0.9594,-0.05021,-0.0885,0.97753,0.23534,-0.61139,9.61579,-0.0819,-0.0546,1.0296,-0.04552,-0.07751,1.02359,0.20398,-1.35347,9.98323
14.5193,-2.909283,0.789044,7.337819,0.998665,0.054533,-0.050772,-0.887873,9.747367,-0.1287,-0.1014,0.9438,-0.1055,-0.09522,0.9512,-1.03458,-0.93377,9.32811,-0.0702,0.0078,0.9048,-0.10572,-0.02712,0.98255,-0.17012,0.029,9.69324,-0.1443,-0.0624,1.0062,-0.1107,-0.0773,1.02471,0.82075,-0.7741,10.07289,-0.1365,-0.0507,1.0257,-0.09899,-0.07371,1.01967,0.18085,-1.87263,9.89523
14.5411,-0.343962,1.148025,1.193733,0.831158,0.045496,-0.230653,-0.693524,9.714115,-0.0585,-0.078,0.975,-0.03818,-0.07215,0.98328,-0.3744,-0.7075,9.64265,-0.0078,-0.0078,0.9009,-0.04501,-0.04212,0.97862,-0.31096,-0.56084,9.5946,-0.0429,-0.0819,0.9711,-0.0124,-0.09598,0.98933,-0.14031,-0.56782,9.73071,-0.039,-0.0234,1.0179,-0.00351,-0.04707,1.01182,-0.09695,-0.93794,9.8885
14.5630,-1.672283,-0.816137,-5.231322,0.655576,0.083661,-0.432804,-0.827408,9.776714,0.0,-0.0819,0.9711,0.01792,-0.07599,0.97927,0.17575,-0.74521,9.60334,0.0936,-0.0234,0.936,0.05363,-0.05711,1.01398,-0.44339,-1.56064,9.84051,0.0702,-0.0741,1.0062,0.09724,-0.0885,1.02471,-1.22042,-0.7254,10.03144,0.0273,-0.0078,0.9867,0.06141,-0.03185,0.98043,-0.24316,-0.27837,9.63157
14.5849,1.155831,-0.967353,-6.675367,1.133643,0.061516,-0.495076,-0.857306,9.710547,0.0156,-0.1014,0.9945,0.03288,-0.09522,1.00332,0.32246,-0.93377,9.83925,0.1209,-0.0429,0.9399,0.08019,-0.07585,1.01791,-0.62385,-1.82589,9.85362,0.0858,-0.0819,0.9555,0.11236,-0.09598,0.9736,-1.35914,-0.57985,9.54335,0.0468,0.0,0.9828,0.08051,-0.02423,0.97651,-0.31977,-0.08971,9.60597
14.6067,-0.522916,-0.881352,-2.969999,1.262826,0.073317,-0.292039,-0.87172,9.737492,0.0,-0.1131,0.9672,0.01792,-0.10675,0.97526,0.17575,-1.0469,9.56402,0.0546,-0.0351,0.9438,0.01569,-0.06836,1.02183,-0.55693,-1.19995,9.95685,0.0156,-0.0702,0.9711,0.04431,-0.08477,0.98933,-0.69232,-0.69266,9.69788,0.0,-0.0234,0.9984,0.03468,-0.04707,0.9922,-0.09466,-0.54738,9.73122
14.6287,0.646418,-0.53921,-0.845414,1.264577,0.065333,-0.085786,-0.935162,9.747617,-0.0156,-0.1092,0.9906,0.00296,-0.10291,0.99931,0.02905,-1.00919,9.79993,0.0468,-0.0078,0.9321,0.0081,-0.04212,1.01005,-0.30175,-1.11082,9.84707,-0.0312,-0.0702,0.9633,-0.00106,-0.08477,0.98146,-0.24594,-0.66768,9.63444,-0.0429,-0.0507,0.9984,-0.00733,-0.07371,0.9922,0.1755,-0.95296,9.70903
14.6505,0.95597,2.449426,8.461118,1.235755,0.040011,-0.078247,-0.863172,9.697172,-0.1365,-0.1092,0.9906,-0.11298,-0.10291,0.99931,-1.10793,-1.00919,9.79993,-0.0858,-0.0039,0.8736,-0.12089,-0.03837,0.95112,-0.28547,0.20762,9.40325,-0.1599,-0.0702,0.9516,-0.12582,-0.08477,0.96966,0.97931,-0.61388,9.5552,-0.1521,-0.0429,1.0413,-0.11427,-0.0661,1.03536,0.1011,-2.03724,10.03031
14.6724,-2.611693,0.098505,5.12412,1.059649,0.038362,0.022305,-0.833133,9.771447,-0.0819,-0.1014,0.9516,-0.06062,-0.09522,0.95922,-0.59446,-0.93377,9.40675,-0.0507,0.0039,0.9165,-0.08675,-0.03087,0.99433,-0.20352,-0.16844,9.78924,-0.1326,-0.0663,1.0062,-0.09936,-0.08103,1.02471,0.70839,-0.74119,10.07534,-0.0975,-0.0507,1.014,-0.0608,-0.07371,1.0079,0.1788,-1.48914,9.81446
14.6942,0.686398,1.044789,0.756593,0.805183,0.029761,-0.212901,-0.604408,9.722314,-0.0468,-0.0741,0.9906,-0.02696,-0.0683,0.99931,-0.26437,-0.66979,9.79993,-0.0117,-0.0117,0.9009,-0.04881,-0.04587,0.97862,-0.34813,-0.52428,9.59883,-0.0507,-0.0858,0.9594,-0.01996,-0.09971,0.97753,-0.06469,-0.51157,9.62421,-0.0156,-0.0156,1.014,0.0194,-0.03946,1.0079,-0.17441,-0.71198,9.86629
14.7161,-2.807162,-0.962236,-8.36675,1.104355,0.073699,-0.343107,-0.751495,9.668936,0.0663,-0.0897,0.9321,0.0815,-0.08368,0.93917,0.79926,-0.82063,9.21015,0.1209,-0.039,0.9438,0.08019,-0.07211,1.02183,-0.58667,-1.82944,9.89157,0.0897,-0.0858,0.9945,0.11615,-0.09971,1.01292,-1.40657,-0.60442,9.92879,0.0819,-0.0156,0.9828,0.11488,-0.03946,0.97651,-0.17845,0.24851,9.64524
14.7380,1.392722,-1.845851,-5.264851,1.22714,0.06146,-0.42864,-0.767247,9.674512,0.0039,-0.1014,0.9867,0.02166,-0.09522,0.99531,0.21243,-0.93377,9.76061,0.0858,-0.039,0.9516,0.04604,-0.07211,1.02969,-0.58953,-1.5044,10.00295,0.0585,-0.0858,0.9399,0.0859,-0.09971,0.95787,-1.09738,-0.5122,9.40407,0.0429,-0.0078,0.975,0.07669,-0.03185,0.96866,-0.24008,-0.11861,9.53041
14.7599,-0.366696,-0.262826,-1.125074,1.326413,0.024275,-0.253362,-0.96998,9.733764,-0.0273,-0.1248,0.9789,-0.00826,-0.11829,0.98729,-0.08098,-1.16003,9.68197,0.0468,-0.0273,0.9243,0.0081,-0.06086,1.00219,-0.48639,-1.10508,9.77226,-0.0117,-0.0663,0.9789,0.01785,-0.08103,0.99719,-0.43361,-0.73315,9.77585,-0.0351,-0.0312,0.9984,0.00031,-0.05468,0.9922,-0.01247,-0.88166,9.70498
14.7817,0.714893,1.095394,7.228329,1.251176,0.042344,-0.085853,-0.928461,9.767804,-0.1248,-0.117,0.9906,-0.10176,-0.1106,0.99931,-0.9979,-1.08461,9.79993,-0.0624,-0.0078,0.9048,-0.09813,-0.04212,0.98255,-0.31631,-0.04679,9.68698,-0.1482,-0.0624,0.9594,-0.11448,-0.0773,0.97753,0.86879,-0.70143,9.61691,-0.1365,-0.0429,1.0335,-0.09899,-0.0661,1.02751,0.10201,-1.88101,9.9674
14.8036,-1.717716,1.215472,5.91594,1.117532,0.044667,0.022526,-0.889644,9.729247,-0.0897,-0.1053,0.9594,-0.0681,-0.09906,0.96724,-0.66781,-0.97148,9.48538,-0.0507,0.0039,0.897,-0.08675,-0.03087,0.97469,-0.20567,-0.14847,9.59767,-0.1404,-0.0663,0.9906,-0.10692,-0.08103,1.00899,0.78615,-0.71515,9.92512,-0.1209,-0.0507,1.0257,-0.08371,-0.07371,1.01967,0.17743,-1.72348,9.90883
14.8254,-1.081547,1.918665,-1.749967,0.996903,0.046698,-0.077058,-0.743897,9.710903,0.0039,-0.0897,0.9633,0.02166,-0.08368,0.97125,0.21243,-0.82063,9.5247,0.0351,0.0,0.897,-0.00328,-0.03462,0.97469,-0.23334,-0.96298,9.51308,-0.0234,-0.0819,0.9789,0.0065,-0.09598,0.99719,-0.32736,-0.58519,9.80158,-0.0039,-0.039,1.0257,0.03086,-0.06229,1.01967,0.04004,-0.60679,10.00426
14.8473,-1.65281,-0.142265,-8.55412,1.130988,0.028463,-0.235759,-0.695456,9.76558,0.0741,-0.0897,0.9633,0.08898,-0.08368,0.97125,0.87261,-0.82063,9.5247,0.1209,-0.0195,0.936,0.08019,-0.05336,1.01398,-0.40375,-1.81921,9.81311,0.0819,-0.0975,0.9945,0.10858,-0.11092,1.01292,-1.33615,-0.49372,9.94782,0.0936,-0.0273,0.9945,0.12634,-0.05087,0.98828,-0.07575,0.35174,9.77669
14.8691,-0.972453,-1.275309,-6.348803,1.218816,0.035615,-0.423813,-0.825316,9.77429,0.0195,-0.1053,0.9711,0.03662,-0.09906,0.97927,0.35914,-0.97148,9.60334,0.1053,-0.0429,0.9516,0.06501,-0.07585,1.02969,-0.62422,-1.68986,9.98401,0.0702,-0.0819,0.9867,0.09724,-0.09598,1.00505,-1.21828,-0.62322,9.85228,0.0546,-0.0117,0.9867,0.08815,-0.03565,0.98043,-0.21189,-0.0167,9.65753
14.8910,0.3724,-1.514989,-0.231257,1.450919,0.113983,-0.414922,-1.053744,9.72498,-0.0429,-0.1248,0.9828,-0.02322,-0.11829,0.9913,-0.22769,-1.16003,9.72129,0.0429,-0.0546,0.9438,0.00431,-0.0871,1.02183,-0.74194,-1.09118,9.97026,0.0,-0.0702,0.9633,0.02919,-0.08477,0.98146,-0.5423,-0.67638,9.62596,-0.078,-0.0156,0.9906,-0.0417,-0.03946,0.98436,-0.14775,-1.28739,9.58242
14.9128,0.435219,-0.596343,7.577719,1.388586,0.074772,-0.173283,-1.036005,9.787682,-0.1365,-0.1248,0.9906,-0.11298,-0.11829,0.99931,-1.10793,-1.16003,9.79993,-0.0507,-0.0312,0.9282,-0.08675,-0.06461,1.00612,-0.53303,-0.18445,9.90748,-0.1521,-0.0585,0.9672,-0.11826,-0.07356,0.98539,0.90522,-0.74845,9.68851,-0.156,-0.0351,1.014,-0.11809,-0.05849,1.0079,0.04261,-2.05109,9.75481
14.9346,-1.560611,1.847894,4.272802,1.099501,0.06377,0.048416,-0.909351,9.745042,-0.0663,-0.1014,0.9672,-0.04566,-0.09522,0.97526,-0.44775,-0.93377,9.56402,-0.0195,0.0078,0.8892,-0.0564,-0.02712,0.96683,-0.16647,-0.43606,9.48978,-0.1209,-0.0702,0.9945,-0.08802,-0.08477,1.01292,0.59878,-0.69038,9.96353,-0.1053,-0.0546,1.0296,-0.06844,-0.07751,1.02359,0.2091,-1.5772,9.96284
14.9565,-1.538077,2.73941,-4.922674,1.053999,0.055248,0.047595,-0.723013,9.769617,0.0585,-0.0819,0.9672,0.07402,-0.07599,0.97526,0.7259,-0.74521,9.56402,0.0819,0.0078,0.8931,0.04225,-0.02712,0.97076,-0.15531,-1.40212,9.4277,0.0039,-0.0897,0.9945,0.03297,-0.10345,1.01292,-0.59279,-0.54431,9.95777,0.039,-0.0585,1.0335,0.07287,-0.08132,1.02751,0.21258,-0.20041,10.12899
14.9783,-1.922942,0.713674,-7.635736,1.171813,0.039935,-0.134078,-0.76663,9.742605,0.0741,-0.0975,0.9555,0.08898,-0.09137,0.96323,0.87261,-0.89605,9.44606,0.117,-0.0156,0.9243,0.07639,-0.04962,1.00219,-0.3687,-1.76978,9.70166,0.0546,-0.0858,0.9945,0.08212,-0.09971,1.01292,-1.07316,-0.59463,9.93834,0.078,-0.039,1.0062,0.11106,-0.06229,1.00005,0.03293,0.19395,9.88436
