ISO-10303-21;
HEADER;
/* Generated by software containing ST-Developer
 * from STEP Tools, Inc. (www.steptools.com) 
 */

FILE_DESCRIPTION(
/* description */ ('STEP AP242 Edition 2'),
/* implementation_level */ '2;1');

FILE_NAME(
/* name */ 'Mounting Motor Enclosure.step',
/* time_stamp */ '2026-07-20T20:45:56-07:00',
/* author */ (''),
/* organization */ (''),
/* preprocessor_version */ 'ST-DEVELOPER v20.1',
/* originating_system */ 'Autodesk Translation Framework v15.8.0.0',
/* authorisation */ '');

FILE_SCHEMA (('AUTOMOTIVE_DESIGN { 1 0 10303 214 3 1 1 }'));
ENDSEC;

DATA;
#10=MECHANICAL_DESIGN_GEOMETRIC_PRESENTATION_REPRESENTATION('',(#13),#3239);
#11=SHAPE_REPRESENTATION_RELATIONSHIP('SRR','None',#3245,#12);
#12=ADVANCED_BREP_SHAPE_REPRESENTATION('',(#14),#3238);
#13=STYLED_ITEM('',(#3254),#14);
#14=MANIFOLD_SOLID_BREP('Body2',#1967);
#15=FACE_BOUND('',#292,.T.);
#16=FACE_BOUND('',#293,.T.);
#17=FACE_BOUND('',#294,.T.);
#18=FACE_BOUND('',#295,.T.);
#19=FACE_BOUND('',#296,.T.);
#20=FACE_BOUND('',#297,.T.);
#21=FACE_BOUND('',#298,.T.);
#22=FACE_BOUND('',#299,.T.);
#23=FACE_BOUND('',#304,.T.);
#24=FACE_BOUND('',#308,.T.);
#25=FACE_BOUND('',#326,.T.);
#26=FACE_BOUND('',#331,.T.);
#27=FACE_BOUND('',#336,.T.);
#28=FACE_BOUND('',#352,.T.);
#29=FACE_BOUND('',#356,.T.);
#30=FACE_BOUND('',#360,.T.);
#31=FACE_BOUND('',#378,.T.);
#32=FACE_BOUND('',#382,.T.);
#33=FACE_BOUND('',#387,.T.);
#34=FACE_BOUND('',#404,.T.);
#35=PLANE('',#1985);
#36=PLANE('',#1986);
#37=PLANE('',#1988);
#38=PLANE('',#1990);
#39=PLANE('',#1992);
#40=PLANE('',#1994);
#41=PLANE('',#1996);
#42=PLANE('',#1998);
#43=PLANE('',#2000);
#44=PLANE('',#2002);
#45=PLANE('',#2004);
#46=PLANE('',#2006);
#47=PLANE('',#2008);
#48=PLANE('',#2010);
#49=PLANE('',#2011);
#50=PLANE('',#2012);
#51=PLANE('',#2013);
#52=PLANE('',#2022);
#53=PLANE('',#2027);
#54=PLANE('',#2028);
#55=PLANE('',#2029);
#56=PLANE('',#2030);
#57=PLANE('',#2031);
#58=PLANE('',#2032);
#59=PLANE('',#2033);
#60=PLANE('',#2034);
#61=PLANE('',#2035);
#62=PLANE('',#2036);
#63=PLANE('',#2037);
#64=PLANE('',#2038);
#65=PLANE('',#2039);
#66=PLANE('',#2042);
#67=PLANE('',#2043);
#68=PLANE('',#2046);
#69=PLANE('',#2047);
#70=PLANE('',#2050);
#71=PLANE('',#2055);
#72=PLANE('',#2056);
#73=PLANE('',#2057);
#74=PLANE('',#2058);
#75=PLANE('',#2059);
#76=PLANE('',#2060);
#77=PLANE('',#2061);
#78=PLANE('',#2062);
#79=PLANE('',#2063);
#80=PLANE('',#2064);
#81=PLANE('',#2065);
#82=PLANE('',#2066);
#83=PLANE('',#2067);
#84=PLANE('',#2068);
#85=PLANE('',#2071);
#86=PLANE('',#2072);
#87=PLANE('',#2075);
#88=PLANE('',#2078);
#89=PLANE('',#2083);
#90=PLANE('',#2084);
#91=PLANE('',#2085);
#92=PLANE('',#2086);
#93=PLANE('',#2087);
#94=PLANE('',#2088);
#95=PLANE('',#2089);
#96=PLANE('',#2090);
#97=PLANE('',#2091);
#98=PLANE('',#2092);
#99=PLANE('',#2093);
#100=PLANE('',#2094);
#101=PLANE('',#2095);
#102=PLANE('',#2098);
#103=PLANE('',#2099);
#104=PLANE('',#2104);
#105=PLANE('',#2105);
#106=PLANE('',#2106);
#107=PLANE('',#2111);
#108=PLANE('',#2112);
#109=PLANE('',#2113);
#110=PLANE('',#2114);
#111=PLANE('',#2115);
#112=PLANE('',#2116);
#113=PLANE('',#2117);
#114=PLANE('',#2118);
#115=PLANE('',#2119);
#116=PLANE('',#2120);
#117=PLANE('',#2121);
#118=PLANE('',#2122);
#119=PLANE('',#2123);
#120=PLANE('',#2124);
#121=PLANE('',#2127);
#122=PLANE('',#2128);
#123=PLANE('',#2133);
#124=PLANE('',#2134);
#125=CYLINDRICAL_SURFACE('',#1971,0.0015);
#126=CYLINDRICAL_SURFACE('',#1975,0.0015);
#127=CYLINDRICAL_SURFACE('',#1979,0.0014);
#128=CYLINDRICAL_SURFACE('',#1983,0.0015);
#129=CYLINDRICAL_SURFACE('',#2023,0.00225);
#130=CYLINDRICAL_SURFACE('',#2025,0.00225);
#131=CYLINDRICAL_SURFACE('',#2041,0.01);
#132=CYLINDRICAL_SURFACE('',#2044,0.0025);
#133=CYLINDRICAL_SURFACE('',#2048,0.00475000000000001);
#134=CYLINDRICAL_SURFACE('',#2051,0.00225);
#135=CYLINDRICAL_SURFACE('',#2053,0.00225);
#136=CYLINDRICAL_SURFACE('',#2070,0.01);
#137=CYLINDRICAL_SURFACE('',#2073,0.0025);
#138=CYLINDRICAL_SURFACE('',#2076,0.00475000000000001);
#139=CYLINDRICAL_SURFACE('',#2079,0.00225);
#140=CYLINDRICAL_SURFACE('',#2081,0.00225);
#141=CYLINDRICAL_SURFACE('',#2096,0.01);
#142=CYLINDRICAL_SURFACE('',#2100,0.0025);
#143=CYLINDRICAL_SURFACE('',#2102,0.00475000000000001);
#144=CYLINDRICAL_SURFACE('',#2107,0.00225);
#145=CYLINDRICAL_SURFACE('',#2109,0.00225);
#146=CYLINDRICAL_SURFACE('',#2125,0.01);
#147=CYLINDRICAL_SURFACE('',#2129,0.0025);
#148=CYLINDRICAL_SURFACE('',#2131,0.00475000000000001);
#149=FACE_OUTER_BOUND('',#267,.T.);
#150=FACE_OUTER_BOUND('',#268,.T.);
#151=FACE_OUTER_BOUND('',#269,.T.);
#152=FACE_OUTER_BOUND('',#270,.T.);
#153=FACE_OUTER_BOUND('',#271,.T.);
#154=FACE_OUTER_BOUND('',#272,.T.);
#155=FACE_OUTER_BOUND('',#273,.T.);
#156=FACE_OUTER_BOUND('',#274,.T.);
#157=FACE_OUTER_BOUND('',#275,.T.);
#158=FACE_OUTER_BOUND('',#276,.T.);
#159=FACE_OUTER_BOUND('',#277,.T.);
#160=FACE_OUTER_BOUND('',#278,.T.);
#161=FACE_OUTER_BOUND('',#279,.T.);
#162=FACE_OUTER_BOUND('',#280,.T.);
#163=FACE_OUTER_BOUND('',#281,.T.);
#164=FACE_OUTER_BOUND('',#282,.T.);
#165=FACE_OUTER_BOUND('',#283,.T.);
#166=FACE_OUTER_BOUND('',#284,.T.);
#167=FACE_OUTER_BOUND('',#285,.T.);
#168=FACE_OUTER_BOUND('',#286,.T.);
#169=FACE_OUTER_BOUND('',#287,.T.);
#170=FACE_OUTER_BOUND('',#288,.T.);
#171=FACE_OUTER_BOUND('',#289,.T.);
#172=FACE_OUTER_BOUND('',#290,.T.);
#173=FACE_OUTER_BOUND('',#291,.T.);
#174=FACE_OUTER_BOUND('',#300,.T.);
#175=FACE_OUTER_BOUND('',#301,.T.);
#176=FACE_OUTER_BOUND('',#302,.T.);
#177=FACE_OUTER_BOUND('',#303,.T.);
#178=FACE_OUTER_BOUND('',#305,.T.);
#179=FACE_OUTER_BOUND('',#306,.T.);
#180=FACE_OUTER_BOUND('',#307,.T.);
#181=FACE_OUTER_BOUND('',#309,.T.);
#182=FACE_OUTER_BOUND('',#310,.T.);
#183=FACE_OUTER_BOUND('',#311,.T.);
#184=FACE_OUTER_BOUND('',#312,.T.);
#185=FACE_OUTER_BOUND('',#313,.T.);
#186=FACE_OUTER_BOUND('',#314,.T.);
#187=FACE_OUTER_BOUND('',#315,.T.);
#188=FACE_OUTER_BOUND('',#316,.T.);
#189=FACE_OUTER_BOUND('',#317,.T.);
#190=FACE_OUTER_BOUND('',#318,.T.);
#191=FACE_OUTER_BOUND('',#319,.T.);
#192=FACE_OUTER_BOUND('',#320,.T.);
#193=FACE_OUTER_BOUND('',#321,.T.);
#194=FACE_OUTER_BOUND('',#322,.T.);
#195=FACE_OUTER_BOUND('',#323,.T.);
#196=FACE_OUTER_BOUND('',#324,.T.);
#197=FACE_OUTER_BOUND('',#325,.T.);
#198=FACE_OUTER_BOUND('',#327,.T.);
#199=FACE_OUTER_BOUND('',#328,.T.);
#200=FACE_OUTER_BOUND('',#329,.T.);
#201=FACE_OUTER_BOUND('',#330,.T.);
#202=FACE_OUTER_BOUND('',#332,.T.);
#203=FACE_OUTER_BOUND('',#333,.T.);
#204=FACE_OUTER_BOUND('',#334,.T.);
#205=FACE_OUTER_BOUND('',#335,.T.);
#206=FACE_OUTER_BOUND('',#337,.T.);
#207=FACE_OUTER_BOUND('',#338,.T.);
#208=FACE_OUTER_BOUND('',#339,.T.);
#209=FACE_OUTER_BOUND('',#340,.T.);
#210=FACE_OUTER_BOUND('',#341,.T.);
#211=FACE_OUTER_BOUND('',#342,.T.);
#212=FACE_OUTER_BOUND('',#343,.T.);
#213=FACE_OUTER_BOUND('',#344,.T.);
#214=FACE_OUTER_BOUND('',#345,.T.);
#215=FACE_OUTER_BOUND('',#346,.T.);
#216=FACE_OUTER_BOUND('',#347,.T.);
#217=FACE_OUTER_BOUND('',#348,.T.);
#218=FACE_OUTER_BOUND('',#349,.T.);
#219=FACE_OUTER_BOUND('',#350,.T.);
#220=FACE_OUTER_BOUND('',#351,.T.);
#221=FACE_OUTER_BOUND('',#353,.T.);
#222=FACE_OUTER_BOUND('',#354,.T.);
#223=FACE_OUTER_BOUND('',#355,.T.);
#224=FACE_OUTER_BOUND('',#357,.T.);
#225=FACE_OUTER_BOUND('',#358,.T.);
#226=FACE_OUTER_BOUND('',#359,.T.);
#227=FACE_OUTER_BOUND('',#361,.T.);
#228=FACE_OUTER_BOUND('',#362,.T.);
#229=FACE_OUTER_BOUND('',#363,.T.);
#230=FACE_OUTER_BOUND('',#364,.T.);
#231=FACE_OUTER_BOUND('',#365,.T.);
#232=FACE_OUTER_BOUND('',#366,.T.);
#233=FACE_OUTER_BOUND('',#367,.T.);
#234=FACE_OUTER_BOUND('',#368,.T.);
#235=FACE_OUTER_BOUND('',#369,.T.);
#236=FACE_OUTER_BOUND('',#370,.T.);
#237=FACE_OUTER_BOUND('',#371,.T.);
#238=FACE_OUTER_BOUND('',#372,.T.);
#239=FACE_OUTER_BOUND('',#373,.T.);
#240=FACE_OUTER_BOUND('',#374,.T.);
#241=FACE_OUTER_BOUND('',#375,.T.);
#242=FACE_OUTER_BOUND('',#376,.T.);
#243=FACE_OUTER_BOUND('',#377,.T.);
#244=FACE_OUTER_BOUND('',#379,.T.);
#245=FACE_OUTER_BOUND('',#380,.T.);
#246=FACE_OUTER_BOUND('',#381,.T.);
#247=FACE_OUTER_BOUND('',#383,.T.);
#248=FACE_OUTER_BOUND('',#384,.T.);
#249=FACE_OUTER_BOUND('',#385,.T.);
#250=FACE_OUTER_BOUND('',#386,.T.);
#251=FACE_OUTER_BOUND('',#388,.T.);
#252=FACE_OUTER_BOUND('',#389,.T.);
#253=FACE_OUTER_BOUND('',#390,.T.);
#254=FACE_OUTER_BOUND('',#391,.T.);
#255=FACE_OUTER_BOUND('',#392,.T.);
#256=FACE_OUTER_BOUND('',#393,.T.);
#257=FACE_OUTER_BOUND('',#394,.T.);
#258=FACE_OUTER_BOUND('',#395,.T.);
#259=FACE_OUTER_BOUND('',#396,.T.);
#260=FACE_OUTER_BOUND('',#397,.T.);
#261=FACE_OUTER_BOUND('',#398,.T.);
#262=FACE_OUTER_BOUND('',#399,.T.);
#263=FACE_OUTER_BOUND('',#400,.T.);
#264=FACE_OUTER_BOUND('',#401,.T.);
#265=FACE_OUTER_BOUND('',#402,.T.);
#266=FACE_OUTER_BOUND('',#403,.T.);
#267=EDGE_LOOP('',(#1317,#1318,#1319));
#268=EDGE_LOOP('',(#1320,#1321,#1322,#1323));
#269=EDGE_LOOP('',(#1324,#1325,#1326));
#270=EDGE_LOOP('',(#1327,#1328,#1329,#1330));
#271=EDGE_LOOP('',(#1331,#1332,#1333));
#272=EDGE_LOOP('',(#1334,#1335,#1336,#1337));
#273=EDGE_LOOP('',(#1338,#1339,#1340));
#274=EDGE_LOOP('',(#1341,#1342,#1343,#1344));
#275=EDGE_LOOP('',(#1345,#1346,#1347,#1348));
#276=EDGE_LOOP('',(#1349));
#277=EDGE_LOOP('',(#1350));
#278=EDGE_LOOP('',(#1351));
#279=EDGE_LOOP('',(#1352));
#280=EDGE_LOOP('',(#1353));
#281=EDGE_LOOP('',(#1354));
#282=EDGE_LOOP('',(#1355));
#283=EDGE_LOOP('',(#1356));
#284=EDGE_LOOP('',(#1357));
#285=EDGE_LOOP('',(#1358));
#286=EDGE_LOOP('',(#1359));
#287=EDGE_LOOP('',(#1360));
#288=EDGE_LOOP('',(#1361,#1362,#1363,#1364));
#289=EDGE_LOOP('',(#1365,#1366,#1367,#1368));
#290=EDGE_LOOP('',(#1369,#1370,#1371,#1372));
#291=EDGE_LOOP('',(#1373,#1374,#1375,#1376));
#292=EDGE_LOOP('',(#1377,#1378,#1379,#1380,#1381,#1382,#1383,#1384));
#293=EDGE_LOOP('',(#1385,#1386,#1387,#1388,#1389,#1390,#1391,#1392));
#294=EDGE_LOOP('',(#1393,#1394,#1395,#1396,#1397,#1398,#1399,#1400));
#295=EDGE_LOOP('',(#1401,#1402,#1403,#1404,#1405,#1406,#1407,#1408));
#296=EDGE_LOOP('',(#1409));
#297=EDGE_LOOP('',(#1410));
#298=EDGE_LOOP('',(#1411));
#299=EDGE_LOOP('',(#1412));
#300=EDGE_LOOP('',(#1413,#1414,#1415,#1416));
#301=EDGE_LOOP('',(#1417,#1418,#1419,#1420));
#302=EDGE_LOOP('',(#1421,#1422,#1423,#1424));
#303=EDGE_LOOP('',(#1425,#1426,#1427,#1428));
#304=EDGE_LOOP('',(#1429));
#305=EDGE_LOOP('',(#1430,#1431,#1432,#1433));
#306=EDGE_LOOP('',(#1434,#1435,#1436,#1437));
#307=EDGE_LOOP('',(#1438,#1439,#1440,#1441));
#308=EDGE_LOOP('',(#1442));
#309=EDGE_LOOP('',(#1443,#1444,#1445,#1446));
#310=EDGE_LOOP('',(#1447,#1448,#1449,#1450));
#311=EDGE_LOOP('',(#1451,#1452,#1453,#1454));
#312=EDGE_LOOP('',(#1455,#1456,#1457,#1458));
#313=EDGE_LOOP('',(#1459,#1460,#1461,#1462));
#314=EDGE_LOOP('',(#1463,#1464,#1465,#1466));
#315=EDGE_LOOP('',(#1467,#1468,#1469,#1470,#1471,#1472));
#316=EDGE_LOOP('',(#1473,#1474,#1475,#1476,#1477,#1478,#1479));
#317=EDGE_LOOP('',(#1480,#1481,#1482));
#318=EDGE_LOOP('',(#1483,#1484,#1485,#1486));
#319=EDGE_LOOP('',(#1487,#1488,#1489,#1490));
#320=EDGE_LOOP('',(#1491,#1492,#1493,#1494,#1495,#1496,#1497));
#321=EDGE_LOOP('',(#1498,#1499,#1500,#1501));
#322=EDGE_LOOP('',(#1502,#1503,#1504,#1505));
#323=EDGE_LOOP('',(#1506,#1507,#1508,#1509,#1510,#1511));
#324=EDGE_LOOP('',(#1512,#1513,#1514,#1515,#1516,#1517));
#325=EDGE_LOOP('',(#1518,#1519,#1520,#1521,#1522));
#326=EDGE_LOOP('',(#1523));
#327=EDGE_LOOP('',(#1524,#1525,#1526,#1527));
#328=EDGE_LOOP('',(#1528,#1529,#1530,#1531));
#329=EDGE_LOOP('',(#1532,#1533,#1534,#1535));
#330=EDGE_LOOP('',(#1536,#1537,#1538,#1539));
#331=EDGE_LOOP('',(#1540));
#332=EDGE_LOOP('',(#1541,#1542,#1543,#1544));
#333=EDGE_LOOP('',(#1545,#1546,#1547,#1548,#1549,#1550));
#334=EDGE_LOOP('',(#1551,#1552,#1553,#1554));
#335=EDGE_LOOP('',(#1555,#1556,#1557,#1558));
#336=EDGE_LOOP('',(#1559));
#337=EDGE_LOOP('',(#1560,#1561,#1562,#1563));
#338=EDGE_LOOP('',(#1564,#1565,#1566,#1567,#1568,#1569));
#339=EDGE_LOOP('',(#1570,#1571,#1572,#1573));
#340=EDGE_LOOP('',(#1574,#1575,#1576,#1577));
#341=EDGE_LOOP('',(#1578,#1579,#1580,#1581));
#342=EDGE_LOOP('',(#1582,#1583,#1584,#1585,#1586,#1587,#1588));
#343=EDGE_LOOP('',(#1589,#1590,#1591,#1592));
#344=EDGE_LOOP('',(#1593,#1594,#1595));
#345=EDGE_LOOP('',(#1596,#1597,#1598,#1599));
#346=EDGE_LOOP('',(#1600,#1601,#1602,#1603,#1604,#1605,#1606));
#347=EDGE_LOOP('',(#1607,#1608,#1609,#1610));
#348=EDGE_LOOP('',(#1611,#1612,#1613,#1614));
#349=EDGE_LOOP('',(#1615,#1616,#1617,#1618));
#350=EDGE_LOOP('',(#1619,#1620,#1621,#1622,#1623,#1624));
#351=EDGE_LOOP('',(#1625,#1626,#1627,#1628,#1629));
#352=EDGE_LOOP('',(#1630));
#353=EDGE_LOOP('',(#1631,#1632,#1633,#1634));
#354=EDGE_LOOP('',(#1635,#1636,#1637,#1638));
#355=EDGE_LOOP('',(#1639,#1640,#1641,#1642));
#356=EDGE_LOOP('',(#1643));
#357=EDGE_LOOP('',(#1644,#1645,#1646,#1647));
#358=EDGE_LOOP('',(#1648,#1649,#1650,#1651));
#359=EDGE_LOOP('',(#1652,#1653,#1654,#1655));
#360=EDGE_LOOP('',(#1656));
#361=EDGE_LOOP('',(#1657,#1658,#1659,#1660));
#362=EDGE_LOOP('',(#1661,#1662,#1663,#1664));
#363=EDGE_LOOP('',(#1665,#1666,#1667,#1668));
#364=EDGE_LOOP('',(#1669,#1670,#1671,#1672,#1673,#1674,#1675));
#365=EDGE_LOOP('',(#1676,#1677,#1678,#1679));
#366=EDGE_LOOP('',(#1680,#1681,#1682,#1683));
#367=EDGE_LOOP('',(#1684,#1685,#1686,#1687));
#368=EDGE_LOOP('',(#1688,#1689,#1690,#1691));
#369=EDGE_LOOP('',(#1692,#1693,#1694,#1695));
#370=EDGE_LOOP('',(#1696,#1697,#1698,#1699));
#371=EDGE_LOOP('',(#1700,#1701,#1702,#1703,#1704,#1705,#1706));
#372=EDGE_LOOP('',(#1707,#1708,#1709));
#373=EDGE_LOOP('',(#1710,#1711,#1712,#1713));
#374=EDGE_LOOP('',(#1714,#1715,#1716,#1717,#1718,#1719));
#375=EDGE_LOOP('',(#1720,#1721,#1722,#1723,#1724,#1725));
#376=EDGE_LOOP('',(#1726,#1727,#1728,#1729,#1730,#1731));
#377=EDGE_LOOP('',(#1732,#1733,#1734,#1735,#1736));
#378=EDGE_LOOP('',(#1737));
#379=EDGE_LOOP('',(#1738,#1739,#1740,#1741));
#380=EDGE_LOOP('',(#1742,#1743,#1744,#1745));
#381=EDGE_LOOP('',(#1746,#1747,#1748,#1749));
#382=EDGE_LOOP('',(#1750));
#383=EDGE_LOOP('',(#1751,#1752,#1753,#1754));
#384=EDGE_LOOP('',(#1755,#1756,#1757,#1758));
#385=EDGE_LOOP('',(#1759,#1760,#1761,#1762));
#386=EDGE_LOOP('',(#1763,#1764,#1765,#1766));
#387=EDGE_LOOP('',(#1767));
#388=EDGE_LOOP('',(#1768,#1769,#1770,#1771));
#389=EDGE_LOOP('',(#1772,#1773,#1774,#1775,#1776,#1777));
#390=EDGE_LOOP('',(#1778,#1779,#1780,#1781));
#391=EDGE_LOOP('',(#1782,#1783,#1784,#1785,#1786,#1787,#1788));
#392=EDGE_LOOP('',(#1789,#1790,#1791,#1792));
#393=EDGE_LOOP('',(#1793,#1794,#1795,#1796));
#394=EDGE_LOOP('',(#1797,#1798,#1799,#1800));
#395=EDGE_LOOP('',(#1801,#1802,#1803,#1804));
#396=EDGE_LOOP('',(#1805,#1806,#1807,#1808));
#397=EDGE_LOOP('',(#1809,#1810,#1811,#1812));
#398=EDGE_LOOP('',(#1813,#1814,#1815,#1816,#1817,#1818,#1819));
#399=EDGE_LOOP('',(#1820,#1821,#1822));
#400=EDGE_LOOP('',(#1823,#1824,#1825,#1826));
#401=EDGE_LOOP('',(#1827,#1828,#1829,#1830,#1831,#1832));
#402=EDGE_LOOP('',(#1833,#1834,#1835,#1836,#1837,#1838));
#403=EDGE_LOOP('',(#1839,#1840,#1841,#1842,#1843));
#404=EDGE_LOOP('',(#1844));
#405=LINE('',#2690,#621);
#406=LINE('',#2694,#622);
#407=LINE('',#2699,#623);
#408=LINE('',#2703,#624);
#409=LINE('',#2708,#625);
#410=LINE('',#2712,#626);
#411=LINE('',#2717,#627);
#412=LINE('',#2721,#628);
#413=LINE('',#2725,#629);
#414=LINE('',#2727,#630);
#415=LINE('',#2729,#631);
#416=LINE('',#2730,#632);
#417=LINE('',#2769,#633);
#418=LINE('',#2771,#634);
#419=LINE('',#2772,#635);
#420=LINE('',#2775,#636);
#421=LINE('',#2777,#637);
#422=LINE('',#2778,#638);
#423=LINE('',#2780,#639);
#424=LINE('',#2781,#640);
#425=LINE('',#2785,#641);
#426=LINE('',#2789,#642);
#427=LINE('',#2791,#643);
#428=LINE('',#2793,#644);
#429=LINE('',#2797,#645);
#430=LINE('',#2798,#646);
#431=LINE('',#2801,#647);
#432=LINE('',#2805,#648);
#433=LINE('',#2807,#649);
#434=LINE('',#2809,#650);
#435=LINE('',#2813,#651);
#436=LINE('',#2814,#652);
#437=LINE('',#2817,#653);
#438=LINE('',#2819,#654);
#439=LINE('',#2821,#655);
#440=LINE('',#2825,#656);
#441=LINE('',#2827,#657);
#442=LINE('',#2829,#658);
#443=LINE('',#2833,#659);
#444=LINE('',#2837,#660);
#445=LINE('',#2839,#661);
#446=LINE('',#2841,#662);
#447=LINE('',#2845,#663);
#448=LINE('',#2846,#664);
#449=LINE('',#2851,#665);
#450=LINE('',#2855,#666);
#451=LINE('',#2859,#667);
#452=LINE('',#2861,#668);
#453=LINE('',#2863,#669);
#454=LINE('',#2864,#670);
#455=LINE('',#2866,#671);
#456=LINE('',#2867,#672);
#457=LINE('',#2869,#673);
#458=LINE('',#2873,#674);
#459=LINE('',#2875,#675);
#460=LINE('',#2877,#676);
#461=LINE('',#2878,#677);
#462=LINE('',#2880,#678);
#463=LINE('',#2881,#679);
#464=LINE('',#2883,#680);
#465=LINE('',#2887,#681);
#466=LINE('',#2889,#682);
#467=LINE('',#2891,#683);
#468=LINE('',#2892,#684);
#469=LINE('',#2895,#685);
#470=LINE('',#2897,#686);
#471=LINE('',#2898,#687);
#472=LINE('',#2901,#688);
#473=LINE('',#2903,#689);
#474=LINE('',#2904,#690);
#475=LINE('',#2908,#691);
#476=LINE('',#2909,#692);
#477=LINE('',#2910,#693);
#478=LINE('',#2913,#694);
#479=LINE('',#2915,#695);
#480=LINE('',#2916,#696);
#481=LINE('',#2917,#697);
#482=LINE('',#2919,#698);
#483=LINE('',#2923,#699);
#484=LINE('',#2926,#700);
#485=LINE('',#2927,#701);
#486=LINE('',#2929,#702);
#487=LINE('',#2933,#703);
#488=LINE('',#2936,#704);
#489=LINE('',#2937,#705);
#490=LINE('',#2940,#706);
#491=LINE('',#2941,#707);
#492=LINE('',#2948,#708);
#493=LINE('',#2952,#709);
#494=LINE('',#2955,#710);
#495=LINE('',#2957,#711);
#496=LINE('',#2958,#712);
#497=LINE('',#2961,#713);
#498=LINE('',#2963,#714);
#499=LINE('',#2964,#715);
#500=LINE('',#2966,#716);
#501=LINE('',#2969,#717);
#502=LINE('',#2971,#718);
#503=LINE('',#2973,#719);
#504=LINE('',#2975,#720);
#505=LINE('',#2976,#721);
#506=LINE('',#2979,#722);
#507=LINE('',#2981,#723);
#508=LINE('',#2982,#724);
#509=LINE('',#2985,#725);
#510=LINE('',#2987,#726);
#511=LINE('',#2988,#727);
#512=LINE('',#2990,#728);
#513=LINE('',#2993,#729);
#514=LINE('',#2995,#730);
#515=LINE('',#2997,#731);
#516=LINE('',#2999,#732);
#517=LINE('',#3000,#733);
#518=LINE('',#3004,#734);
#519=LINE('',#3005,#735);
#520=LINE('',#3006,#736);
#521=LINE('',#3009,#737);
#522=LINE('',#3011,#738);
#523=LINE('',#3012,#739);
#524=LINE('',#3014,#740);
#525=LINE('',#3016,#741);
#526=LINE('',#3017,#742);
#527=LINE('',#3020,#743);
#528=LINE('',#3021,#744);
#529=LINE('',#3023,#745);
#530=LINE('',#3027,#746);
#531=LINE('',#3031,#747);
#532=LINE('',#3032,#748);
#533=LINE('',#3036,#749);
#534=LINE('',#3038,#750);
#535=LINE('',#3045,#751);
#536=LINE('',#3049,#752);
#537=LINE('',#3053,#753);
#538=LINE('',#3055,#754);
#539=LINE('',#3057,#755);
#540=LINE('',#3058,#756);
#541=LINE('',#3060,#757);
#542=LINE('',#3061,#758);
#543=LINE('',#3063,#759);
#544=LINE('',#3067,#760);
#545=LINE('',#3069,#761);
#546=LINE('',#3071,#762);
#547=LINE('',#3072,#763);
#548=LINE('',#3074,#764);
#549=LINE('',#3075,#765);
#550=LINE('',#3077,#766);
#551=LINE('',#3081,#767);
#552=LINE('',#3083,#768);
#553=LINE('',#3085,#769);
#554=LINE('',#3086,#770);
#555=LINE('',#3089,#771);
#556=LINE('',#3090,#772);
#557=LINE('',#3091,#773);
#558=LINE('',#3094,#774);
#559=LINE('',#3095,#775);
#560=LINE('',#3098,#776);
#561=LINE('',#3100,#777);
#562=LINE('',#3102,#778);
#563=LINE('',#3103,#779);
#564=LINE('',#3106,#780);
#565=LINE('',#3107,#781);
#566=LINE('',#3110,#782);
#567=LINE('',#3112,#783);
#568=LINE('',#3113,#784);
#569=LINE('',#3116,#785);
#570=LINE('',#3117,#786);
#571=LINE('',#3120,#787);
#572=LINE('',#3122,#788);
#573=LINE('',#3127,#789);
#574=LINE('',#3130,#790);
#575=LINE('',#3133,#791);
#576=LINE('',#3135,#792);
#577=LINE('',#3137,#793);
#578=LINE('',#3142,#794);
#579=LINE('',#3146,#795);
#580=LINE('',#3150,#796);
#581=LINE('',#3152,#797);
#582=LINE('',#3154,#798);
#583=LINE('',#3155,#799);
#584=LINE('',#3157,#800);
#585=LINE('',#3158,#801);
#586=LINE('',#3160,#802);
#587=LINE('',#3163,#803);
#588=LINE('',#3165,#804);
#589=LINE('',#3166,#805);
#590=LINE('',#3169,#806);
#591=LINE('',#3171,#807);
#592=LINE('',#3172,#808);
#593=LINE('',#3174,#809);
#594=LINE('',#3177,#810);
#595=LINE('',#3179,#811);
#596=LINE('',#3181,#812);
#597=LINE('',#3183,#813);
#598=LINE('',#3184,#814);
#599=LINE('',#3188,#815);
#600=LINE('',#3190,#816);
#601=LINE('',#3192,#817);
#602=LINE('',#3193,#818);
#603=LINE('',#3196,#819);
#604=LINE('',#3197,#820);
#605=LINE('',#3198,#821);
#606=LINE('',#3201,#822);
#607=LINE('',#3202,#823);
#608=LINE('',#3205,#824);
#609=LINE('',#3206,#825);
#610=LINE('',#3207,#826);
#611=LINE('',#3210,#827);
#612=LINE('',#3211,#828);
#613=LINE('',#3214,#829);
#614=LINE('',#3215,#830);
#615=LINE('',#3218,#831);
#616=LINE('',#3219,#832);
#617=LINE('',#3222,#833);
#618=LINE('',#3228,#834);
#619=LINE('',#3232,#835);
#620=LINE('',#3234,#836);
#621=VECTOR('',#2141,0.00075);
#622=VECTOR('',#2146,0.0015);
#623=VECTOR('',#2151,0.00075);
#624=VECTOR('',#2156,0.0015);
#625=VECTOR('',#2161,0.0007);
#626=VECTOR('',#2166,0.0014);
#627=VECTOR('',#2171,0.00075);
#628=VECTOR('',#2176,0.0015);
#629=VECTOR('',#2179,0.01);
#630=VECTOR('',#2180,0.01);
#631=VECTOR('',#2181,0.01);
#632=VECTOR('',#2182,0.01);
#633=VECTOR('',#2233,0.01);
#634=VECTOR('',#2234,0.01);
#635=VECTOR('',#2235,0.01);
#636=VECTOR('',#2238,0.01);
#637=VECTOR('',#2239,0.01);
#638=VECTOR('',#2240,0.01);
#639=VECTOR('',#2243,0.01);
#640=VECTOR('',#2244,0.01);
#641=VECTOR('',#2247,0.01);
#642=VECTOR('',#2250,0.01);
#643=VECTOR('',#2251,0.01);
#644=VECTOR('',#2252,0.01);
#645=VECTOR('',#2255,0.01);
#646=VECTOR('',#2256,0.01);
#647=VECTOR('',#2257,0.01);
#648=VECTOR('',#2260,0.01);
#649=VECTOR('',#2261,0.01);
#650=VECTOR('',#2262,0.01);
#651=VECTOR('',#2265,0.01);
#652=VECTOR('',#2266,0.01);
#653=VECTOR('',#2267,0.01);
#654=VECTOR('',#2268,0.01);
#655=VECTOR('',#2269,0.01);
#656=VECTOR('',#2272,0.01);
#657=VECTOR('',#2273,0.01);
#658=VECTOR('',#2274,0.01);
#659=VECTOR('',#2277,0.01);
#660=VECTOR('',#2280,0.01);
#661=VECTOR('',#2281,0.01);
#662=VECTOR('',#2282,0.01);
#663=VECTOR('',#2285,0.01);
#664=VECTOR('',#2286,0.01);
#665=VECTOR('',#2293,0.00225);
#666=VECTOR('',#2298,0.00225);
#667=VECTOR('',#2301,0.01);
#668=VECTOR('',#2302,0.01);
#669=VECTOR('',#2303,0.01);
#670=VECTOR('',#2304,0.01);
#671=VECTOR('',#2307,0.01);
#672=VECTOR('',#2308,0.01);
#673=VECTOR('',#2311,0.01);
#674=VECTOR('',#2314,0.01);
#675=VECTOR('',#2315,0.01);
#676=VECTOR('',#2316,0.01);
#677=VECTOR('',#2317,0.01);
#678=VECTOR('',#2320,0.01);
#679=VECTOR('',#2321,0.01);
#680=VECTOR('',#2324,0.01);
#681=VECTOR('',#2327,0.01);
#682=VECTOR('',#2328,0.01);
#683=VECTOR('',#2329,0.01);
#684=VECTOR('',#2330,0.01);
#685=VECTOR('',#2333,0.01);
#686=VECTOR('',#2334,0.01);
#687=VECTOR('',#2335,0.01);
#688=VECTOR('',#2338,0.01);
#689=VECTOR('',#2339,0.01);
#690=VECTOR('',#2340,0.01);
#691=VECTOR('',#2343,0.01);
#692=VECTOR('',#2344,0.01);
#693=VECTOR('',#2345,0.01);
#694=VECTOR('',#2348,0.01);
#695=VECTOR('',#2349,0.01);
#696=VECTOR('',#2350,0.01);
#697=VECTOR('',#2351,0.01);
#698=VECTOR('',#2354,0.01);
#699=VECTOR('',#2361,0.01);
#700=VECTOR('',#2364,0.01);
#701=VECTOR('',#2365,0.01);
#702=VECTOR('',#2368,0.01);
#703=VECTOR('',#2373,0.0025);
#704=VECTOR('',#2376,0.01);
#705=VECTOR('',#2377,0.01);
#706=VECTOR('',#2380,0.01);
#707=VECTOR('',#2381,0.01);
#708=VECTOR('',#2392,0.00225);
#709=VECTOR('',#2397,0.00225);
#710=VECTOR('',#2400,0.01);
#711=VECTOR('',#2401,0.01);
#712=VECTOR('',#2402,0.01);
#713=VECTOR('',#2405,0.01);
#714=VECTOR('',#2406,0.01);
#715=VECTOR('',#2407,0.01);
#716=VECTOR('',#2410,0.01);
#717=VECTOR('',#2413,0.01);
#718=VECTOR('',#2414,0.01);
#719=VECTOR('',#2415,0.01);
#720=VECTOR('',#2416,0.01);
#721=VECTOR('',#2417,0.01);
#722=VECTOR('',#2420,0.01);
#723=VECTOR('',#2421,0.01);
#724=VECTOR('',#2422,0.01);
#725=VECTOR('',#2425,0.01);
#726=VECTOR('',#2426,0.01);
#727=VECTOR('',#2427,0.01);
#728=VECTOR('',#2430,0.01);
#729=VECTOR('',#2433,0.01);
#730=VECTOR('',#2434,0.01);
#731=VECTOR('',#2435,0.01);
#732=VECTOR('',#2436,0.01);
#733=VECTOR('',#2437,0.01);
#734=VECTOR('',#2440,0.01);
#735=VECTOR('',#2441,0.01);
#736=VECTOR('',#2442,0.01);
#737=VECTOR('',#2445,0.01);
#738=VECTOR('',#2446,0.01);
#739=VECTOR('',#2447,0.01);
#740=VECTOR('',#2450,0.01);
#741=VECTOR('',#2451,0.01);
#742=VECTOR('',#2452,0.01);
#743=VECTOR('',#2455,0.01);
#744=VECTOR('',#2456,0.01);
#745=VECTOR('',#2459,0.01);
#746=VECTOR('',#2466,0.01);
#747=VECTOR('',#2471,0.01);
#748=VECTOR('',#2472,0.01);
#749=VECTOR('',#2477,0.0025);
#750=VECTOR('',#2480,0.01);
#751=VECTOR('',#2491,0.00225);
#752=VECTOR('',#2496,0.00225);
#753=VECTOR('',#2499,0.01);
#754=VECTOR('',#2500,0.01);
#755=VECTOR('',#2501,0.01);
#756=VECTOR('',#2502,0.01);
#757=VECTOR('',#2505,0.01);
#758=VECTOR('',#2506,0.01);
#759=VECTOR('',#2509,0.01);
#760=VECTOR('',#2512,0.01);
#761=VECTOR('',#2513,0.01);
#762=VECTOR('',#2514,0.01);
#763=VECTOR('',#2515,0.01);
#764=VECTOR('',#2518,0.01);
#765=VECTOR('',#2519,0.01);
#766=VECTOR('',#2522,0.01);
#767=VECTOR('',#2525,0.01);
#768=VECTOR('',#2526,0.01);
#769=VECTOR('',#2527,0.01);
#770=VECTOR('',#2528,0.01);
#771=VECTOR('',#2531,0.01);
#772=VECTOR('',#2532,0.01);
#773=VECTOR('',#2533,0.01);
#774=VECTOR('',#2536,0.01);
#775=VECTOR('',#2537,0.01);
#776=VECTOR('',#2540,0.01);
#777=VECTOR('',#2541,0.01);
#778=VECTOR('',#2542,0.01);
#779=VECTOR('',#2543,0.01);
#780=VECTOR('',#2546,0.01);
#781=VECTOR('',#2547,0.01);
#782=VECTOR('',#2550,0.01);
#783=VECTOR('',#2551,0.01);
#784=VECTOR('',#2552,0.01);
#785=VECTOR('',#2555,0.01);
#786=VECTOR('',#2556,0.01);
#787=VECTOR('',#2561,0.01);
#788=VECTOR('',#2564,0.01);
#789=VECTOR('',#2571,0.0025);
#790=VECTOR('',#2574,0.01);
#791=VECTOR('',#2577,0.01);
#792=VECTOR('',#2580,0.01);
#793=VECTOR('',#2583,0.01);
#794=VECTOR('',#2590,0.00225);
#795=VECTOR('',#2595,0.00225);
#796=VECTOR('',#2598,0.01);
#797=VECTOR('',#2599,0.01);
#798=VECTOR('',#2600,0.01);
#799=VECTOR('',#2601,0.01);
#800=VECTOR('',#2604,0.01);
#801=VECTOR('',#2605,0.01);
#802=VECTOR('',#2608,0.01);
#803=VECTOR('',#2611,0.01);
#804=VECTOR('',#2612,0.01);
#805=VECTOR('',#2613,0.01);
#806=VECTOR('',#2616,0.01);
#807=VECTOR('',#2617,0.01);
#808=VECTOR('',#2618,0.01);
#809=VECTOR('',#2621,0.01);
#810=VECTOR('',#2624,0.01);
#811=VECTOR('',#2625,0.01);
#812=VECTOR('',#2626,0.01);
#813=VECTOR('',#2627,0.01);
#814=VECTOR('',#2628,0.01);
#815=VECTOR('',#2631,0.01);
#816=VECTOR('',#2632,0.01);
#817=VECTOR('',#2633,0.01);
#818=VECTOR('',#2634,0.01);
#819=VECTOR('',#2637,0.01);
#820=VECTOR('',#2638,0.01);
#821=VECTOR('',#2639,0.01);
#822=VECTOR('',#2642,0.01);
#823=VECTOR('',#2643,0.01);
#824=VECTOR('',#2646,0.01);
#825=VECTOR('',#2647,0.01);
#826=VECTOR('',#2648,0.01);
#827=VECTOR('',#2651,0.01);
#828=VECTOR('',#2652,0.01);
#829=VECTOR('',#2655,0.01);
#830=VECTOR('',#2656,0.01);
#831=VECTOR('',#2659,0.01);
#832=VECTOR('',#2660,0.01);
#833=VECTOR('',#2665,0.01);
#834=VECTOR('',#2674,0.0025);
#835=VECTOR('',#2679,0.01);
#836=VECTOR('',#2682,0.01);
#837=CIRCLE('',#1970,0.0015);
#838=CIRCLE('',#1972,0.0015);
#839=CIRCLE('',#1974,0.0015);
#840=CIRCLE('',#1976,0.0015);
#841=CIRCLE('',#1978,0.0014);
#842=CIRCLE('',#1980,0.0014);
#843=CIRCLE('',#1982,0.0015);
#844=CIRCLE('',#1984,0.0015);
#845=CIRCLE('',#1987,0.0025);
#846=CIRCLE('',#1989,0.00225);
#847=CIRCLE('',#1991,0.00225);
#848=CIRCLE('',#1993,0.0025);
#849=CIRCLE('',#1995,0.00225);
#850=CIRCLE('',#1997,0.00225);
#851=CIRCLE('',#1999,0.0025);
#852=CIRCLE('',#2001,0.00225);
#853=CIRCLE('',#2003,0.00225);
#854=CIRCLE('',#2005,0.0025);
#855=CIRCLE('',#2007,0.00225);
#856=CIRCLE('',#2009,0.00225);
#857=CIRCLE('',#2014,0.00475000000000001);
#858=CIRCLE('',#2015,0.01);
#859=CIRCLE('',#2016,0.00475000000000001);
#860=CIRCLE('',#2017,0.01);
#861=CIRCLE('',#2018,0.01);
#862=CIRCLE('',#2019,0.00475000000000001);
#863=CIRCLE('',#2020,0.00475000000000001);
#864=CIRCLE('',#2021,0.01);
#865=CIRCLE('',#2024,0.00225);
#866=CIRCLE('',#2026,0.00225);
#867=CIRCLE('',#2040,0.01);
#868=CIRCLE('',#2045,0.0025);
#869=CIRCLE('',#2049,0.00475000000000001);
#870=CIRCLE('',#2052,0.00225);
#871=CIRCLE('',#2054,0.00225);
#872=CIRCLE('',#2069,0.01);
#873=CIRCLE('',#2074,0.0025);
#874=CIRCLE('',#2077,0.00475000000000001);
#875=CIRCLE('',#2080,0.00225);
#876=CIRCLE('',#2082,0.00225);
#877=CIRCLE('',#2097,0.01);
#878=CIRCLE('',#2101,0.0025);
#879=CIRCLE('',#2103,0.00475000000000001);
#880=CIRCLE('',#2108,0.00225);
#881=CIRCLE('',#2110,0.00225);
#882=CIRCLE('',#2126,0.01);
#883=CIRCLE('',#2130,0.0025);
#884=CIRCLE('',#2132,0.00475000000000001);
#885=VERTEX_POINT('',#2687);
#886=VERTEX_POINT('',#2689);
#887=VERTEX_POINT('',#2692);
#888=VERTEX_POINT('',#2696);
#889=VERTEX_POINT('',#2698);
#890=VERTEX_POINT('',#2701);
#891=VERTEX_POINT('',#2705);
#892=VERTEX_POINT('',#2707);
#893=VERTEX_POINT('',#2710);
#894=VERTEX_POINT('',#2714);
#895=VERTEX_POINT('',#2716);
#896=VERTEX_POINT('',#2719);
#897=VERTEX_POINT('',#2723);
#898=VERTEX_POINT('',#2724);
#899=VERTEX_POINT('',#2726);
#900=VERTEX_POINT('',#2728);
#901=VERTEX_POINT('',#2732);
#902=VERTEX_POINT('',#2735);
#903=VERTEX_POINT('',#2738);
#904=VERTEX_POINT('',#2741);
#905=VERTEX_POINT('',#2744);
#906=VERTEX_POINT('',#2747);
#907=VERTEX_POINT('',#2750);
#908=VERTEX_POINT('',#2753);
#909=VERTEX_POINT('',#2756);
#910=VERTEX_POINT('',#2759);
#911=VERTEX_POINT('',#2762);
#912=VERTEX_POINT('',#2765);
#913=VERTEX_POINT('',#2768);
#914=VERTEX_POINT('',#2770);
#915=VERTEX_POINT('',#2774);
#916=VERTEX_POINT('',#2776);
#917=VERTEX_POINT('',#2783);
#918=VERTEX_POINT('',#2784);
#919=VERTEX_POINT('',#2786);
#920=VERTEX_POINT('',#2788);
#921=VERTEX_POINT('',#2790);
#922=VERTEX_POINT('',#2792);
#923=VERTEX_POINT('',#2794);
#924=VERTEX_POINT('',#2796);
#925=VERTEX_POINT('',#2799);
#926=VERTEX_POINT('',#2800);
#927=VERTEX_POINT('',#2802);
#928=VERTEX_POINT('',#2804);
#929=VERTEX_POINT('',#2806);
#930=VERTEX_POINT('',#2808);
#931=VERTEX_POINT('',#2810);
#932=VERTEX_POINT('',#2812);
#933=VERTEX_POINT('',#2815);
#934=VERTEX_POINT('',#2816);
#935=VERTEX_POINT('',#2818);
#936=VERTEX_POINT('',#2820);
#937=VERTEX_POINT('',#2822);
#938=VERTEX_POINT('',#2824);
#939=VERTEX_POINT('',#2826);
#940=VERTEX_POINT('',#2828);
#941=VERTEX_POINT('',#2831);
#942=VERTEX_POINT('',#2832);
#943=VERTEX_POINT('',#2834);
#944=VERTEX_POINT('',#2836);
#945=VERTEX_POINT('',#2838);
#946=VERTEX_POINT('',#2840);
#947=VERTEX_POINT('',#2842);
#948=VERTEX_POINT('',#2844);
#949=VERTEX_POINT('',#2849);
#950=VERTEX_POINT('',#2853);
#951=VERTEX_POINT('',#2857);
#952=VERTEX_POINT('',#2858);
#953=VERTEX_POINT('',#2860);
#954=VERTEX_POINT('',#2862);
#955=VERTEX_POINT('',#2871);
#956=VERTEX_POINT('',#2872);
#957=VERTEX_POINT('',#2874);
#958=VERTEX_POINT('',#2876);
#959=VERTEX_POINT('',#2885);
#960=VERTEX_POINT('',#2886);
#961=VERTEX_POINT('',#2888);
#962=VERTEX_POINT('',#2890);
#963=VERTEX_POINT('',#2894);
#964=VERTEX_POINT('',#2896);
#965=VERTEX_POINT('',#2900);
#966=VERTEX_POINT('',#2902);
#967=VERTEX_POINT('',#2906);
#968=VERTEX_POINT('',#2907);
#969=VERTEX_POINT('',#2912);
#970=VERTEX_POINT('',#2914);
#971=VERTEX_POINT('',#2925);
#972=VERTEX_POINT('',#2931);
#973=VERTEX_POINT('',#2935);
#974=VERTEX_POINT('',#2939);
#975=VERTEX_POINT('',#2946);
#976=VERTEX_POINT('',#2950);
#977=VERTEX_POINT('',#2954);
#978=VERTEX_POINT('',#2956);
#979=VERTEX_POINT('',#2960);
#980=VERTEX_POINT('',#2962);
#981=VERTEX_POINT('',#2968);
#982=VERTEX_POINT('',#2970);
#983=VERTEX_POINT('',#2972);
#984=VERTEX_POINT('',#2974);
#985=VERTEX_POINT('',#2978);
#986=VERTEX_POINT('',#2980);
#987=VERTEX_POINT('',#2984);
#988=VERTEX_POINT('',#2986);
#989=VERTEX_POINT('',#2992);
#990=VERTEX_POINT('',#2994);
#991=VERTEX_POINT('',#2996);
#992=VERTEX_POINT('',#2998);
#993=VERTEX_POINT('',#3002);
#994=VERTEX_POINT('',#3003);
#995=VERTEX_POINT('',#3008);
#996=VERTEX_POINT('',#3010);
#997=VERTEX_POINT('',#3015);
#998=VERTEX_POINT('',#3019);
#999=VERTEX_POINT('',#3030);
#1000=VERTEX_POINT('',#3034);
#1001=VERTEX_POINT('',#3043);
#1002=VERTEX_POINT('',#3047);
#1003=VERTEX_POINT('',#3051);
#1004=VERTEX_POINT('',#3052);
#1005=VERTEX_POINT('',#3054);
#1006=VERTEX_POINT('',#3056);
#1007=VERTEX_POINT('',#3065);
#1008=VERTEX_POINT('',#3066);
#1009=VERTEX_POINT('',#3068);
#1010=VERTEX_POINT('',#3070);
#1011=VERTEX_POINT('',#3079);
#1012=VERTEX_POINT('',#3080);
#1013=VERTEX_POINT('',#3082);
#1014=VERTEX_POINT('',#3084);
#1015=VERTEX_POINT('',#3088);
#1016=VERTEX_POINT('',#3093);
#1017=VERTEX_POINT('',#3097);
#1018=VERTEX_POINT('',#3099);
#1019=VERTEX_POINT('',#3101);
#1020=VERTEX_POINT('',#3105);
#1021=VERTEX_POINT('',#3109);
#1022=VERTEX_POINT('',#3111);
#1023=VERTEX_POINT('',#3115);
#1024=VERTEX_POINT('',#3125);
#1025=VERTEX_POINT('',#3129);
#1026=VERTEX_POINT('',#3131);
#1027=VERTEX_POINT('',#3140);
#1028=VERTEX_POINT('',#3144);
#1029=VERTEX_POINT('',#3148);
#1030=VERTEX_POINT('',#3149);
#1031=VERTEX_POINT('',#3151);
#1032=VERTEX_POINT('',#3153);
#1033=VERTEX_POINT('',#3162);
#1034=VERTEX_POINT('',#3164);
#1035=VERTEX_POINT('',#3168);
#1036=VERTEX_POINT('',#3170);
#1037=VERTEX_POINT('',#3176);
#1038=VERTEX_POINT('',#3178);
#1039=VERTEX_POINT('',#3180);
#1040=VERTEX_POINT('',#3182);
#1041=VERTEX_POINT('',#3186);
#1042=VERTEX_POINT('',#3187);
#1043=VERTEX_POINT('',#3189);
#1044=VERTEX_POINT('',#3191);
#1045=VERTEX_POINT('',#3195);
#1046=VERTEX_POINT('',#3200);
#1047=VERTEX_POINT('',#3204);
#1048=VERTEX_POINT('',#3209);
#1049=VERTEX_POINT('',#3213);
#1050=VERTEX_POINT('',#3217);
#1051=VERTEX_POINT('',#3226);
#1052=VERTEX_POINT('',#3230);
#1053=EDGE_CURVE('',#885,#885,#837,.T.);
#1054=EDGE_CURVE('',#885,#886,#405,.T.);
#1055=EDGE_CURVE('',#887,#887,#838,.T.);
#1056=EDGE_CURVE('',#887,#885,#406,.T.);
#1057=EDGE_CURVE('',#888,#888,#839,.T.);
#1058=EDGE_CURVE('',#888,#889,#407,.T.);
#1059=EDGE_CURVE('',#890,#890,#840,.T.);
#1060=EDGE_CURVE('',#890,#888,#408,.T.);
#1061=EDGE_CURVE('',#891,#891,#841,.T.);
#1062=EDGE_CURVE('',#891,#892,#409,.T.);
#1063=EDGE_CURVE('',#893,#893,#842,.T.);
#1064=EDGE_CURVE('',#893,#891,#410,.T.);
#1065=EDGE_CURVE('',#894,#894,#843,.T.);
#1066=EDGE_CURVE('',#894,#895,#411,.T.);
#1067=EDGE_CURVE('',#896,#896,#844,.T.);
#1068=EDGE_CURVE('',#896,#894,#412,.T.);
#1069=EDGE_CURVE('',#897,#898,#413,.T.);
#1070=EDGE_CURVE('',#898,#899,#414,.T.);
#1071=EDGE_CURVE('',#899,#900,#415,.T.);
#1072=EDGE_CURVE('',#900,#897,#416,.T.);
#1073=EDGE_CURVE('',#901,#901,#845,.T.);
#1074=EDGE_CURVE('',#902,#902,#846,.T.);
#1075=EDGE_CURVE('',#903,#903,#847,.T.);
#1076=EDGE_CURVE('',#904,#904,#848,.T.);
#1077=EDGE_CURVE('',#905,#905,#849,.T.);
#1078=EDGE_CURVE('',#906,#906,#850,.T.);
#1079=EDGE_CURVE('',#907,#907,#851,.T.);
#1080=EDGE_CURVE('',#908,#908,#852,.T.);
#1081=EDGE_CURVE('',#909,#909,#853,.T.);
#1082=EDGE_CURVE('',#910,#910,#854,.T.);
#1083=EDGE_CURVE('',#911,#911,#855,.T.);
#1084=EDGE_CURVE('',#912,#912,#856,.T.);
#1085=EDGE_CURVE('',#897,#913,#417,.T.);
#1086=EDGE_CURVE('',#914,#900,#418,.T.);
#1087=EDGE_CURVE('',#913,#914,#419,.T.);
#1088=EDGE_CURVE('',#913,#915,#420,.T.);
#1089=EDGE_CURVE('',#916,#914,#421,.T.);
#1090=EDGE_CURVE('',#915,#916,#422,.T.);
#1091=EDGE_CURVE('',#915,#898,#423,.T.);
#1092=EDGE_CURVE('',#916,#899,#424,.T.);
#1093=EDGE_CURVE('',#917,#918,#425,.T.);
#1094=EDGE_CURVE('',#919,#917,#857,.T.);
#1095=EDGE_CURVE('',#919,#920,#426,.T.);
#1096=EDGE_CURVE('',#921,#920,#427,.T.);
#1097=EDGE_CURVE('',#922,#921,#428,.T.);
#1098=EDGE_CURVE('',#923,#922,#858,.T.);
#1099=EDGE_CURVE('',#923,#924,#429,.T.);
#1100=EDGE_CURVE('',#918,#924,#430,.T.);
#1101=EDGE_CURVE('',#925,#926,#431,.T.);
#1102=EDGE_CURVE('',#927,#925,#859,.T.);
#1103=EDGE_CURVE('',#927,#928,#432,.T.);
#1104=EDGE_CURVE('',#929,#928,#433,.T.);
#1105=EDGE_CURVE('',#929,#930,#434,.T.);
#1106=EDGE_CURVE('',#931,#930,#860,.T.);
#1107=EDGE_CURVE('',#931,#932,#435,.T.);
#1108=EDGE_CURVE('',#926,#932,#436,.T.);
#1109=EDGE_CURVE('',#933,#934,#437,.T.);
#1110=EDGE_CURVE('',#935,#934,#438,.T.);
#1111=EDGE_CURVE('',#935,#936,#439,.T.);
#1112=EDGE_CURVE('',#937,#936,#861,.T.);
#1113=EDGE_CURVE('',#937,#938,#440,.T.);
#1114=EDGE_CURVE('',#939,#938,#441,.T.);
#1115=EDGE_CURVE('',#940,#939,#442,.T.);
#1116=EDGE_CURVE('',#933,#940,#862,.T.);
#1117=EDGE_CURVE('',#941,#942,#443,.T.);
#1118=EDGE_CURVE('',#943,#941,#863,.T.);
#1119=EDGE_CURVE('',#943,#944,#444,.T.);
#1120=EDGE_CURVE('',#945,#944,#445,.T.);
#1121=EDGE_CURVE('',#946,#945,#446,.T.);
#1122=EDGE_CURVE('',#947,#946,#864,.T.);
#1123=EDGE_CURVE('',#947,#948,#447,.T.);
#1124=EDGE_CURVE('',#942,#948,#448,.T.);
#1125=EDGE_CURVE('',#949,#949,#865,.T.);
#1126=EDGE_CURVE('',#949,#903,#449,.T.);
#1127=EDGE_CURVE('',#950,#950,#866,.T.);
#1128=EDGE_CURVE('',#950,#902,#450,.T.);
#1129=EDGE_CURVE('',#951,#952,#451,.T.);
#1130=EDGE_CURVE('',#951,#953,#452,.T.);
#1131=EDGE_CURVE('',#954,#953,#453,.T.);
#1132=EDGE_CURVE('',#952,#954,#454,.T.);
#1133=EDGE_CURVE('',#943,#952,#455,.T.);
#1134=EDGE_CURVE('',#944,#954,#456,.T.);
#1135=EDGE_CURVE('',#953,#945,#457,.T.);
#1136=EDGE_CURVE('',#955,#956,#458,.T.);
#1137=EDGE_CURVE('',#955,#957,#459,.T.);
#1138=EDGE_CURVE('',#958,#957,#460,.T.);
#1139=EDGE_CURVE('',#956,#958,#461,.T.);
#1140=EDGE_CURVE('',#941,#955,#462,.T.);
#1141=EDGE_CURVE('',#957,#942,#463,.T.);
#1142=EDGE_CURVE('',#948,#958,#464,.T.);
#1143=EDGE_CURVE('',#959,#960,#465,.T.);
#1144=EDGE_CURVE('',#961,#960,#466,.T.);
#1145=EDGE_CURVE('',#961,#962,#467,.T.);
#1146=EDGE_CURVE('',#962,#959,#468,.T.);
#1147=EDGE_CURVE('',#963,#959,#469,.T.);
#1148=EDGE_CURVE('',#964,#963,#470,.T.);
#1149=EDGE_CURVE('',#960,#964,#471,.T.);
#1150=EDGE_CURVE('',#965,#964,#472,.T.);
#1151=EDGE_CURVE('',#965,#966,#473,.T.);
#1152=EDGE_CURVE('',#960,#966,#474,.T.);
#1153=EDGE_CURVE('',#967,#968,#475,.T.);
#1154=EDGE_CURVE('',#960,#968,#476,.T.);
#1155=EDGE_CURVE('',#966,#967,#477,.T.);
#1156=EDGE_CURVE('',#952,#969,#478,.T.);
#1157=EDGE_CURVE('',#970,#969,#479,.T.);
#1158=EDGE_CURVE('',#968,#970,#480,.T.);
#1159=EDGE_CURVE('',#951,#967,#481,.T.);
#1160=EDGE_CURVE('',#946,#965,#482,.T.);
#1161=EDGE_CURVE('',#965,#963,#867,.T.);
#1162=EDGE_CURVE('',#963,#947,#483,.T.);
#1163=EDGE_CURVE('',#971,#970,#484,.T.);
#1164=EDGE_CURVE('',#960,#971,#485,.T.);
#1165=EDGE_CURVE('',#956,#962,#486,.T.);
#1166=EDGE_CURVE('',#972,#972,#868,.T.);
#1167=EDGE_CURVE('',#972,#901,#487,.T.);
#1168=EDGE_CURVE('',#973,#971,#488,.T.);
#1169=EDGE_CURVE('',#961,#973,#489,.T.);
#1170=EDGE_CURVE('',#974,#973,#490,.T.);
#1171=EDGE_CURVE('',#955,#974,#491,.T.);
#1172=EDGE_CURVE('',#969,#974,#869,.T.);
#1173=EDGE_CURVE('',#975,#975,#870,.T.);
#1174=EDGE_CURVE('',#975,#906,#492,.T.);
#1175=EDGE_CURVE('',#976,#976,#871,.T.);
#1176=EDGE_CURVE('',#976,#905,#493,.T.);
#1177=EDGE_CURVE('',#940,#977,#494,.T.);
#1178=EDGE_CURVE('',#978,#939,#495,.T.);
#1179=EDGE_CURVE('',#977,#978,#496,.T.);
#1180=EDGE_CURVE('',#977,#979,#497,.T.);
#1181=EDGE_CURVE('',#980,#978,#498,.T.);
#1182=EDGE_CURVE('',#979,#980,#499,.T.);
#1183=EDGE_CURVE('',#938,#980,#500,.T.);
#1184=EDGE_CURVE('',#979,#981,#501,.T.);
#1185=EDGE_CURVE('',#982,#981,#502,.T.);
#1186=EDGE_CURVE('',#982,#983,#503,.T.);
#1187=EDGE_CURVE('',#984,#983,#504,.T.);
#1188=EDGE_CURVE('',#977,#984,#505,.T.);
#1189=EDGE_CURVE('',#933,#985,#506,.T.);
#1190=EDGE_CURVE('',#985,#986,#507,.T.);
#1191=EDGE_CURVE('',#934,#986,#508,.T.);
#1192=EDGE_CURVE('',#987,#985,#509,.T.);
#1193=EDGE_CURVE('',#987,#988,#510,.T.);
#1194=EDGE_CURVE('',#986,#988,#511,.T.);
#1195=EDGE_CURVE('',#988,#935,#512,.T.);
#1196=EDGE_CURVE('',#985,#989,#513,.T.);
#1197=EDGE_CURVE('',#990,#989,#514,.T.);
#1198=EDGE_CURVE('',#991,#990,#515,.T.);
#1199=EDGE_CURVE('',#992,#991,#516,.T.);
#1200=EDGE_CURVE('',#987,#992,#517,.T.);
#1201=EDGE_CURVE('',#993,#994,#518,.T.);
#1202=EDGE_CURVE('',#982,#994,#519,.T.);
#1203=EDGE_CURVE('',#981,#993,#520,.T.);
#1204=EDGE_CURVE('',#995,#993,#521,.T.);
#1205=EDGE_CURVE('',#996,#995,#522,.T.);
#1206=EDGE_CURVE('',#996,#994,#523,.T.);
#1207=EDGE_CURVE('',#994,#991,#524,.T.);
#1208=EDGE_CURVE('',#994,#997,#525,.T.);
#1209=EDGE_CURVE('',#997,#992,#526,.T.);
#1210=EDGE_CURVE('',#998,#997,#527,.T.);
#1211=EDGE_CURVE('',#936,#998,#528,.T.);
#1212=EDGE_CURVE('',#998,#996,#529,.T.);
#1213=EDGE_CURVE('',#998,#995,#872,.T.);
#1214=EDGE_CURVE('',#995,#937,#530,.T.);
#1215=EDGE_CURVE('',#999,#990,#531,.T.);
#1216=EDGE_CURVE('',#994,#999,#532,.T.);
#1217=EDGE_CURVE('',#1000,#1000,#873,.T.);
#1218=EDGE_CURVE('',#1000,#904,#533,.T.);
#1219=EDGE_CURVE('',#983,#999,#534,.T.);
#1220=EDGE_CURVE('',#989,#984,#874,.T.);
#1221=EDGE_CURVE('',#1001,#1001,#875,.T.);
#1222=EDGE_CURVE('',#1001,#909,#535,.T.);
#1223=EDGE_CURVE('',#1002,#1002,#876,.T.);
#1224=EDGE_CURVE('',#1002,#908,#536,.T.);
#1225=EDGE_CURVE('',#1003,#1004,#537,.T.);
#1226=EDGE_CURVE('',#1003,#1005,#538,.T.);
#1227=EDGE_CURVE('',#1006,#1005,#539,.T.);
#1228=EDGE_CURVE('',#1004,#1006,#540,.T.);
#1229=EDGE_CURVE('',#927,#1004,#541,.T.);
#1230=EDGE_CURVE('',#928,#1006,#542,.T.);
#1231=EDGE_CURVE('',#1005,#929,#543,.T.);
#1232=EDGE_CURVE('',#1007,#1008,#544,.T.);
#1233=EDGE_CURVE('',#1007,#1009,#545,.T.);
#1234=EDGE_CURVE('',#1010,#1009,#546,.T.);
#1235=EDGE_CURVE('',#1008,#1010,#547,.T.);
#1236=EDGE_CURVE('',#925,#1007,#548,.T.);
#1237=EDGE_CURVE('',#1009,#926,#549,.T.);
#1238=EDGE_CURVE('',#932,#1010,#550,.T.);
#1239=EDGE_CURVE('',#1011,#1012,#551,.T.);
#1240=EDGE_CURVE('',#1013,#1012,#552,.T.);
#1241=EDGE_CURVE('',#1013,#1014,#553,.T.);
#1242=EDGE_CURVE('',#1014,#1011,#554,.T.);
#1243=EDGE_CURVE('',#1015,#1014,#555,.T.);
#1244=EDGE_CURVE('',#930,#1015,#556,.T.);
#1245=EDGE_CURVE('',#1003,#1011,#557,.T.);
#1246=EDGE_CURVE('',#1016,#1013,#558,.T.);
#1247=EDGE_CURVE('',#1015,#1016,#559,.T.);
#1248=EDGE_CURVE('',#1017,#1013,#560,.T.);
#1249=EDGE_CURVE('',#1018,#1013,#561,.T.);
#1250=EDGE_CURVE('',#1018,#1019,#562,.T.);
#1251=EDGE_CURVE('',#1019,#1017,#563,.T.);
#1252=EDGE_CURVE('',#1020,#1017,#564,.T.);
#1253=EDGE_CURVE('',#1016,#1020,#565,.T.);
#1254=EDGE_CURVE('',#1013,#1021,#566,.T.);
#1255=EDGE_CURVE('',#1022,#1021,#567,.T.);
#1256=EDGE_CURVE('',#1018,#1022,#568,.T.);
#1257=EDGE_CURVE('',#1012,#1023,#569,.T.);
#1258=EDGE_CURVE('',#1021,#1023,#570,.T.);
#1259=EDGE_CURVE('',#1015,#1020,#877,.T.);
#1260=EDGE_CURVE('',#1020,#931,#571,.T.);
#1261=EDGE_CURVE('',#1008,#1019,#572,.T.);
#1262=EDGE_CURVE('',#1024,#1024,#878,.T.);
#1263=EDGE_CURVE('',#1024,#907,#573,.T.);
#1264=EDGE_CURVE('',#1007,#1025,#574,.T.);
#1265=EDGE_CURVE('',#1026,#1025,#879,.T.);
#1266=EDGE_CURVE('',#1004,#1026,#575,.T.);
#1267=EDGE_CURVE('',#1023,#1026,#576,.T.);
#1268=EDGE_CURVE('',#1025,#1022,#577,.T.);
#1269=EDGE_CURVE('',#1027,#1027,#880,.T.);
#1270=EDGE_CURVE('',#1027,#912,#578,.T.);
#1271=EDGE_CURVE('',#1028,#1028,#881,.T.);
#1272=EDGE_CURVE('',#1028,#911,#579,.T.);
#1273=EDGE_CURVE('',#1029,#1030,#580,.T.);
#1274=EDGE_CURVE('',#1029,#1031,#581,.T.);
#1275=EDGE_CURVE('',#1032,#1031,#582,.T.);
#1276=EDGE_CURVE('',#1030,#1032,#583,.T.);
#1277=EDGE_CURVE('',#919,#1030,#584,.T.);
#1278=EDGE_CURVE('',#920,#1032,#585,.T.);
#1279=EDGE_CURVE('',#1031,#921,#586,.T.);
#1280=EDGE_CURVE('',#917,#1033,#587,.T.);
#1281=EDGE_CURVE('',#1034,#918,#588,.T.);
#1282=EDGE_CURVE('',#1033,#1034,#589,.T.);
#1283=EDGE_CURVE('',#1033,#1035,#590,.T.);
#1284=EDGE_CURVE('',#1036,#1034,#591,.T.);
#1285=EDGE_CURVE('',#1035,#1036,#592,.T.);
#1286=EDGE_CURVE('',#924,#1036,#593,.T.);
#1287=EDGE_CURVE('',#1035,#1037,#594,.T.);
#1288=EDGE_CURVE('',#1038,#1037,#595,.T.);
#1289=EDGE_CURVE('',#1038,#1039,#596,.T.);
#1290=EDGE_CURVE('',#1040,#1039,#597,.T.);
#1291=EDGE_CURVE('',#1033,#1040,#598,.T.);
#1292=EDGE_CURVE('',#1041,#1042,#599,.T.);
#1293=EDGE_CURVE('',#1043,#1042,#600,.T.);
#1294=EDGE_CURVE('',#1043,#1044,#601,.T.);
#1295=EDGE_CURVE('',#1044,#1041,#602,.T.);
#1296=EDGE_CURVE('',#1045,#1044,#603,.T.);
#1297=EDGE_CURVE('',#922,#1045,#604,.T.);
#1298=EDGE_CURVE('',#1029,#1041,#605,.T.);
#1299=EDGE_CURVE('',#1046,#1043,#606,.T.);
#1300=EDGE_CURVE('',#1045,#1046,#607,.T.);
#1301=EDGE_CURVE('',#1047,#1043,#608,.T.);
#1302=EDGE_CURVE('',#1038,#1043,#609,.T.);
#1303=EDGE_CURVE('',#1037,#1047,#610,.T.);
#1304=EDGE_CURVE('',#1048,#1047,#611,.T.);
#1305=EDGE_CURVE('',#1046,#1048,#612,.T.);
#1306=EDGE_CURVE('',#1043,#1049,#613,.T.);
#1307=EDGE_CURVE('',#1039,#1049,#614,.T.);
#1308=EDGE_CURVE('',#1042,#1050,#615,.T.);
#1309=EDGE_CURVE('',#1049,#1050,#616,.T.);
#1310=EDGE_CURVE('',#1045,#1048,#882,.T.);
#1311=EDGE_CURVE('',#1048,#923,#617,.T.);
#1312=EDGE_CURVE('',#1051,#1051,#883,.T.);
#1313=EDGE_CURVE('',#1051,#910,#618,.T.);
#1314=EDGE_CURVE('',#1052,#1040,#884,.T.);
#1315=EDGE_CURVE('',#1030,#1052,#619,.T.);
#1316=EDGE_CURVE('',#1050,#1052,#620,.T.);
#1317=ORIENTED_EDGE('',*,*,#1053,.F.);
#1318=ORIENTED_EDGE('',*,*,#1054,.T.);
#1319=ORIENTED_EDGE('',*,*,#1054,.F.);
#1320=ORIENTED_EDGE('',*,*,#1055,.F.);
#1321=ORIENTED_EDGE('',*,*,#1056,.T.);
#1322=ORIENTED_EDGE('',*,*,#1053,.T.);
#1323=ORIENTED_EDGE('',*,*,#1056,.F.);
#1324=ORIENTED_EDGE('',*,*,#1057,.F.);
#1325=ORIENTED_EDGE('',*,*,#1058,.T.);
#1326=ORIENTED_EDGE('',*,*,#1058,.F.);
#1327=ORIENTED_EDGE('',*,*,#1059,.F.);
#1328=ORIENTED_EDGE('',*,*,#1060,.T.);
#1329=ORIENTED_EDGE('',*,*,#1057,.T.);
#1330=ORIENTED_EDGE('',*,*,#1060,.F.);
#1331=ORIENTED_EDGE('',*,*,#1061,.F.);
#1332=ORIENTED_EDGE('',*,*,#1062,.T.);
#1333=ORIENTED_EDGE('',*,*,#1062,.F.);
#1334=ORIENTED_EDGE('',*,*,#1063,.F.);
#1335=ORIENTED_EDGE('',*,*,#1064,.T.);
#1336=ORIENTED_EDGE('',*,*,#1061,.T.);
#1337=ORIENTED_EDGE('',*,*,#1064,.F.);
#1338=ORIENTED_EDGE('',*,*,#1065,.F.);
#1339=ORIENTED_EDGE('',*,*,#1066,.T.);
#1340=ORIENTED_EDGE('',*,*,#1066,.F.);
#1341=ORIENTED_EDGE('',*,*,#1067,.F.);
#1342=ORIENTED_EDGE('',*,*,#1068,.T.);
#1343=ORIENTED_EDGE('',*,*,#1065,.T.);
#1344=ORIENTED_EDGE('',*,*,#1068,.F.);
#1345=ORIENTED_EDGE('',*,*,#1069,.T.);
#1346=ORIENTED_EDGE('',*,*,#1070,.T.);
#1347=ORIENTED_EDGE('',*,*,#1071,.T.);
#1348=ORIENTED_EDGE('',*,*,#1072,.T.);
#1349=ORIENTED_EDGE('',*,*,#1073,.F.);
#1350=ORIENTED_EDGE('',*,*,#1074,.T.);
#1351=ORIENTED_EDGE('',*,*,#1075,.T.);
#1352=ORIENTED_EDGE('',*,*,#1076,.F.);
#1353=ORIENTED_EDGE('',*,*,#1077,.T.);
#1354=ORIENTED_EDGE('',*,*,#1078,.T.);
#1355=ORIENTED_EDGE('',*,*,#1079,.F.);
#1356=ORIENTED_EDGE('',*,*,#1080,.T.);
#1357=ORIENTED_EDGE('',*,*,#1081,.T.);
#1358=ORIENTED_EDGE('',*,*,#1082,.F.);
#1359=ORIENTED_EDGE('',*,*,#1083,.T.);
#1360=ORIENTED_EDGE('',*,*,#1084,.T.);
#1361=ORIENTED_EDGE('',*,*,#1085,.F.);
#1362=ORIENTED_EDGE('',*,*,#1072,.F.);
#1363=ORIENTED_EDGE('',*,*,#1086,.F.);
#1364=ORIENTED_EDGE('',*,*,#1087,.F.);
#1365=ORIENTED_EDGE('',*,*,#1088,.F.);
#1366=ORIENTED_EDGE('',*,*,#1087,.T.);
#1367=ORIENTED_EDGE('',*,*,#1089,.F.);
#1368=ORIENTED_EDGE('',*,*,#1090,.F.);
#1369=ORIENTED_EDGE('',*,*,#1091,.F.);
#1370=ORIENTED_EDGE('',*,*,#1090,.T.);
#1371=ORIENTED_EDGE('',*,*,#1092,.T.);
#1372=ORIENTED_EDGE('',*,*,#1070,.F.);
#1373=ORIENTED_EDGE('',*,*,#1091,.T.);
#1374=ORIENTED_EDGE('',*,*,#1069,.F.);
#1375=ORIENTED_EDGE('',*,*,#1085,.T.);
#1376=ORIENTED_EDGE('',*,*,#1088,.T.);
#1377=ORIENTED_EDGE('',*,*,#1093,.F.);
#1378=ORIENTED_EDGE('',*,*,#1094,.F.);
#1379=ORIENTED_EDGE('',*,*,#1095,.T.);
#1380=ORIENTED_EDGE('',*,*,#1096,.F.);
#1381=ORIENTED_EDGE('',*,*,#1097,.F.);
#1382=ORIENTED_EDGE('',*,*,#1098,.F.);
#1383=ORIENTED_EDGE('',*,*,#1099,.T.);
#1384=ORIENTED_EDGE('',*,*,#1100,.F.);
#1385=ORIENTED_EDGE('',*,*,#1101,.F.);
#1386=ORIENTED_EDGE('',*,*,#1102,.F.);
#1387=ORIENTED_EDGE('',*,*,#1103,.T.);
#1388=ORIENTED_EDGE('',*,*,#1104,.F.);
#1389=ORIENTED_EDGE('',*,*,#1105,.T.);
#1390=ORIENTED_EDGE('',*,*,#1106,.F.);
#1391=ORIENTED_EDGE('',*,*,#1107,.T.);
#1392=ORIENTED_EDGE('',*,*,#1108,.F.);
#1393=ORIENTED_EDGE('',*,*,#1109,.T.);
#1394=ORIENTED_EDGE('',*,*,#1110,.F.);
#1395=ORIENTED_EDGE('',*,*,#1111,.T.);
#1396=ORIENTED_EDGE('',*,*,#1112,.F.);
#1397=ORIENTED_EDGE('',*,*,#1113,.T.);
#1398=ORIENTED_EDGE('',*,*,#1114,.F.);
#1399=ORIENTED_EDGE('',*,*,#1115,.F.);
#1400=ORIENTED_EDGE('',*,*,#1116,.F.);
#1401=ORIENTED_EDGE('',*,*,#1117,.F.);
#1402=ORIENTED_EDGE('',*,*,#1118,.F.);
#1403=ORIENTED_EDGE('',*,*,#1119,.T.);
#1404=ORIENTED_EDGE('',*,*,#1120,.F.);
#1405=ORIENTED_EDGE('',*,*,#1121,.F.);
#1406=ORIENTED_EDGE('',*,*,#1122,.F.);
#1407=ORIENTED_EDGE('',*,*,#1123,.T.);
#1408=ORIENTED_EDGE('',*,*,#1124,.F.);
#1409=ORIENTED_EDGE('',*,*,#1067,.T.);
#1410=ORIENTED_EDGE('',*,*,#1063,.T.);
#1411=ORIENTED_EDGE('',*,*,#1059,.T.);
#1412=ORIENTED_EDGE('',*,*,#1055,.T.);
#1413=ORIENTED_EDGE('',*,*,#1092,.F.);
#1414=ORIENTED_EDGE('',*,*,#1089,.T.);
#1415=ORIENTED_EDGE('',*,*,#1086,.T.);
#1416=ORIENTED_EDGE('',*,*,#1071,.F.);
#1417=ORIENTED_EDGE('',*,*,#1125,.F.);
#1418=ORIENTED_EDGE('',*,*,#1126,.T.);
#1419=ORIENTED_EDGE('',*,*,#1075,.F.);
#1420=ORIENTED_EDGE('',*,*,#1126,.F.);
#1421=ORIENTED_EDGE('',*,*,#1127,.F.);
#1422=ORIENTED_EDGE('',*,*,#1128,.T.);
#1423=ORIENTED_EDGE('',*,*,#1074,.F.);
#1424=ORIENTED_EDGE('',*,*,#1128,.F.);
#1425=ORIENTED_EDGE('',*,*,#1129,.F.);
#1426=ORIENTED_EDGE('',*,*,#1130,.T.);
#1427=ORIENTED_EDGE('',*,*,#1131,.F.);
#1428=ORIENTED_EDGE('',*,*,#1132,.F.);
#1429=ORIENTED_EDGE('',*,*,#1127,.T.);
#1430=ORIENTED_EDGE('',*,*,#1133,.T.);
#1431=ORIENTED_EDGE('',*,*,#1132,.T.);
#1432=ORIENTED_EDGE('',*,*,#1134,.F.);
#1433=ORIENTED_EDGE('',*,*,#1119,.F.);
#1434=ORIENTED_EDGE('',*,*,#1135,.T.);
#1435=ORIENTED_EDGE('',*,*,#1120,.T.);
#1436=ORIENTED_EDGE('',*,*,#1134,.T.);
#1437=ORIENTED_EDGE('',*,*,#1131,.T.);
#1438=ORIENTED_EDGE('',*,*,#1136,.F.);
#1439=ORIENTED_EDGE('',*,*,#1137,.T.);
#1440=ORIENTED_EDGE('',*,*,#1138,.F.);
#1441=ORIENTED_EDGE('',*,*,#1139,.F.);
#1442=ORIENTED_EDGE('',*,*,#1125,.T.);
#1443=ORIENTED_EDGE('',*,*,#1140,.F.);
#1444=ORIENTED_EDGE('',*,*,#1117,.T.);
#1445=ORIENTED_EDGE('',*,*,#1141,.F.);
#1446=ORIENTED_EDGE('',*,*,#1137,.F.);
#1447=ORIENTED_EDGE('',*,*,#1141,.T.);
#1448=ORIENTED_EDGE('',*,*,#1124,.T.);
#1449=ORIENTED_EDGE('',*,*,#1142,.T.);
#1450=ORIENTED_EDGE('',*,*,#1138,.T.);
#1451=ORIENTED_EDGE('',*,*,#1143,.T.);
#1452=ORIENTED_EDGE('',*,*,#1144,.F.);
#1453=ORIENTED_EDGE('',*,*,#1145,.T.);
#1454=ORIENTED_EDGE('',*,*,#1146,.T.);
#1455=ORIENTED_EDGE('',*,*,#1143,.F.);
#1456=ORIENTED_EDGE('',*,*,#1147,.F.);
#1457=ORIENTED_EDGE('',*,*,#1148,.F.);
#1458=ORIENTED_EDGE('',*,*,#1149,.F.);
#1459=ORIENTED_EDGE('',*,*,#1149,.T.);
#1460=ORIENTED_EDGE('',*,*,#1150,.F.);
#1461=ORIENTED_EDGE('',*,*,#1151,.T.);
#1462=ORIENTED_EDGE('',*,*,#1152,.F.);
#1463=ORIENTED_EDGE('',*,*,#1153,.T.);
#1464=ORIENTED_EDGE('',*,*,#1154,.F.);
#1465=ORIENTED_EDGE('',*,*,#1152,.T.);
#1466=ORIENTED_EDGE('',*,*,#1155,.T.);
#1467=ORIENTED_EDGE('',*,*,#1129,.T.);
#1468=ORIENTED_EDGE('',*,*,#1156,.T.);
#1469=ORIENTED_EDGE('',*,*,#1157,.F.);
#1470=ORIENTED_EDGE('',*,*,#1158,.F.);
#1471=ORIENTED_EDGE('',*,*,#1153,.F.);
#1472=ORIENTED_EDGE('',*,*,#1159,.F.);
#1473=ORIENTED_EDGE('',*,*,#1155,.F.);
#1474=ORIENTED_EDGE('',*,*,#1151,.F.);
#1475=ORIENTED_EDGE('',*,*,#1160,.F.);
#1476=ORIENTED_EDGE('',*,*,#1121,.T.);
#1477=ORIENTED_EDGE('',*,*,#1135,.F.);
#1478=ORIENTED_EDGE('',*,*,#1130,.F.);
#1479=ORIENTED_EDGE('',*,*,#1159,.T.);
#1480=ORIENTED_EDGE('',*,*,#1148,.T.);
#1481=ORIENTED_EDGE('',*,*,#1161,.F.);
#1482=ORIENTED_EDGE('',*,*,#1150,.T.);
#1483=ORIENTED_EDGE('',*,*,#1122,.T.);
#1484=ORIENTED_EDGE('',*,*,#1160,.T.);
#1485=ORIENTED_EDGE('',*,*,#1161,.T.);
#1486=ORIENTED_EDGE('',*,*,#1162,.T.);
#1487=ORIENTED_EDGE('',*,*,#1154,.T.);
#1488=ORIENTED_EDGE('',*,*,#1158,.T.);
#1489=ORIENTED_EDGE('',*,*,#1163,.F.);
#1490=ORIENTED_EDGE('',*,*,#1164,.F.);
#1491=ORIENTED_EDGE('',*,*,#1146,.F.);
#1492=ORIENTED_EDGE('',*,*,#1165,.F.);
#1493=ORIENTED_EDGE('',*,*,#1139,.T.);
#1494=ORIENTED_EDGE('',*,*,#1142,.F.);
#1495=ORIENTED_EDGE('',*,*,#1123,.F.);
#1496=ORIENTED_EDGE('',*,*,#1162,.F.);
#1497=ORIENTED_EDGE('',*,*,#1147,.T.);
#1498=ORIENTED_EDGE('',*,*,#1166,.F.);
#1499=ORIENTED_EDGE('',*,*,#1167,.T.);
#1500=ORIENTED_EDGE('',*,*,#1073,.T.);
#1501=ORIENTED_EDGE('',*,*,#1167,.F.);
#1502=ORIENTED_EDGE('',*,*,#1144,.T.);
#1503=ORIENTED_EDGE('',*,*,#1164,.T.);
#1504=ORIENTED_EDGE('',*,*,#1168,.F.);
#1505=ORIENTED_EDGE('',*,*,#1169,.F.);
#1506=ORIENTED_EDGE('',*,*,#1136,.T.);
#1507=ORIENTED_EDGE('',*,*,#1165,.T.);
#1508=ORIENTED_EDGE('',*,*,#1145,.F.);
#1509=ORIENTED_EDGE('',*,*,#1169,.T.);
#1510=ORIENTED_EDGE('',*,*,#1170,.F.);
#1511=ORIENTED_EDGE('',*,*,#1171,.F.);
#1512=ORIENTED_EDGE('',*,*,#1118,.T.);
#1513=ORIENTED_EDGE('',*,*,#1140,.T.);
#1514=ORIENTED_EDGE('',*,*,#1171,.T.);
#1515=ORIENTED_EDGE('',*,*,#1172,.F.);
#1516=ORIENTED_EDGE('',*,*,#1156,.F.);
#1517=ORIENTED_EDGE('',*,*,#1133,.F.);
#1518=ORIENTED_EDGE('',*,*,#1157,.T.);
#1519=ORIENTED_EDGE('',*,*,#1172,.T.);
#1520=ORIENTED_EDGE('',*,*,#1170,.T.);
#1521=ORIENTED_EDGE('',*,*,#1168,.T.);
#1522=ORIENTED_EDGE('',*,*,#1163,.T.);
#1523=ORIENTED_EDGE('',*,*,#1166,.T.);
#1524=ORIENTED_EDGE('',*,*,#1173,.F.);
#1525=ORIENTED_EDGE('',*,*,#1174,.T.);
#1526=ORIENTED_EDGE('',*,*,#1078,.F.);
#1527=ORIENTED_EDGE('',*,*,#1174,.F.);
#1528=ORIENTED_EDGE('',*,*,#1175,.F.);
#1529=ORIENTED_EDGE('',*,*,#1176,.T.);
#1530=ORIENTED_EDGE('',*,*,#1077,.F.);
#1531=ORIENTED_EDGE('',*,*,#1176,.F.);
#1532=ORIENTED_EDGE('',*,*,#1177,.F.);
#1533=ORIENTED_EDGE('',*,*,#1115,.T.);
#1534=ORIENTED_EDGE('',*,*,#1178,.F.);
#1535=ORIENTED_EDGE('',*,*,#1179,.F.);
#1536=ORIENTED_EDGE('',*,*,#1180,.F.);
#1537=ORIENTED_EDGE('',*,*,#1179,.T.);
#1538=ORIENTED_EDGE('',*,*,#1181,.F.);
#1539=ORIENTED_EDGE('',*,*,#1182,.F.);
#1540=ORIENTED_EDGE('',*,*,#1173,.T.);
#1541=ORIENTED_EDGE('',*,*,#1181,.T.);
#1542=ORIENTED_EDGE('',*,*,#1178,.T.);
#1543=ORIENTED_EDGE('',*,*,#1114,.T.);
#1544=ORIENTED_EDGE('',*,*,#1183,.T.);
#1545=ORIENTED_EDGE('',*,*,#1180,.T.);
#1546=ORIENTED_EDGE('',*,*,#1184,.T.);
#1547=ORIENTED_EDGE('',*,*,#1185,.F.);
#1548=ORIENTED_EDGE('',*,*,#1186,.T.);
#1549=ORIENTED_EDGE('',*,*,#1187,.F.);
#1550=ORIENTED_EDGE('',*,*,#1188,.F.);
#1551=ORIENTED_EDGE('',*,*,#1189,.T.);
#1552=ORIENTED_EDGE('',*,*,#1190,.T.);
#1553=ORIENTED_EDGE('',*,*,#1191,.F.);
#1554=ORIENTED_EDGE('',*,*,#1109,.F.);
#1555=ORIENTED_EDGE('',*,*,#1192,.F.);
#1556=ORIENTED_EDGE('',*,*,#1193,.T.);
#1557=ORIENTED_EDGE('',*,*,#1194,.F.);
#1558=ORIENTED_EDGE('',*,*,#1190,.F.);
#1559=ORIENTED_EDGE('',*,*,#1175,.T.);
#1560=ORIENTED_EDGE('',*,*,#1194,.T.);
#1561=ORIENTED_EDGE('',*,*,#1195,.T.);
#1562=ORIENTED_EDGE('',*,*,#1110,.T.);
#1563=ORIENTED_EDGE('',*,*,#1191,.T.);
#1564=ORIENTED_EDGE('',*,*,#1192,.T.);
#1565=ORIENTED_EDGE('',*,*,#1196,.T.);
#1566=ORIENTED_EDGE('',*,*,#1197,.F.);
#1567=ORIENTED_EDGE('',*,*,#1198,.F.);
#1568=ORIENTED_EDGE('',*,*,#1199,.F.);
#1569=ORIENTED_EDGE('',*,*,#1200,.F.);
#1570=ORIENTED_EDGE('',*,*,#1201,.T.);
#1571=ORIENTED_EDGE('',*,*,#1202,.F.);
#1572=ORIENTED_EDGE('',*,*,#1185,.T.);
#1573=ORIENTED_EDGE('',*,*,#1203,.T.);
#1574=ORIENTED_EDGE('',*,*,#1201,.F.);
#1575=ORIENTED_EDGE('',*,*,#1204,.F.);
#1576=ORIENTED_EDGE('',*,*,#1205,.F.);
#1577=ORIENTED_EDGE('',*,*,#1206,.T.);
#1578=ORIENTED_EDGE('',*,*,#1199,.T.);
#1579=ORIENTED_EDGE('',*,*,#1207,.F.);
#1580=ORIENTED_EDGE('',*,*,#1208,.T.);
#1581=ORIENTED_EDGE('',*,*,#1209,.T.);
#1582=ORIENTED_EDGE('',*,*,#1209,.F.);
#1583=ORIENTED_EDGE('',*,*,#1210,.F.);
#1584=ORIENTED_EDGE('',*,*,#1211,.F.);
#1585=ORIENTED_EDGE('',*,*,#1111,.F.);
#1586=ORIENTED_EDGE('',*,*,#1195,.F.);
#1587=ORIENTED_EDGE('',*,*,#1193,.F.);
#1588=ORIENTED_EDGE('',*,*,#1200,.T.);
#1589=ORIENTED_EDGE('',*,*,#1208,.F.);
#1590=ORIENTED_EDGE('',*,*,#1206,.F.);
#1591=ORIENTED_EDGE('',*,*,#1212,.F.);
#1592=ORIENTED_EDGE('',*,*,#1210,.T.);
#1593=ORIENTED_EDGE('',*,*,#1212,.T.);
#1594=ORIENTED_EDGE('',*,*,#1205,.T.);
#1595=ORIENTED_EDGE('',*,*,#1213,.F.);
#1596=ORIENTED_EDGE('',*,*,#1213,.T.);
#1597=ORIENTED_EDGE('',*,*,#1214,.T.);
#1598=ORIENTED_EDGE('',*,*,#1112,.T.);
#1599=ORIENTED_EDGE('',*,*,#1211,.T.);
#1600=ORIENTED_EDGE('',*,*,#1203,.F.);
#1601=ORIENTED_EDGE('',*,*,#1184,.F.);
#1602=ORIENTED_EDGE('',*,*,#1182,.T.);
#1603=ORIENTED_EDGE('',*,*,#1183,.F.);
#1604=ORIENTED_EDGE('',*,*,#1113,.F.);
#1605=ORIENTED_EDGE('',*,*,#1214,.F.);
#1606=ORIENTED_EDGE('',*,*,#1204,.T.);
#1607=ORIENTED_EDGE('',*,*,#1207,.T.);
#1608=ORIENTED_EDGE('',*,*,#1198,.T.);
#1609=ORIENTED_EDGE('',*,*,#1215,.F.);
#1610=ORIENTED_EDGE('',*,*,#1216,.F.);
#1611=ORIENTED_EDGE('',*,*,#1217,.F.);
#1612=ORIENTED_EDGE('',*,*,#1218,.T.);
#1613=ORIENTED_EDGE('',*,*,#1076,.T.);
#1614=ORIENTED_EDGE('',*,*,#1218,.F.);
#1615=ORIENTED_EDGE('',*,*,#1202,.T.);
#1616=ORIENTED_EDGE('',*,*,#1216,.T.);
#1617=ORIENTED_EDGE('',*,*,#1219,.F.);
#1618=ORIENTED_EDGE('',*,*,#1186,.F.);
#1619=ORIENTED_EDGE('',*,*,#1116,.T.);
#1620=ORIENTED_EDGE('',*,*,#1177,.T.);
#1621=ORIENTED_EDGE('',*,*,#1188,.T.);
#1622=ORIENTED_EDGE('',*,*,#1220,.F.);
#1623=ORIENTED_EDGE('',*,*,#1196,.F.);
#1624=ORIENTED_EDGE('',*,*,#1189,.F.);
#1625=ORIENTED_EDGE('',*,*,#1215,.T.);
#1626=ORIENTED_EDGE('',*,*,#1197,.T.);
#1627=ORIENTED_EDGE('',*,*,#1220,.T.);
#1628=ORIENTED_EDGE('',*,*,#1187,.T.);
#1629=ORIENTED_EDGE('',*,*,#1219,.T.);
#1630=ORIENTED_EDGE('',*,*,#1217,.T.);
#1631=ORIENTED_EDGE('',*,*,#1221,.F.);
#1632=ORIENTED_EDGE('',*,*,#1222,.T.);
#1633=ORIENTED_EDGE('',*,*,#1081,.F.);
#1634=ORIENTED_EDGE('',*,*,#1222,.F.);
#1635=ORIENTED_EDGE('',*,*,#1223,.F.);
#1636=ORIENTED_EDGE('',*,*,#1224,.T.);
#1637=ORIENTED_EDGE('',*,*,#1080,.F.);
#1638=ORIENTED_EDGE('',*,*,#1224,.F.);
#1639=ORIENTED_EDGE('',*,*,#1225,.F.);
#1640=ORIENTED_EDGE('',*,*,#1226,.T.);
#1641=ORIENTED_EDGE('',*,*,#1227,.F.);
#1642=ORIENTED_EDGE('',*,*,#1228,.F.);
#1643=ORIENTED_EDGE('',*,*,#1223,.T.);
#1644=ORIENTED_EDGE('',*,*,#1229,.T.);
#1645=ORIENTED_EDGE('',*,*,#1228,.T.);
#1646=ORIENTED_EDGE('',*,*,#1230,.F.);
#1647=ORIENTED_EDGE('',*,*,#1103,.F.);
#1648=ORIENTED_EDGE('',*,*,#1231,.T.);
#1649=ORIENTED_EDGE('',*,*,#1104,.T.);
#1650=ORIENTED_EDGE('',*,*,#1230,.T.);
#1651=ORIENTED_EDGE('',*,*,#1227,.T.);
#1652=ORIENTED_EDGE('',*,*,#1232,.F.);
#1653=ORIENTED_EDGE('',*,*,#1233,.T.);
#1654=ORIENTED_EDGE('',*,*,#1234,.F.);
#1655=ORIENTED_EDGE('',*,*,#1235,.F.);
#1656=ORIENTED_EDGE('',*,*,#1221,.T.);
#1657=ORIENTED_EDGE('',*,*,#1236,.F.);
#1658=ORIENTED_EDGE('',*,*,#1101,.T.);
#1659=ORIENTED_EDGE('',*,*,#1237,.F.);
#1660=ORIENTED_EDGE('',*,*,#1233,.F.);
#1661=ORIENTED_EDGE('',*,*,#1237,.T.);
#1662=ORIENTED_EDGE('',*,*,#1108,.T.);
#1663=ORIENTED_EDGE('',*,*,#1238,.T.);
#1664=ORIENTED_EDGE('',*,*,#1234,.T.);
#1665=ORIENTED_EDGE('',*,*,#1239,.T.);
#1666=ORIENTED_EDGE('',*,*,#1240,.F.);
#1667=ORIENTED_EDGE('',*,*,#1241,.T.);
#1668=ORIENTED_EDGE('',*,*,#1242,.T.);
#1669=ORIENTED_EDGE('',*,*,#1242,.F.);
#1670=ORIENTED_EDGE('',*,*,#1243,.F.);
#1671=ORIENTED_EDGE('',*,*,#1244,.F.);
#1672=ORIENTED_EDGE('',*,*,#1105,.F.);
#1673=ORIENTED_EDGE('',*,*,#1231,.F.);
#1674=ORIENTED_EDGE('',*,*,#1226,.F.);
#1675=ORIENTED_EDGE('',*,*,#1245,.T.);
#1676=ORIENTED_EDGE('',*,*,#1241,.F.);
#1677=ORIENTED_EDGE('',*,*,#1246,.F.);
#1678=ORIENTED_EDGE('',*,*,#1247,.F.);
#1679=ORIENTED_EDGE('',*,*,#1243,.T.);
#1680=ORIENTED_EDGE('',*,*,#1248,.T.);
#1681=ORIENTED_EDGE('',*,*,#1249,.F.);
#1682=ORIENTED_EDGE('',*,*,#1250,.T.);
#1683=ORIENTED_EDGE('',*,*,#1251,.T.);
#1684=ORIENTED_EDGE('',*,*,#1248,.F.);
#1685=ORIENTED_EDGE('',*,*,#1252,.F.);
#1686=ORIENTED_EDGE('',*,*,#1253,.F.);
#1687=ORIENTED_EDGE('',*,*,#1246,.T.);
#1688=ORIENTED_EDGE('',*,*,#1249,.T.);
#1689=ORIENTED_EDGE('',*,*,#1254,.T.);
#1690=ORIENTED_EDGE('',*,*,#1255,.F.);
#1691=ORIENTED_EDGE('',*,*,#1256,.F.);
#1692=ORIENTED_EDGE('',*,*,#1240,.T.);
#1693=ORIENTED_EDGE('',*,*,#1257,.T.);
#1694=ORIENTED_EDGE('',*,*,#1258,.F.);
#1695=ORIENTED_EDGE('',*,*,#1254,.F.);
#1696=ORIENTED_EDGE('',*,*,#1259,.T.);
#1697=ORIENTED_EDGE('',*,*,#1260,.T.);
#1698=ORIENTED_EDGE('',*,*,#1106,.T.);
#1699=ORIENTED_EDGE('',*,*,#1244,.T.);
#1700=ORIENTED_EDGE('',*,*,#1251,.F.);
#1701=ORIENTED_EDGE('',*,*,#1261,.F.);
#1702=ORIENTED_EDGE('',*,*,#1235,.T.);
#1703=ORIENTED_EDGE('',*,*,#1238,.F.);
#1704=ORIENTED_EDGE('',*,*,#1107,.F.);
#1705=ORIENTED_EDGE('',*,*,#1260,.F.);
#1706=ORIENTED_EDGE('',*,*,#1252,.T.);
#1707=ORIENTED_EDGE('',*,*,#1253,.T.);
#1708=ORIENTED_EDGE('',*,*,#1259,.F.);
#1709=ORIENTED_EDGE('',*,*,#1247,.T.);
#1710=ORIENTED_EDGE('',*,*,#1262,.F.);
#1711=ORIENTED_EDGE('',*,*,#1263,.T.);
#1712=ORIENTED_EDGE('',*,*,#1079,.T.);
#1713=ORIENTED_EDGE('',*,*,#1263,.F.);
#1714=ORIENTED_EDGE('',*,*,#1102,.T.);
#1715=ORIENTED_EDGE('',*,*,#1236,.T.);
#1716=ORIENTED_EDGE('',*,*,#1264,.T.);
#1717=ORIENTED_EDGE('',*,*,#1265,.F.);
#1718=ORIENTED_EDGE('',*,*,#1266,.F.);
#1719=ORIENTED_EDGE('',*,*,#1229,.F.);
#1720=ORIENTED_EDGE('',*,*,#1225,.T.);
#1721=ORIENTED_EDGE('',*,*,#1266,.T.);
#1722=ORIENTED_EDGE('',*,*,#1267,.F.);
#1723=ORIENTED_EDGE('',*,*,#1257,.F.);
#1724=ORIENTED_EDGE('',*,*,#1239,.F.);
#1725=ORIENTED_EDGE('',*,*,#1245,.F.);
#1726=ORIENTED_EDGE('',*,*,#1232,.T.);
#1727=ORIENTED_EDGE('',*,*,#1261,.T.);
#1728=ORIENTED_EDGE('',*,*,#1250,.F.);
#1729=ORIENTED_EDGE('',*,*,#1256,.T.);
#1730=ORIENTED_EDGE('',*,*,#1268,.F.);
#1731=ORIENTED_EDGE('',*,*,#1264,.F.);
#1732=ORIENTED_EDGE('',*,*,#1268,.T.);
#1733=ORIENTED_EDGE('',*,*,#1255,.T.);
#1734=ORIENTED_EDGE('',*,*,#1258,.T.);
#1735=ORIENTED_EDGE('',*,*,#1267,.T.);
#1736=ORIENTED_EDGE('',*,*,#1265,.T.);
#1737=ORIENTED_EDGE('',*,*,#1262,.T.);
#1738=ORIENTED_EDGE('',*,*,#1269,.F.);
#1739=ORIENTED_EDGE('',*,*,#1270,.T.);
#1740=ORIENTED_EDGE('',*,*,#1084,.F.);
#1741=ORIENTED_EDGE('',*,*,#1270,.F.);
#1742=ORIENTED_EDGE('',*,*,#1271,.F.);
#1743=ORIENTED_EDGE('',*,*,#1272,.T.);
#1744=ORIENTED_EDGE('',*,*,#1083,.F.);
#1745=ORIENTED_EDGE('',*,*,#1272,.F.);
#1746=ORIENTED_EDGE('',*,*,#1273,.F.);
#1747=ORIENTED_EDGE('',*,*,#1274,.T.);
#1748=ORIENTED_EDGE('',*,*,#1275,.F.);
#1749=ORIENTED_EDGE('',*,*,#1276,.F.);
#1750=ORIENTED_EDGE('',*,*,#1271,.T.);
#1751=ORIENTED_EDGE('',*,*,#1277,.T.);
#1752=ORIENTED_EDGE('',*,*,#1276,.T.);
#1753=ORIENTED_EDGE('',*,*,#1278,.F.);
#1754=ORIENTED_EDGE('',*,*,#1095,.F.);
#1755=ORIENTED_EDGE('',*,*,#1279,.T.);
#1756=ORIENTED_EDGE('',*,*,#1096,.T.);
#1757=ORIENTED_EDGE('',*,*,#1278,.T.);
#1758=ORIENTED_EDGE('',*,*,#1275,.T.);
#1759=ORIENTED_EDGE('',*,*,#1280,.F.);
#1760=ORIENTED_EDGE('',*,*,#1093,.T.);
#1761=ORIENTED_EDGE('',*,*,#1281,.F.);
#1762=ORIENTED_EDGE('',*,*,#1282,.F.);
#1763=ORIENTED_EDGE('',*,*,#1283,.F.);
#1764=ORIENTED_EDGE('',*,*,#1282,.T.);
#1765=ORIENTED_EDGE('',*,*,#1284,.F.);
#1766=ORIENTED_EDGE('',*,*,#1285,.F.);
#1767=ORIENTED_EDGE('',*,*,#1269,.T.);
#1768=ORIENTED_EDGE('',*,*,#1284,.T.);
#1769=ORIENTED_EDGE('',*,*,#1281,.T.);
#1770=ORIENTED_EDGE('',*,*,#1100,.T.);
#1771=ORIENTED_EDGE('',*,*,#1286,.T.);
#1772=ORIENTED_EDGE('',*,*,#1283,.T.);
#1773=ORIENTED_EDGE('',*,*,#1287,.T.);
#1774=ORIENTED_EDGE('',*,*,#1288,.F.);
#1775=ORIENTED_EDGE('',*,*,#1289,.T.);
#1776=ORIENTED_EDGE('',*,*,#1290,.F.);
#1777=ORIENTED_EDGE('',*,*,#1291,.F.);
#1778=ORIENTED_EDGE('',*,*,#1292,.T.);
#1779=ORIENTED_EDGE('',*,*,#1293,.F.);
#1780=ORIENTED_EDGE('',*,*,#1294,.T.);
#1781=ORIENTED_EDGE('',*,*,#1295,.T.);
#1782=ORIENTED_EDGE('',*,*,#1295,.F.);
#1783=ORIENTED_EDGE('',*,*,#1296,.F.);
#1784=ORIENTED_EDGE('',*,*,#1297,.F.);
#1785=ORIENTED_EDGE('',*,*,#1097,.T.);
#1786=ORIENTED_EDGE('',*,*,#1279,.F.);
#1787=ORIENTED_EDGE('',*,*,#1274,.F.);
#1788=ORIENTED_EDGE('',*,*,#1298,.T.);
#1789=ORIENTED_EDGE('',*,*,#1294,.F.);
#1790=ORIENTED_EDGE('',*,*,#1299,.F.);
#1791=ORIENTED_EDGE('',*,*,#1300,.F.);
#1792=ORIENTED_EDGE('',*,*,#1296,.T.);
#1793=ORIENTED_EDGE('',*,*,#1301,.T.);
#1794=ORIENTED_EDGE('',*,*,#1302,.F.);
#1795=ORIENTED_EDGE('',*,*,#1288,.T.);
#1796=ORIENTED_EDGE('',*,*,#1303,.T.);
#1797=ORIENTED_EDGE('',*,*,#1301,.F.);
#1798=ORIENTED_EDGE('',*,*,#1304,.F.);
#1799=ORIENTED_EDGE('',*,*,#1305,.F.);
#1800=ORIENTED_EDGE('',*,*,#1299,.T.);
#1801=ORIENTED_EDGE('',*,*,#1302,.T.);
#1802=ORIENTED_EDGE('',*,*,#1306,.T.);
#1803=ORIENTED_EDGE('',*,*,#1307,.F.);
#1804=ORIENTED_EDGE('',*,*,#1289,.F.);
#1805=ORIENTED_EDGE('',*,*,#1293,.T.);
#1806=ORIENTED_EDGE('',*,*,#1308,.T.);
#1807=ORIENTED_EDGE('',*,*,#1309,.F.);
#1808=ORIENTED_EDGE('',*,*,#1306,.F.);
#1809=ORIENTED_EDGE('',*,*,#1098,.T.);
#1810=ORIENTED_EDGE('',*,*,#1297,.T.);
#1811=ORIENTED_EDGE('',*,*,#1310,.T.);
#1812=ORIENTED_EDGE('',*,*,#1311,.T.);
#1813=ORIENTED_EDGE('',*,*,#1303,.F.);
#1814=ORIENTED_EDGE('',*,*,#1287,.F.);
#1815=ORIENTED_EDGE('',*,*,#1285,.T.);
#1816=ORIENTED_EDGE('',*,*,#1286,.F.);
#1817=ORIENTED_EDGE('',*,*,#1099,.F.);
#1818=ORIENTED_EDGE('',*,*,#1311,.F.);
#1819=ORIENTED_EDGE('',*,*,#1304,.T.);
#1820=ORIENTED_EDGE('',*,*,#1305,.T.);
#1821=ORIENTED_EDGE('',*,*,#1310,.F.);
#1822=ORIENTED_EDGE('',*,*,#1300,.T.);
#1823=ORIENTED_EDGE('',*,*,#1312,.F.);
#1824=ORIENTED_EDGE('',*,*,#1313,.T.);
#1825=ORIENTED_EDGE('',*,*,#1082,.T.);
#1826=ORIENTED_EDGE('',*,*,#1313,.F.);
#1827=ORIENTED_EDGE('',*,*,#1094,.T.);
#1828=ORIENTED_EDGE('',*,*,#1280,.T.);
#1829=ORIENTED_EDGE('',*,*,#1291,.T.);
#1830=ORIENTED_EDGE('',*,*,#1314,.F.);
#1831=ORIENTED_EDGE('',*,*,#1315,.F.);
#1832=ORIENTED_EDGE('',*,*,#1277,.F.);
#1833=ORIENTED_EDGE('',*,*,#1273,.T.);
#1834=ORIENTED_EDGE('',*,*,#1315,.T.);
#1835=ORIENTED_EDGE('',*,*,#1316,.F.);
#1836=ORIENTED_EDGE('',*,*,#1308,.F.);
#1837=ORIENTED_EDGE('',*,*,#1292,.F.);
#1838=ORIENTED_EDGE('',*,*,#1298,.F.);
#1839=ORIENTED_EDGE('',*,*,#1290,.T.);
#1840=ORIENTED_EDGE('',*,*,#1307,.T.);
#1841=ORIENTED_EDGE('',*,*,#1309,.T.);
#1842=ORIENTED_EDGE('',*,*,#1316,.T.);
#1843=ORIENTED_EDGE('',*,*,#1314,.T.);
#1844=ORIENTED_EDGE('',*,*,#1312,.T.);
#1845=CONICAL_SURFACE('',#1969,0.00075,1.02974425867665);
#1846=CONICAL_SURFACE('',#1973,0.00075,1.02974425867665);
#1847=CONICAL_SURFACE('',#1977,0.0007,1.02974425867665);
#1848=CONICAL_SURFACE('',#1981,0.00075,1.02974425867665);
#1849=ADVANCED_FACE('',(#149),#1845,.F.);
#1850=ADVANCED_FACE('',(#150),#125,.F.);
#1851=ADVANCED_FACE('',(#151),#1846,.F.);
#1852=ADVANCED_FACE('',(#152),#126,.F.);
#1853=ADVANCED_FACE('',(#153),#1847,.F.);
#1854=ADVANCED_FACE('',(#154),#127,.F.);
#1855=ADVANCED_FACE('',(#155),#1848,.F.);
#1856=ADVANCED_FACE('',(#156),#128,.F.);
#1857=ADVANCED_FACE('',(#157),#35,.T.);
#1858=ADVANCED_FACE('',(#158),#36,.T.);
#1859=ADVANCED_FACE('',(#159),#37,.T.);
#1860=ADVANCED_FACE('',(#160),#38,.T.);
#1861=ADVANCED_FACE('',(#161),#39,.T.);
#1862=ADVANCED_FACE('',(#162),#40,.T.);
#1863=ADVANCED_FACE('',(#163),#41,.T.);
#1864=ADVANCED_FACE('',(#164),#42,.T.);
#1865=ADVANCED_FACE('',(#165),#43,.T.);
#1866=ADVANCED_FACE('',(#166),#44,.T.);
#1867=ADVANCED_FACE('',(#167),#45,.T.);
#1868=ADVANCED_FACE('',(#168),#46,.T.);
#1869=ADVANCED_FACE('',(#169),#47,.T.);
#1870=ADVANCED_FACE('',(#170),#48,.T.);
#1871=ADVANCED_FACE('',(#171),#49,.T.);
#1872=ADVANCED_FACE('',(#172),#50,.T.);
#1873=ADVANCED_FACE('',(#173,#15,#16,#17,#18,#19,#20,#21,#22),#51,.T.);
#1874=ADVANCED_FACE('',(#174),#52,.T.);
#1875=ADVANCED_FACE('',(#175),#129,.F.);
#1876=ADVANCED_FACE('',(#176),#130,.F.);
#1877=ADVANCED_FACE('',(#177,#23),#53,.T.);
#1878=ADVANCED_FACE('',(#178),#54,.T.);
#1879=ADVANCED_FACE('',(#179),#55,.T.);
#1880=ADVANCED_FACE('',(#180,#24),#56,.T.);
#1881=ADVANCED_FACE('',(#181),#57,.T.);
#1882=ADVANCED_FACE('',(#182),#58,.T.);
#1883=ADVANCED_FACE('',(#183),#59,.T.);
#1884=ADVANCED_FACE('',(#184),#60,.T.);
#1885=ADVANCED_FACE('',(#185),#61,.T.);
#1886=ADVANCED_FACE('',(#186),#62,.T.);
#1887=ADVANCED_FACE('',(#187),#63,.T.);
#1888=ADVANCED_FACE('',(#188),#64,.T.);
#1889=ADVANCED_FACE('',(#189),#65,.T.);
#1890=ADVANCED_FACE('',(#190),#131,.T.);
#1891=ADVANCED_FACE('',(#191),#66,.T.);
#1892=ADVANCED_FACE('',(#192),#67,.T.);
#1893=ADVANCED_FACE('',(#193),#132,.F.);
#1894=ADVANCED_FACE('',(#194),#68,.T.);
#1895=ADVANCED_FACE('',(#195),#69,.T.);
#1896=ADVANCED_FACE('',(#196),#133,.T.);
#1897=ADVANCED_FACE('',(#197,#25),#70,.T.);
#1898=ADVANCED_FACE('',(#198),#134,.F.);
#1899=ADVANCED_FACE('',(#199),#135,.F.);
#1900=ADVANCED_FACE('',(#200),#71,.T.);
#1901=ADVANCED_FACE('',(#201,#26),#72,.T.);
#1902=ADVANCED_FACE('',(#202),#73,.T.);
#1903=ADVANCED_FACE('',(#203),#74,.T.);
#1904=ADVANCED_FACE('',(#204),#75,.T.);
#1905=ADVANCED_FACE('',(#205,#27),#76,.T.);
#1906=ADVANCED_FACE('',(#206),#77,.T.);
#1907=ADVANCED_FACE('',(#207),#78,.T.);
#1908=ADVANCED_FACE('',(#208),#79,.T.);
#1909=ADVANCED_FACE('',(#209),#80,.T.);
#1910=ADVANCED_FACE('',(#210),#81,.T.);
#1911=ADVANCED_FACE('',(#211),#82,.T.);
#1912=ADVANCED_FACE('',(#212),#83,.T.);
#1913=ADVANCED_FACE('',(#213),#84,.T.);
#1914=ADVANCED_FACE('',(#214),#136,.T.);
#1915=ADVANCED_FACE('',(#215),#85,.T.);
#1916=ADVANCED_FACE('',(#216),#86,.T.);
#1917=ADVANCED_FACE('',(#217),#137,.F.);
#1918=ADVANCED_FACE('',(#218),#87,.T.);
#1919=ADVANCED_FACE('',(#219),#138,.T.);
#1920=ADVANCED_FACE('',(#220,#28),#88,.T.);
#1921=ADVANCED_FACE('',(#221),#139,.F.);
#1922=ADVANCED_FACE('',(#222),#140,.F.);
#1923=ADVANCED_FACE('',(#223,#29),#89,.T.);
#1924=ADVANCED_FACE('',(#224),#90,.T.);
#1925=ADVANCED_FACE('',(#225),#91,.T.);
#1926=ADVANCED_FACE('',(#226,#30),#92,.T.);
#1927=ADVANCED_FACE('',(#227),#93,.T.);
#1928=ADVANCED_FACE('',(#228),#94,.T.);
#1929=ADVANCED_FACE('',(#229),#95,.T.);
#1930=ADVANCED_FACE('',(#230),#96,.T.);
#1931=ADVANCED_FACE('',(#231),#97,.T.);
#1932=ADVANCED_FACE('',(#232),#98,.T.);
#1933=ADVANCED_FACE('',(#233),#99,.T.);
#1934=ADVANCED_FACE('',(#234),#100,.T.);
#1935=ADVANCED_FACE('',(#235),#101,.T.);
#1936=ADVANCED_FACE('',(#236),#141,.T.);
#1937=ADVANCED_FACE('',(#237),#102,.T.);
#1938=ADVANCED_FACE('',(#238),#103,.T.);
#1939=ADVANCED_FACE('',(#239),#142,.F.);
#1940=ADVANCED_FACE('',(#240),#143,.T.);
#1941=ADVANCED_FACE('',(#241),#104,.T.);
#1942=ADVANCED_FACE('',(#242),#105,.T.);
#1943=ADVANCED_FACE('',(#243,#31),#106,.T.);
#1944=ADVANCED_FACE('',(#244),#144,.F.);
#1945=ADVANCED_FACE('',(#245),#145,.F.);
#1946=ADVANCED_FACE('',(#246,#32),#107,.T.);
#1947=ADVANCED_FACE('',(#247),#108,.T.);
#1948=ADVANCED_FACE('',(#248),#109,.T.);
#1949=ADVANCED_FACE('',(#249),#110,.T.);
#1950=ADVANCED_FACE('',(#250,#33),#111,.T.);
#1951=ADVANCED_FACE('',(#251),#112,.T.);
#1952=ADVANCED_FACE('',(#252),#113,.T.);
#1953=ADVANCED_FACE('',(#253),#114,.T.);
#1954=ADVANCED_FACE('',(#254),#115,.T.);
#1955=ADVANCED_FACE('',(#255),#116,.T.);
#1956=ADVANCED_FACE('',(#256),#117,.T.);
#1957=ADVANCED_FACE('',(#257),#118,.T.);
#1958=ADVANCED_FACE('',(#258),#119,.T.);
#1959=ADVANCED_FACE('',(#259),#120,.T.);
#1960=ADVANCED_FACE('',(#260),#146,.T.);
#1961=ADVANCED_FACE('',(#261),#121,.T.);
#1962=ADVANCED_FACE('',(#262),#122,.T.);
#1963=ADVANCED_FACE('',(#263),#147,.F.);
#1964=ADVANCED_FACE('',(#264),#148,.T.);
#1965=ADVANCED_FACE('',(#265),#123,.T.);
#1966=ADVANCED_FACE('',(#266,#34),#124,.T.);
#1967=CLOSED_SHELL('',(#1849,#1850,#1851,#1852,#1853,#1854,#1855,#1856,
#1857,#1858,#1859,#1860,#1861,#1862,#1863,#1864,#1865,#1866,#1867,#1868,
#1869,#1870,#1871,#1872,#1873,#1874,#1875,#1876,#1877,#1878,#1879,#1880,
#1881,#1882,#1883,#1884,#1885,#1886,#1887,#1888,#1889,#1890,#1891,#1892,
#1893,#1894,#1895,#1896,#1897,#1898,#1899,#1900,#1901,#1902,#1903,#1904,
#1905,#1906,#1907,#1908,#1909,#1910,#1911,#1912,#1913,#1914,#1915,#1916,
#1917,#1918,#1919,#1920,#1921,#1922,#1923,#1924,#1925,#1926,#1927,#1928,
#1929,#1930,#1931,#1932,#1933,#1934,#1935,#1936,#1937,#1938,#1939,#1940,
#1941,#1942,#1943,#1944,#1945,#1946,#1947,#1948,#1949,#1950,#1951,#1952,
#1953,#1954,#1955,#1956,#1957,#1958,#1959,#1960,#1961,#1962,#1963,#1964,
#1965,#1966));
#1968=AXIS2_PLACEMENT_3D('',#2685,#2135,#2136);
#1969=AXIS2_PLACEMENT_3D('',#2686,#2137,#2138);
#1970=AXIS2_PLACEMENT_3D('',#2688,#2139,#2140);
#1971=AXIS2_PLACEMENT_3D('',#2691,#2142,#2143);
#1972=AXIS2_PLACEMENT_3D('',#2693,#2144,#2145);
#1973=AXIS2_PLACEMENT_3D('',#2695,#2147,#2148);
#1974=AXIS2_PLACEMENT_3D('',#2697,#2149,#2150);
#1975=AXIS2_PLACEMENT_3D('',#2700,#2152,#2153);
#1976=AXIS2_PLACEMENT_3D('',#2702,#2154,#2155);
#1977=AXIS2_PLACEMENT_3D('',#2704,#2157,#2158);
#1978=AXIS2_PLACEMENT_3D('',#2706,#2159,#2160);
#1979=AXIS2_PLACEMENT_3D('',#2709,#2162,#2163);
#1980=AXIS2_PLACEMENT_3D('',#2711,#2164,#2165);
#1981=AXIS2_PLACEMENT_3D('',#2713,#2167,#2168);
#1982=AXIS2_PLACEMENT_3D('',#2715,#2169,#2170);
#1983=AXIS2_PLACEMENT_3D('',#2718,#2172,#2173);
#1984=AXIS2_PLACEMENT_3D('',#2720,#2174,#2175);
#1985=AXIS2_PLACEMENT_3D('',#2722,#2177,#2178);
#1986=AXIS2_PLACEMENT_3D('',#2731,#2183,#2184);
#1987=AXIS2_PLACEMENT_3D('',#2733,#2185,#2186);
#1988=AXIS2_PLACEMENT_3D('',#2734,#2187,#2188);
#1989=AXIS2_PLACEMENT_3D('',#2736,#2189,#2190);
#1990=AXIS2_PLACEMENT_3D('',#2737,#2191,#2192);
#1991=AXIS2_PLACEMENT_3D('',#2739,#2193,#2194);
#1992=AXIS2_PLACEMENT_3D('',#2740,#2195,#2196);
#1993=AXIS2_PLACEMENT_3D('',#2742,#2197,#2198);
#1994=AXIS2_PLACEMENT_3D('',#2743,#2199,#2200);
#1995=AXIS2_PLACEMENT_3D('',#2745,#2201,#2202);
#1996=AXIS2_PLACEMENT_3D('',#2746,#2203,#2204);
#1997=AXIS2_PLACEMENT_3D('',#2748,#2205,#2206);
#1998=AXIS2_PLACEMENT_3D('',#2749,#2207,#2208);
#1999=AXIS2_PLACEMENT_3D('',#2751,#2209,#2210);
#2000=AXIS2_PLACEMENT_3D('',#2752,#2211,#2212);
#2001=AXIS2_PLACEMENT_3D('',#2754,#2213,#2214);
#2002=AXIS2_PLACEMENT_3D('',#2755,#2215,#2216);
#2003=AXIS2_PLACEMENT_3D('',#2757,#2217,#2218);
#2004=AXIS2_PLACEMENT_3D('',#2758,#2219,#2220);
#2005=AXIS2_PLACEMENT_3D('',#2760,#2221,#2222);
#2006=AXIS2_PLACEMENT_3D('',#2761,#2223,#2224);
#2007=AXIS2_PLACEMENT_3D('',#2763,#2225,#2226);
#2008=AXIS2_PLACEMENT_3D('',#2764,#2227,#2228);
#2009=AXIS2_PLACEMENT_3D('',#2766,#2229,#2230);
#2010=AXIS2_PLACEMENT_3D('',#2767,#2231,#2232);
#2011=AXIS2_PLACEMENT_3D('',#2773,#2236,#2237);
#2012=AXIS2_PLACEMENT_3D('',#2779,#2241,#2242);
#2013=AXIS2_PLACEMENT_3D('',#2782,#2245,#2246);
#2014=AXIS2_PLACEMENT_3D('',#2787,#2248,#2249);
#2015=AXIS2_PLACEMENT_3D('',#2795,#2253,#2254);
#2016=AXIS2_PLACEMENT_3D('',#2803,#2258,#2259);
#2017=AXIS2_PLACEMENT_3D('',#2811,#2263,#2264);
#2018=AXIS2_PLACEMENT_3D('',#2823,#2270,#2271);
#2019=AXIS2_PLACEMENT_3D('',#2830,#2275,#2276);
#2020=AXIS2_PLACEMENT_3D('',#2835,#2278,#2279);
#2021=AXIS2_PLACEMENT_3D('',#2843,#2283,#2284);
#2022=AXIS2_PLACEMENT_3D('',#2847,#2287,#2288);
#2023=AXIS2_PLACEMENT_3D('',#2848,#2289,#2290);
#2024=AXIS2_PLACEMENT_3D('',#2850,#2291,#2292);
#2025=AXIS2_PLACEMENT_3D('',#2852,#2294,#2295);
#2026=AXIS2_PLACEMENT_3D('',#2854,#2296,#2297);
#2027=AXIS2_PLACEMENT_3D('',#2856,#2299,#2300);
#2028=AXIS2_PLACEMENT_3D('',#2865,#2305,#2306);
#2029=AXIS2_PLACEMENT_3D('',#2868,#2309,#2310);
#2030=AXIS2_PLACEMENT_3D('',#2870,#2312,#2313);
#2031=AXIS2_PLACEMENT_3D('',#2879,#2318,#2319);
#2032=AXIS2_PLACEMENT_3D('',#2882,#2322,#2323);
#2033=AXIS2_PLACEMENT_3D('',#2884,#2325,#2326);
#2034=AXIS2_PLACEMENT_3D('',#2893,#2331,#2332);
#2035=AXIS2_PLACEMENT_3D('',#2899,#2336,#2337);
#2036=AXIS2_PLACEMENT_3D('',#2905,#2341,#2342);
#2037=AXIS2_PLACEMENT_3D('',#2911,#2346,#2347);
#2038=AXIS2_PLACEMENT_3D('',#2918,#2352,#2353);
#2039=AXIS2_PLACEMENT_3D('',#2920,#2355,#2356);
#2040=AXIS2_PLACEMENT_3D('',#2921,#2357,#2358);
#2041=AXIS2_PLACEMENT_3D('',#2922,#2359,#2360);
#2042=AXIS2_PLACEMENT_3D('',#2924,#2362,#2363);
#2043=AXIS2_PLACEMENT_3D('',#2928,#2366,#2367);
#2044=AXIS2_PLACEMENT_3D('',#2930,#2369,#2370);
#2045=AXIS2_PLACEMENT_3D('',#2932,#2371,#2372);
#2046=AXIS2_PLACEMENT_3D('',#2934,#2374,#2375);
#2047=AXIS2_PLACEMENT_3D('',#2938,#2378,#2379);
#2048=AXIS2_PLACEMENT_3D('',#2942,#2382,#2383);
#2049=AXIS2_PLACEMENT_3D('',#2943,#2384,#2385);
#2050=AXIS2_PLACEMENT_3D('',#2944,#2386,#2387);
#2051=AXIS2_PLACEMENT_3D('',#2945,#2388,#2389);
#2052=AXIS2_PLACEMENT_3D('',#2947,#2390,#2391);
#2053=AXIS2_PLACEMENT_3D('',#2949,#2393,#2394);
#2054=AXIS2_PLACEMENT_3D('',#2951,#2395,#2396);
#2055=AXIS2_PLACEMENT_3D('',#2953,#2398,#2399);
#2056=AXIS2_PLACEMENT_3D('',#2959,#2403,#2404);
#2057=AXIS2_PLACEMENT_3D('',#2965,#2408,#2409);
#2058=AXIS2_PLACEMENT_3D('',#2967,#2411,#2412);
#2059=AXIS2_PLACEMENT_3D('',#2977,#2418,#2419);
#2060=AXIS2_PLACEMENT_3D('',#2983,#2423,#2424);
#2061=AXIS2_PLACEMENT_3D('',#2989,#2428,#2429);
#2062=AXIS2_PLACEMENT_3D('',#2991,#2431,#2432);
#2063=AXIS2_PLACEMENT_3D('',#3001,#2438,#2439);
#2064=AXIS2_PLACEMENT_3D('',#3007,#2443,#2444);
#2065=AXIS2_PLACEMENT_3D('',#3013,#2448,#2449);
#2066=AXIS2_PLACEMENT_3D('',#3018,#2453,#2454);
#2067=AXIS2_PLACEMENT_3D('',#3022,#2457,#2458);
#2068=AXIS2_PLACEMENT_3D('',#3024,#2460,#2461);
#2069=AXIS2_PLACEMENT_3D('',#3025,#2462,#2463);
#2070=AXIS2_PLACEMENT_3D('',#3026,#2464,#2465);
#2071=AXIS2_PLACEMENT_3D('',#3028,#2467,#2468);
#2072=AXIS2_PLACEMENT_3D('',#3029,#2469,#2470);
#2073=AXIS2_PLACEMENT_3D('',#3033,#2473,#2474);
#2074=AXIS2_PLACEMENT_3D('',#3035,#2475,#2476);
#2075=AXIS2_PLACEMENT_3D('',#3037,#2478,#2479);
#2076=AXIS2_PLACEMENT_3D('',#3039,#2481,#2482);
#2077=AXIS2_PLACEMENT_3D('',#3040,#2483,#2484);
#2078=AXIS2_PLACEMENT_3D('',#3041,#2485,#2486);
#2079=AXIS2_PLACEMENT_3D('',#3042,#2487,#2488);
#2080=AXIS2_PLACEMENT_3D('',#3044,#2489,#2490);
#2081=AXIS2_PLACEMENT_3D('',#3046,#2492,#2493);
#2082=AXIS2_PLACEMENT_3D('',#3048,#2494,#2495);
#2083=AXIS2_PLACEMENT_3D('',#3050,#2497,#2498);
#2084=AXIS2_PLACEMENT_3D('',#3059,#2503,#2504);
#2085=AXIS2_PLACEMENT_3D('',#3062,#2507,#2508);
#2086=AXIS2_PLACEMENT_3D('',#3064,#2510,#2511);
#2087=AXIS2_PLACEMENT_3D('',#3073,#2516,#2517);
#2088=AXIS2_PLACEMENT_3D('',#3076,#2520,#2521);
#2089=AXIS2_PLACEMENT_3D('',#3078,#2523,#2524);
#2090=AXIS2_PLACEMENT_3D('',#3087,#2529,#2530);
#2091=AXIS2_PLACEMENT_3D('',#3092,#2534,#2535);
#2092=AXIS2_PLACEMENT_3D('',#3096,#2538,#2539);
#2093=AXIS2_PLACEMENT_3D('',#3104,#2544,#2545);
#2094=AXIS2_PLACEMENT_3D('',#3108,#2548,#2549);
#2095=AXIS2_PLACEMENT_3D('',#3114,#2553,#2554);
#2096=AXIS2_PLACEMENT_3D('',#3118,#2557,#2558);
#2097=AXIS2_PLACEMENT_3D('',#3119,#2559,#2560);
#2098=AXIS2_PLACEMENT_3D('',#3121,#2562,#2563);
#2099=AXIS2_PLACEMENT_3D('',#3123,#2565,#2566);
#2100=AXIS2_PLACEMENT_3D('',#3124,#2567,#2568);
#2101=AXIS2_PLACEMENT_3D('',#3126,#2569,#2570);
#2102=AXIS2_PLACEMENT_3D('',#3128,#2572,#2573);
#2103=AXIS2_PLACEMENT_3D('',#3132,#2575,#2576);
#2104=AXIS2_PLACEMENT_3D('',#3134,#2578,#2579);
#2105=AXIS2_PLACEMENT_3D('',#3136,#2581,#2582);
#2106=AXIS2_PLACEMENT_3D('',#3138,#2584,#2585);
#2107=AXIS2_PLACEMENT_3D('',#3139,#2586,#2587);
#2108=AXIS2_PLACEMENT_3D('',#3141,#2588,#2589);
#2109=AXIS2_PLACEMENT_3D('',#3143,#2591,#2592);
#2110=AXIS2_PLACEMENT_3D('',#3145,#2593,#2594);
#2111=AXIS2_PLACEMENT_3D('',#3147,#2596,#2597);
#2112=AXIS2_PLACEMENT_3D('',#3156,#2602,#2603);
#2113=AXIS2_PLACEMENT_3D('',#3159,#2606,#2607);
#2114=AXIS2_PLACEMENT_3D('',#3161,#2609,#2610);
#2115=AXIS2_PLACEMENT_3D('',#3167,#2614,#2615);
#2116=AXIS2_PLACEMENT_3D('',#3173,#2619,#2620);
#2117=AXIS2_PLACEMENT_3D('',#3175,#2622,#2623);
#2118=AXIS2_PLACEMENT_3D('',#3185,#2629,#2630);
#2119=AXIS2_PLACEMENT_3D('',#3194,#2635,#2636);
#2120=AXIS2_PLACEMENT_3D('',#3199,#2640,#2641);
#2121=AXIS2_PLACEMENT_3D('',#3203,#2644,#2645);
#2122=AXIS2_PLACEMENT_3D('',#3208,#2649,#2650);
#2123=AXIS2_PLACEMENT_3D('',#3212,#2653,#2654);
#2124=AXIS2_PLACEMENT_3D('',#3216,#2657,#2658);
#2125=AXIS2_PLACEMENT_3D('',#3220,#2661,#2662);
#2126=AXIS2_PLACEMENT_3D('',#3221,#2663,#2664);
#2127=AXIS2_PLACEMENT_3D('',#3223,#2666,#2667);
#2128=AXIS2_PLACEMENT_3D('',#3224,#2668,#2669);
#2129=AXIS2_PLACEMENT_3D('',#3225,#2670,#2671);
#2130=AXIS2_PLACEMENT_3D('',#3227,#2672,#2673);
#2131=AXIS2_PLACEMENT_3D('',#3229,#2675,#2676);
#2132=AXIS2_PLACEMENT_3D('',#3231,#2677,#2678);
#2133=AXIS2_PLACEMENT_3D('',#3233,#2680,#2681);
#2134=AXIS2_PLACEMENT_3D('',#3235,#2683,#2684);
#2135=DIRECTION('axis',(0.,0.,1.));
#2136=DIRECTION('refdir',(1.,0.,0.));
#2137=DIRECTION('center_axis',(0.,0.,1.));
#2138=DIRECTION('ref_axis',(1.,0.,0.));
#2139=DIRECTION('center_axis',(0.,0.,-1.));
#2140=DIRECTION('ref_axis',(1.,0.,0.));
#2141=DIRECTION('',(0.857167300702112,-1.04972719113862E-16,-0.515038074910054));
#2142=DIRECTION('center_axis',(0.,0.,-1.));
#2143=DIRECTION('ref_axis',(1.,0.,0.));
#2144=DIRECTION('center_axis',(0.,0.,-1.));
#2145=DIRECTION('ref_axis',(1.,0.,0.));
#2146=DIRECTION('',(0.,0.,-1.));
#2147=DIRECTION('center_axis',(0.,0.,1.));
#2148=DIRECTION('ref_axis',(1.,0.,0.));
#2149=DIRECTION('center_axis',(0.,0.,-1.));
#2150=DIRECTION('ref_axis',(1.,0.,0.));
#2151=DIRECTION('',(0.857167300702112,-1.04972719113862E-16,-0.515038074910054));
#2152=DIRECTION('center_axis',(0.,0.,-1.));
#2153=DIRECTION('ref_axis',(1.,0.,0.));
#2154=DIRECTION('center_axis',(0.,0.,-1.));
#2155=DIRECTION('ref_axis',(1.,0.,0.));
#2156=DIRECTION('',(0.,0.,-1.));
#2157=DIRECTION('center_axis',(0.,0.,1.));
#2158=DIRECTION('ref_axis',(1.,0.,0.));
#2159=DIRECTION('center_axis',(0.,0.,-1.));
#2160=DIRECTION('ref_axis',(1.,0.,0.));
#2161=DIRECTION('',(0.857167300702112,-1.04972719113862E-16,-0.515038074910054));
#2162=DIRECTION('center_axis',(0.,0.,-1.));
#2163=DIRECTION('ref_axis',(1.,0.,0.));
#2164=DIRECTION('center_axis',(0.,0.,-1.));
#2165=DIRECTION('ref_axis',(1.,0.,0.));
#2166=DIRECTION('',(0.,0.,-1.));
#2167=DIRECTION('center_axis',(-2.05391259555654E-15,0.,1.));
#2168=DIRECTION('ref_axis',(1.,0.,2.05391259555654E-15));
#2169=DIRECTION('center_axis',(2.05391259555654E-15,0.,-1.));
#2170=DIRECTION('ref_axis',(1.,0.,2.05391259555654E-15));
#2171=DIRECTION('',(0.857167300702113,-1.04972719113862E-16,-0.515038074910052));
#2172=DIRECTION('center_axis',(2.05391259555654E-15,0.,-1.));
#2173=DIRECTION('ref_axis',(1.,0.,2.05391259555654E-15));
#2174=DIRECTION('center_axis',(0.,0.,-1.));
#2175=DIRECTION('ref_axis',(1.,0.,2.05391259555654E-15));
#2176=DIRECTION('',(2.05391259555654E-15,0.,-1.));
#2177=DIRECTION('center_axis',(0.,-1.,0.));
#2178=DIRECTION('ref_axis',(0.,0.,-1.));
#2179=DIRECTION('',(-1.,0.,0.));
#2180=DIRECTION('',(0.,0.,-1.));
#2181=DIRECTION('',(1.,0.,0.));
#2182=DIRECTION('',(0.,0.,1.));
#2183=DIRECTION('center_axis',(0.,0.,1.));
#2184=DIRECTION('ref_axis',(1.,0.,0.));
#2185=DIRECTION('center_axis',(0.,0.,-1.));
#2186=DIRECTION('ref_axis',(-1.,0.,0.));
#2187=DIRECTION('center_axis',(0.,0.,1.));
#2188=DIRECTION('ref_axis',(1.,0.,0.));
#2189=DIRECTION('center_axis',(0.,0.,1.));
#2190=DIRECTION('ref_axis',(1.,0.,0.));
#2191=DIRECTION('center_axis',(0.,0.,1.));
#2192=DIRECTION('ref_axis',(1.,0.,0.));
#2193=DIRECTION('center_axis',(0.,0.,1.));
#2194=DIRECTION('ref_axis',(1.,0.,0.));
#2195=DIRECTION('center_axis',(0.,0.,1.));
#2196=DIRECTION('ref_axis',(1.,0.,0.));
#2197=DIRECTION('center_axis',(0.,0.,-1.));
#2198=DIRECTION('ref_axis',(-1.,0.,0.));
#2199=DIRECTION('center_axis',(0.,0.,1.));
#2200=DIRECTION('ref_axis',(1.,0.,0.));
#2201=DIRECTION('center_axis',(0.,0.,1.));
#2202=DIRECTION('ref_axis',(1.,0.,0.));
#2203=DIRECTION('center_axis',(0.,0.,1.));
#2204=DIRECTION('ref_axis',(1.,0.,0.));
#2205=DIRECTION('center_axis',(0.,0.,1.));
#2206=DIRECTION('ref_axis',(1.,0.,0.));
#2207=DIRECTION('center_axis',(0.,0.,1.));
#2208=DIRECTION('ref_axis',(1.,0.,0.));
#2209=DIRECTION('center_axis',(0.,0.,-1.));
#2210=DIRECTION('ref_axis',(-1.,0.,0.));
#2211=DIRECTION('center_axis',(0.,0.,1.));
#2212=DIRECTION('ref_axis',(1.,0.,0.));
#2213=DIRECTION('center_axis',(0.,0.,1.));
#2214=DIRECTION('ref_axis',(1.,0.,0.));
#2215=DIRECTION('center_axis',(0.,0.,1.));
#2216=DIRECTION('ref_axis',(1.,0.,0.));
#2217=DIRECTION('center_axis',(0.,0.,1.));
#2218=DIRECTION('ref_axis',(1.,0.,0.));
#2219=DIRECTION('center_axis',(0.,0.,1.));
#2220=DIRECTION('ref_axis',(1.,0.,0.));
#2221=DIRECTION('center_axis',(0.,0.,-1.));
#2222=DIRECTION('ref_axis',(-1.,0.,0.));
#2223=DIRECTION('center_axis',(0.,0.,1.));
#2224=DIRECTION('ref_axis',(1.,0.,0.));
#2225=DIRECTION('center_axis',(0.,0.,1.));
#2226=DIRECTION('ref_axis',(1.,0.,0.));
#2227=DIRECTION('center_axis',(0.,0.,1.));
#2228=DIRECTION('ref_axis',(1.,0.,0.));
#2229=DIRECTION('center_axis',(0.,0.,1.));
#2230=DIRECTION('ref_axis',(1.,0.,0.));
#2231=DIRECTION('center_axis',(1.,1.48095143870017E-16,0.));
#2232=DIRECTION('ref_axis',(1.48095143870017E-16,-1.,0.));
#2233=DIRECTION('',(-1.48095143870017E-16,1.,0.));
#2234=DIRECTION('',(1.48095143870017E-16,-1.,0.));
#2235=DIRECTION('',(0.,0.,-1.));
#2236=DIRECTION('center_axis',(0.,1.,0.));
#2237=DIRECTION('ref_axis',(1.,0.,0.));
#2238=DIRECTION('',(-1.,0.,0.));
#2239=DIRECTION('',(1.,0.,0.));
#2240=DIRECTION('',(0.,0.,-1.));
#2241=DIRECTION('center_axis',(-1.,0.,0.));
#2242=DIRECTION('ref_axis',(0.,1.,0.));
#2243=DIRECTION('',(0.,-1.,0.));
#2244=DIRECTION('',(0.,-1.,0.));
#2245=DIRECTION('center_axis',(0.,0.,1.));
#2246=DIRECTION('ref_axis',(1.,0.,0.));
#2247=DIRECTION('',(0.,-1.,0.));
#2248=DIRECTION('center_axis',(0.,0.,1.));
#2249=DIRECTION('ref_axis',(-1.,0.,0.));
#2250=DIRECTION('',(-1.,0.,0.));
#2251=DIRECTION('',(-2.95713912415813E-16,-1.,0.));
#2252=DIRECTION('',(-1.,0.,0.));
#2253=DIRECTION('center_axis',(0.,0.,1.));
#2254=DIRECTION('ref_axis',(0.707106781186548,0.707106781186548,0.));
#2255=DIRECTION('',(0.,-1.,0.));
#2256=DIRECTION('',(1.,0.,0.));
#2257=DIRECTION('',(0.,1.,0.));
#2258=DIRECTION('center_axis',(0.,0.,1.));
#2259=DIRECTION('ref_axis',(1.,0.,0.));
#2260=DIRECTION('',(1.,0.,0.));
#2261=DIRECTION('',(2.95713912415813E-16,1.,0.));
#2262=DIRECTION('',(-1.,0.,0.));
#2263=DIRECTION('center_axis',(0.,0.,1.));
#2264=DIRECTION('ref_axis',(-0.707106781186548,-0.707106781186548,0.));
#2265=DIRECTION('',(0.,1.,0.));
#2266=DIRECTION('',(-1.,0.,0.));
#2267=DIRECTION('',(0.,-1.,0.));
#2268=DIRECTION('',(1.,0.,0.));
#2269=DIRECTION('',(0.,1.,0.));
#2270=DIRECTION('center_axis',(0.,0.,1.));
#2271=DIRECTION('ref_axis',(-0.707106781186548,0.707106781186548,0.));
#2272=DIRECTION('',(1.,0.,0.));
#2273=DIRECTION('',(0.,1.,0.));
#2274=DIRECTION('',(1.,0.,0.));
#2275=DIRECTION('center_axis',(0.,0.,1.));
#2276=DIRECTION('ref_axis',(0.,-1.,0.));
#2277=DIRECTION('',(-1.,0.,0.));
#2278=DIRECTION('center_axis',(0.,0.,1.));
#2279=DIRECTION('ref_axis',(0.,1.,0.));
#2280=DIRECTION('',(0.,1.,0.));
#2281=DIRECTION('',(-1.,0.,0.));
#2282=DIRECTION('',(0.,1.,0.));
#2283=DIRECTION('center_axis',(0.,0.,1.));
#2284=DIRECTION('ref_axis',(0.707106781186548,-0.707106781186548,0.));
#2285=DIRECTION('',(-1.,0.,0.));
#2286=DIRECTION('',(0.,-1.,0.));
#2287=DIRECTION('center_axis',(0.,0.,-1.));
#2288=DIRECTION('ref_axis',(-1.,0.,0.));
#2289=DIRECTION('center_axis',(0.,0.,-1.));
#2290=DIRECTION('ref_axis',(1.,0.,0.));
#2291=DIRECTION('center_axis',(0.,0.,-1.));
#2292=DIRECTION('ref_axis',(1.,0.,0.));
#2293=DIRECTION('',(0.,0.,-1.));
#2294=DIRECTION('center_axis',(0.,0.,-1.));
#2295=DIRECTION('ref_axis',(1.,0.,0.));
#2296=DIRECTION('center_axis',(0.,0.,-1.));
#2297=DIRECTION('ref_axis',(1.,0.,0.));
#2298=DIRECTION('',(0.,0.,-1.));
#2299=DIRECTION('center_axis',(0.,0.,1.));
#2300=DIRECTION('ref_axis',(1.,0.,0.));
#2301=DIRECTION('',(-1.,0.,0.));
#2302=DIRECTION('',(0.,1.,0.));
#2303=DIRECTION('',(1.,0.,0.));
#2304=DIRECTION('',(0.,1.,0.));
#2305=DIRECTION('center_axis',(-1.,0.,0.));
#2306=DIRECTION('ref_axis',(0.,0.,1.));
#2307=DIRECTION('',(0.,0.,1.));
#2308=DIRECTION('',(0.,0.,1.));
#2309=DIRECTION('center_axis',(0.,1.,0.));
#2310=DIRECTION('ref_axis',(0.,0.,1.));
#2311=DIRECTION('',(0.,0.,-1.));
#2312=DIRECTION('center_axis',(0.,0.,1.));
#2313=DIRECTION('ref_axis',(0.,1.,0.));
#2314=DIRECTION('',(-1.48029736616688E-16,-1.,0.));
#2315=DIRECTION('',(-1.,0.,0.));
#2316=DIRECTION('',(0.,1.,0.));
#2317=DIRECTION('',(-1.,0.,0.));
#2318=DIRECTION('center_axis',(0.,1.,0.));
#2319=DIRECTION('ref_axis',(0.,0.,-1.));
#2320=DIRECTION('',(0.,0.,1.));
#2321=DIRECTION('',(0.,0.,-1.));
#2322=DIRECTION('center_axis',(-1.,0.,0.));
#2323=DIRECTION('ref_axis',(0.,0.,1.));
#2324=DIRECTION('',(0.,0.,1.));
#2325=DIRECTION('center_axis',(0.,-0.707106781186548,0.707106781186548));
#2326=DIRECTION('ref_axis',(1.,0.,0.));
#2327=DIRECTION('',(0.,0.707106781186547,0.707106781186547));
#2328=DIRECTION('',(1.,0.,0.));
#2329=DIRECTION('',(-1.04672830578918E-16,-0.707106781186547,-0.707106781186547));
#2330=DIRECTION('',(1.,0.,0.));
#2331=DIRECTION('center_axis',(1.,0.,0.));
#2332=DIRECTION('ref_axis',(0.,1.,0.));
#2333=DIRECTION('',(0.,0.,1.));
#2334=DIRECTION('',(0.,-1.,0.));
#2335=DIRECTION('',(0.,0.,-1.));
#2336=DIRECTION('center_axis',(0.,-1.,0.));
#2337=DIRECTION('ref_axis',(1.,0.,0.));
#2338=DIRECTION('',(-1.,0.,0.));
#2339=DIRECTION('',(0.,0.,1.));
#2340=DIRECTION('',(0.707106781186548,0.,-0.707106781186547));
#2341=DIRECTION('center_axis',(0.707106781186547,0.,0.707106781186548));
#2342=DIRECTION('ref_axis',(0.707106781186548,0.,-0.707106781186547));
#2343=DIRECTION('',(-0.707106781186548,0.,0.707106781186547));
#2344=DIRECTION('',(0.,1.,0.));
#2345=DIRECTION('',(0.,1.,0.));
#2346=DIRECTION('center_axis',(0.,1.,0.));
#2347=DIRECTION('ref_axis',(-1.,0.,0.));
#2348=DIRECTION('',(0.,0.,1.));
#2349=DIRECTION('',(-1.,0.,0.));
#2350=DIRECTION('',(0.,0.,1.));
#2351=DIRECTION('',(0.,0.,1.));
#2352=DIRECTION('center_axis',(1.,0.,0.));
#2353=DIRECTION('ref_axis',(0.,0.,-1.));
#2354=DIRECTION('',(0.,0.,1.));
#2355=DIRECTION('center_axis',(0.,0.,1.));
#2356=DIRECTION('ref_axis',(-1.,0.,0.));
#2357=DIRECTION('center_axis',(0.,0.,-1.));
#2358=DIRECTION('ref_axis',(0.707106781186548,-0.707106781186548,0.));
#2359=DIRECTION('center_axis',(0.,0.,-1.));
#2360=DIRECTION('ref_axis',(0.707106781186548,-0.707106781186548,0.));
#2361=DIRECTION('',(0.,0.,-1.));
#2362=DIRECTION('center_axis',(1.,0.,0.));
#2363=DIRECTION('ref_axis',(0.,1.,0.));
#2364=DIRECTION('',(0.,1.,0.));
#2365=DIRECTION('',(0.,0.,1.));
#2366=DIRECTION('center_axis',(0.,-1.,0.));
#2367=DIRECTION('ref_axis',(0.,0.,-1.));
#2368=DIRECTION('',(0.,0.,1.));
#2369=DIRECTION('center_axis',(0.,0.,1.));
#2370=DIRECTION('ref_axis',(-1.,0.,0.));
#2371=DIRECTION('center_axis',(0.,0.,-1.));
#2372=DIRECTION('ref_axis',(-1.,0.,0.));
#2373=DIRECTION('',(0.,0.,-1.));
#2374=DIRECTION('center_axis',(0.,-1.,0.));
#2375=DIRECTION('ref_axis',(1.,0.,0.));
#2376=DIRECTION('',(1.,0.,0.));
#2377=DIRECTION('',(0.,0.,1.));
#2378=DIRECTION('center_axis',(-1.,1.48029736616688E-16,0.));
#2379=DIRECTION('ref_axis',(-1.48029736616688E-16,-1.,0.));
#2380=DIRECTION('',(-1.48029736616688E-16,-1.,0.));
#2381=DIRECTION('',(0.,0.,1.));
#2382=DIRECTION('center_axis',(0.,0.,1.));
#2383=DIRECTION('ref_axis',(0.,1.,0.));
#2384=DIRECTION('center_axis',(0.,0.,1.));
#2385=DIRECTION('ref_axis',(0.,1.,0.));
#2386=DIRECTION('center_axis',(0.,0.,1.));
#2387=DIRECTION('ref_axis',(-1.,0.,0.));
#2388=DIRECTION('center_axis',(0.,0.,-1.));
#2389=DIRECTION('ref_axis',(1.,0.,0.));
#2390=DIRECTION('center_axis',(0.,0.,-1.));
#2391=DIRECTION('ref_axis',(1.,0.,0.));
#2392=DIRECTION('',(0.,0.,-1.));
#2393=DIRECTION('center_axis',(0.,0.,-1.));
#2394=DIRECTION('ref_axis',(1.,0.,0.));
#2395=DIRECTION('center_axis',(0.,0.,-1.));
#2396=DIRECTION('ref_axis',(1.,0.,0.));
#2397=DIRECTION('',(0.,0.,-1.));
#2398=DIRECTION('center_axis',(0.,-1.,0.));
#2399=DIRECTION('ref_axis',(0.,0.,-1.));
#2400=DIRECTION('',(0.,0.,1.));
#2401=DIRECTION('',(0.,0.,-1.));
#2402=DIRECTION('',(1.,0.,0.));
#2403=DIRECTION('center_axis',(0.,0.,1.));
#2404=DIRECTION('ref_axis',(0.,-1.,0.));
#2405=DIRECTION('',(1.48029736616688E-16,1.,0.));
#2406=DIRECTION('',(0.,-1.,0.));
#2407=DIRECTION('',(1.,0.,0.));
#2408=DIRECTION('center_axis',(1.,0.,0.));
#2409=DIRECTION('ref_axis',(0.,0.,-1.));
#2410=DIRECTION('',(0.,0.,1.));
#2411=DIRECTION('center_axis',(1.,-1.48029736616688E-16,0.));
#2412=DIRECTION('ref_axis',(1.48029736616688E-16,1.,0.));
#2413=DIRECTION('',(0.,0.,1.));
#2414=DIRECTION('',(1.04672830578918E-16,0.707106781186547,-0.707106781186548));
#2415=DIRECTION('',(0.,0.,1.));
#2416=DIRECTION('',(1.48029736616688E-16,1.,0.));
#2417=DIRECTION('',(0.,0.,1.));
#2418=DIRECTION('center_axis',(1.,0.,0.));
#2419=DIRECTION('ref_axis',(0.,0.,1.));
#2420=DIRECTION('',(0.,0.,1.));
#2421=DIRECTION('',(0.,-1.,0.));
#2422=DIRECTION('',(0.,0.,1.));
#2423=DIRECTION('center_axis',(0.,0.,1.));
#2424=DIRECTION('ref_axis',(-1.,0.,0.));
#2425=DIRECTION('',(1.,0.,0.));
#2426=DIRECTION('',(0.,-1.,0.));
#2427=DIRECTION('',(-1.,0.,0.));
#2428=DIRECTION('center_axis',(0.,-1.,0.));
#2429=DIRECTION('ref_axis',(0.,0.,-1.));
#2430=DIRECTION('',(0.,0.,-1.));
#2431=DIRECTION('center_axis',(0.,-1.,0.));
#2432=DIRECTION('ref_axis',(1.,0.,0.));
#2433=DIRECTION('',(0.,0.,1.));
#2434=DIRECTION('',(1.,0.,0.));
#2435=DIRECTION('',(0.,0.,1.));
#2436=DIRECTION('',(0.707106781186547,0.,0.707106781186547));
#2437=DIRECTION('',(0.,0.,1.));
#2438=DIRECTION('center_axis',(0.,0.707106781186548,0.707106781186547));
#2439=DIRECTION('ref_axis',(1.,0.,0.));
#2440=DIRECTION('',(0.,-0.707106781186547,0.707106781186548));
#2441=DIRECTION('',(-1.,0.,0.));
#2442=DIRECTION('',(-1.,0.,0.));
#2443=DIRECTION('center_axis',(-1.,0.,0.));
#2444=DIRECTION('ref_axis',(0.,-1.,0.));
#2445=DIRECTION('',(0.,0.,1.));
#2446=DIRECTION('',(0.,1.,0.));
#2447=DIRECTION('',(0.,0.,1.));
#2448=DIRECTION('center_axis',(-0.707106781186548,0.,0.707106781186548));
#2449=DIRECTION('ref_axis',(0.707106781186547,0.,0.707106781186547));
#2450=DIRECTION('',(0.,-1.,0.));
#2451=DIRECTION('',(-0.707106781186547,0.,-0.707106781186547));
#2452=DIRECTION('',(0.,-1.,0.));
#2453=DIRECTION('center_axis',(-1.,0.,0.));
#2454=DIRECTION('ref_axis',(0.,0.,1.));
#2455=DIRECTION('',(0.,0.,1.));
#2456=DIRECTION('',(0.,0.,1.));
#2457=DIRECTION('center_axis',(0.,1.,0.));
#2458=DIRECTION('ref_axis',(-1.,0.,0.));
#2459=DIRECTION('',(1.,0.,0.));
#2460=DIRECTION('center_axis',(0.,0.,1.));
#2461=DIRECTION('ref_axis',(0.,1.,0.));
#2462=DIRECTION('center_axis',(0.,0.,-1.));
#2463=DIRECTION('ref_axis',(-0.707106781186548,0.707106781186548,0.));
#2464=DIRECTION('center_axis',(0.,0.,1.));
#2465=DIRECTION('ref_axis',(-0.707106781186548,0.707106781186548,0.));
#2466=DIRECTION('',(0.,0.,-1.));
#2467=DIRECTION('center_axis',(0.,1.,0.));
#2468=DIRECTION('ref_axis',(0.,0.,1.));
#2469=DIRECTION('center_axis',(-1.,0.,0.));
#2470=DIRECTION('ref_axis',(0.,-1.,0.));
#2471=DIRECTION('',(0.,-1.,0.));
#2472=DIRECTION('',(0.,0.,1.));
#2473=DIRECTION('center_axis',(0.,0.,1.));
#2474=DIRECTION('ref_axis',(-1.,0.,0.));
#2475=DIRECTION('center_axis',(0.,0.,-1.));
#2476=DIRECTION('ref_axis',(-1.,0.,0.));
#2477=DIRECTION('',(0.,0.,-1.));
#2478=DIRECTION('center_axis',(0.,1.,0.));
#2479=DIRECTION('ref_axis',(-1.,0.,0.));
#2480=DIRECTION('',(-1.,0.,0.));
#2481=DIRECTION('center_axis',(0.,0.,1.));
#2482=DIRECTION('ref_axis',(0.,-1.,0.));
#2483=DIRECTION('center_axis',(0.,0.,1.));
#2484=DIRECTION('ref_axis',(0.,-1.,0.));
#2485=DIRECTION('center_axis',(0.,0.,1.));
#2486=DIRECTION('ref_axis',(-1.,0.,0.));
#2487=DIRECTION('center_axis',(0.,0.,-1.));
#2488=DIRECTION('ref_axis',(1.,0.,0.));
#2489=DIRECTION('center_axis',(0.,0.,-1.));
#2490=DIRECTION('ref_axis',(1.,0.,0.));
#2491=DIRECTION('',(0.,0.,-1.));
#2492=DIRECTION('center_axis',(0.,0.,-1.));
#2493=DIRECTION('ref_axis',(1.,0.,0.));
#2494=DIRECTION('center_axis',(0.,0.,-1.));
#2495=DIRECTION('ref_axis',(1.,0.,0.));
#2496=DIRECTION('',(0.,0.,-1.));
#2497=DIRECTION('center_axis',(0.,0.,1.));
#2498=DIRECTION('ref_axis',(0.,-1.,0.));
#2499=DIRECTION('',(1.48029736616688E-16,1.,0.));
#2500=DIRECTION('',(1.,0.,0.));
#2501=DIRECTION('',(0.,-1.,0.));
#2502=DIRECTION('',(1.,0.,0.));
#2503=DIRECTION('center_axis',(0.,1.,0.));
#2504=DIRECTION('ref_axis',(0.,0.,1.));
#2505=DIRECTION('',(0.,0.,1.));
#2506=DIRECTION('',(0.,0.,1.));
#2507=DIRECTION('center_axis',(1.,0.,0.));
#2508=DIRECTION('ref_axis',(0.,0.,-1.));
#2509=DIRECTION('',(-9.33053568015785E-16,0.,-1.));
#2510=DIRECTION('center_axis',(0.,0.,1.));
#2511=DIRECTION('ref_axis',(1.,0.,0.));
#2512=DIRECTION('',(-1.,2.5929163194439E-16,0.));
#2513=DIRECTION('',(0.,1.,0.));
#2514=DIRECTION('',(1.,0.,0.));
#2515=DIRECTION('',(0.,1.,0.));
#2516=DIRECTION('center_axis',(1.,0.,0.));
#2517=DIRECTION('ref_axis',(0.,0.,-1.));
#2518=DIRECTION('',(0.,0.,1.));
#2519=DIRECTION('',(0.,0.,-1.));
#2520=DIRECTION('center_axis',(0.,1.,0.));
#2521=DIRECTION('ref_axis',(0.,0.,1.));
#2522=DIRECTION('',(0.,0.,1.));
#2523=DIRECTION('center_axis',(0.,-0.707106781186548,0.707106781186548));
#2524=DIRECTION('ref_axis',(1.,0.,0.));
#2525=DIRECTION('',(1.04672830578918E-16,0.707106781186547,0.707106781186547));
#2526=DIRECTION('',(1.,0.,0.));
#2527=DIRECTION('',(0.,-0.707106781186547,-0.707106781186547));
#2528=DIRECTION('',(1.,0.,0.));
#2529=DIRECTION('center_axis',(0.,-1.,0.));
#2530=DIRECTION('ref_axis',(0.,0.,-1.));
#2531=DIRECTION('',(0.,0.,1.));
#2532=DIRECTION('',(0.,0.,1.));
#2533=DIRECTION('',(0.,0.,1.));
#2534=DIRECTION('center_axis',(-1.,0.,0.));
#2535=DIRECTION('ref_axis',(0.,-1.,0.));
#2536=DIRECTION('',(0.,0.,1.));
#2537=DIRECTION('',(0.,1.,0.));
#2538=DIRECTION('center_axis',(-0.707106781186548,0.,0.707106781186548));
#2539=DIRECTION('ref_axis',(0.707106781186547,0.,0.707106781186547));
#2540=DIRECTION('',(0.707106781186547,0.,0.707106781186547));
#2541=DIRECTION('',(0.,-1.,0.));
#2542=DIRECTION('',(-0.707106781186547,1.83346871252804E-16,-0.707106781186547));
#2543=DIRECTION('',(0.,-1.,0.));
#2544=DIRECTION('center_axis',(0.,-1.,0.));
#2545=DIRECTION('ref_axis',(1.,0.,0.));
#2546=DIRECTION('',(0.,0.,1.));
#2547=DIRECTION('',(-1.,0.,0.));
#2548=DIRECTION('center_axis',(-1.,0.,0.));
#2549=DIRECTION('ref_axis',(0.,-1.,0.));
#2550=DIRECTION('',(0.,0.,1.));
#2551=DIRECTION('',(0.,-1.,0.));
#2552=DIRECTION('',(0.,0.,1.));
#2553=DIRECTION('center_axis',(0.,-1.,0.));
#2554=DIRECTION('ref_axis',(1.,0.,0.));
#2555=DIRECTION('',(0.,0.,1.));
#2556=DIRECTION('',(1.,0.,0.));
#2557=DIRECTION('center_axis',(0.,0.,1.));
#2558=DIRECTION('ref_axis',(-0.707106781186548,-0.707106781186548,0.));
#2559=DIRECTION('center_axis',(0.,0.,-1.));
#2560=DIRECTION('ref_axis',(-0.707106781186548,-0.707106781186548,0.));
#2561=DIRECTION('',(0.,0.,-1.));
#2562=DIRECTION('center_axis',(-1.,0.,0.));
#2563=DIRECTION('ref_axis',(0.,0.,1.));
#2564=DIRECTION('',(0.,0.,1.));
#2565=DIRECTION('center_axis',(0.,0.,1.));
#2566=DIRECTION('ref_axis',(-1.,0.,0.));
#2567=DIRECTION('center_axis',(0.,0.,1.));
#2568=DIRECTION('ref_axis',(-1.,0.,0.));
#2569=DIRECTION('center_axis',(0.,0.,-1.));
#2570=DIRECTION('ref_axis',(-1.,0.,0.));
#2571=DIRECTION('',(0.,0.,-1.));
#2572=DIRECTION('center_axis',(0.,0.,1.));
#2573=DIRECTION('ref_axis',(1.,0.,0.));
#2574=DIRECTION('',(0.,0.,1.));
#2575=DIRECTION('center_axis',(0.,0.,1.));
#2576=DIRECTION('ref_axis',(1.,0.,0.));
#2577=DIRECTION('',(0.,0.,1.));
#2578=DIRECTION('center_axis',(1.,-1.48029736616688E-16,0.));
#2579=DIRECTION('ref_axis',(1.48029736616688E-16,1.,0.));
#2580=DIRECTION('',(1.48029736616688E-16,1.,0.));
#2581=DIRECTION('center_axis',(2.5929163194439E-16,1.,0.));
#2582=DIRECTION('ref_axis',(-1.,2.5929163194439E-16,0.));
#2583=DIRECTION('',(-1.,2.5929163194439E-16,0.));
#2584=DIRECTION('center_axis',(0.,0.,1.));
#2585=DIRECTION('ref_axis',(-1.,0.,0.));
#2586=DIRECTION('center_axis',(0.,0.,-1.));
#2587=DIRECTION('ref_axis',(1.,0.,0.));
#2588=DIRECTION('center_axis',(0.,0.,-1.));
#2589=DIRECTION('ref_axis',(1.,0.,0.));
#2590=DIRECTION('',(0.,0.,-1.));
#2591=DIRECTION('center_axis',(0.,0.,-1.));
#2592=DIRECTION('ref_axis',(1.,0.,0.));
#2593=DIRECTION('center_axis',(0.,0.,-1.));
#2594=DIRECTION('ref_axis',(1.,0.,0.));
#2595=DIRECTION('',(0.,0.,-1.));
#2596=DIRECTION('center_axis',(0.,0.,1.));
#2597=DIRECTION('ref_axis',(0.,1.,0.));
#2598=DIRECTION('',(-1.48029736616688E-16,-1.,0.));
#2599=DIRECTION('',(-1.,0.,0.));
#2600=DIRECTION('',(0.,1.,0.));
#2601=DIRECTION('',(-1.,0.,0.));
#2602=DIRECTION('center_axis',(0.,-1.,0.));
#2603=DIRECTION('ref_axis',(0.,0.,1.));
#2604=DIRECTION('',(0.,0.,1.));
#2605=DIRECTION('',(0.,0.,1.));
#2606=DIRECTION('center_axis',(-1.,0.,0.));
#2607=DIRECTION('ref_axis',(0.,0.,1.));
#2608=DIRECTION('',(9.33053568015785E-16,0.,-1.));
#2609=DIRECTION('center_axis',(-1.,0.,0.));
#2610=DIRECTION('ref_axis',(0.,0.,-1.));
#2611=DIRECTION('',(0.,0.,1.));
#2612=DIRECTION('',(0.,0.,-1.));
#2613=DIRECTION('',(0.,-1.,0.));
#2614=DIRECTION('center_axis',(0.,0.,1.));
#2615=DIRECTION('ref_axis',(-1.,0.,0.));
#2616=DIRECTION('',(1.,-1.8897413185109E-16,0.));
#2617=DIRECTION('',(-1.,0.,0.));
#2618=DIRECTION('',(0.,-1.,0.));
#2619=DIRECTION('center_axis',(0.,-1.,0.));
#2620=DIRECTION('ref_axis',(0.,0.,-1.));
#2621=DIRECTION('',(0.,0.,1.));
#2622=DIRECTION('center_axis',(-1.8897413185109E-16,-1.,0.));
#2623=DIRECTION('ref_axis',(1.,-1.8897413185109E-16,0.));
#2624=DIRECTION('',(0.,0.,1.));
#2625=DIRECTION('',(0.707106781186547,-1.33624890100747E-16,-0.707106781186547));
#2626=DIRECTION('',(0.,0.,1.));
#2627=DIRECTION('',(1.,-1.8897413185109E-16,0.));
#2628=DIRECTION('',(0.,0.,1.));
#2629=DIRECTION('center_axis',(0.,0.707106781186548,0.707106781186548));
#2630=DIRECTION('ref_axis',(1.,0.,0.));
#2631=DIRECTION('',(-1.04672830578918E-16,-0.707106781186547,0.707106781186547));
#2632=DIRECTION('',(-1.,0.,0.));
#2633=DIRECTION('',(0.,0.707106781186547,-0.707106781186547));
#2634=DIRECTION('',(-1.,0.,0.));
#2635=DIRECTION('center_axis',(0.,1.,0.));
#2636=DIRECTION('ref_axis',(0.,0.,1.));
#2637=DIRECTION('',(0.,0.,1.));
#2638=DIRECTION('',(0.,0.,1.));
#2639=DIRECTION('',(0.,0.,1.));
#2640=DIRECTION('center_axis',(1.,0.,0.));
#2641=DIRECTION('ref_axis',(0.,1.,0.));
#2642=DIRECTION('',(0.,0.,1.));
#2643=DIRECTION('',(0.,-1.,0.));
#2644=DIRECTION('center_axis',(0.707106781186548,0.,0.707106781186548));
#2645=DIRECTION('ref_axis',(0.707106781186547,0.,-0.707106781186547));
#2646=DIRECTION('',(-0.707106781186547,0.,0.707106781186547));
#2647=DIRECTION('',(0.,1.,0.));
#2648=DIRECTION('',(0.,1.,0.));
#2649=DIRECTION('center_axis',(0.,1.,0.));
#2650=DIRECTION('ref_axis',(-1.,0.,0.));
#2651=DIRECTION('',(0.,0.,1.));
#2652=DIRECTION('',(1.,0.,0.));
#2653=DIRECTION('center_axis',(1.,0.,0.));
#2654=DIRECTION('ref_axis',(0.,1.,0.));
#2655=DIRECTION('',(0.,0.,1.));
#2656=DIRECTION('',(0.,1.,0.));
#2657=DIRECTION('center_axis',(0.,1.,0.));
#2658=DIRECTION('ref_axis',(-1.,0.,0.));
#2659=DIRECTION('',(0.,0.,1.));
#2660=DIRECTION('',(-1.,0.,0.));
#2661=DIRECTION('center_axis',(0.,0.,-1.));
#2662=DIRECTION('ref_axis',(0.707106781186548,0.707106781186548,0.));
#2663=DIRECTION('center_axis',(0.,0.,-1.));
#2664=DIRECTION('ref_axis',(0.707106781186548,0.707106781186548,0.));
#2665=DIRECTION('',(0.,0.,-1.));
#2666=DIRECTION('center_axis',(1.,0.,0.));
#2667=DIRECTION('ref_axis',(0.,0.,-1.));
#2668=DIRECTION('center_axis',(0.,0.,1.));
#2669=DIRECTION('ref_axis',(1.,0.,0.));
#2670=DIRECTION('center_axis',(0.,0.,1.));
#2671=DIRECTION('ref_axis',(-1.,0.,0.));
#2672=DIRECTION('center_axis',(0.,0.,-1.));
#2673=DIRECTION('ref_axis',(-1.,0.,0.));
#2674=DIRECTION('',(0.,0.,-1.));
#2675=DIRECTION('center_axis',(0.,0.,1.));
#2676=DIRECTION('ref_axis',(-1.,0.,0.));
#2677=DIRECTION('center_axis',(0.,0.,1.));
#2678=DIRECTION('ref_axis',(-1.,0.,0.));
#2679=DIRECTION('',(0.,0.,1.));
#2680=DIRECTION('center_axis',(-1.,1.48029736616688E-16,0.));
#2681=DIRECTION('ref_axis',(-1.48029736616688E-16,-1.,0.));
#2682=DIRECTION('',(-1.48029736616688E-16,-1.,0.));
#2683=DIRECTION('center_axis',(0.,0.,1.));
#2684=DIRECTION('ref_axis',(-1.,0.,0.));
#2685=CARTESIAN_POINT('',(0.,0.,0.));
#2686=CARTESIAN_POINT('Origin',(0.0143091602677507,-0.0714045398624457,
-0.00845064546427067));
#2687=CARTESIAN_POINT('',(0.0128091602677507,-0.0714045398624457,-0.008));
#2688=CARTESIAN_POINT('Origin',(0.0143091602677507,-0.0714045398624457,
-0.008));
#2689=CARTESIAN_POINT('',(0.0143091602677507,-0.0714045398624457,-0.00890129092854134));
#2690=CARTESIAN_POINT('',(0.0135591602677507,-0.0714045398624457,-0.00845064546427067));
#2691=CARTESIAN_POINT('Origin',(0.0143091602677507,-0.0714045398624457,
-0.004));
#2692=CARTESIAN_POINT('',(0.0128091602677507,-0.0714045398624457,0.));
#2693=CARTESIAN_POINT('Origin',(0.0143091602677507,-0.0714045398624457,
0.));
#2694=CARTESIAN_POINT('',(0.0128091602677507,-0.0714045398624457,-0.004));
#2695=CARTESIAN_POINT('Origin',(0.0143004783445734,-0.120412804453559,-0.00845064546427067));
#2696=CARTESIAN_POINT('',(0.0128004783445734,-0.120412804453559,-0.008));
#2697=CARTESIAN_POINT('Origin',(0.0143004783445734,-0.120412804453559,-0.008));
#2698=CARTESIAN_POINT('',(0.0143004783445734,-0.120412804453559,-0.00890129092854134));
#2699=CARTESIAN_POINT('',(0.0135504783445734,-0.120412804453559,-0.00845064546427067));
#2700=CARTESIAN_POINT('Origin',(0.0143004783445734,-0.120412804453559,-0.004));
#2701=CARTESIAN_POINT('',(0.0128004783445734,-0.120412804453559,0.));
#2702=CARTESIAN_POINT('Origin',(0.0143004783445734,-0.120412804453559,0.));
#2703=CARTESIAN_POINT('',(0.0128004783445734,-0.120412804453559,-0.004));
#2704=CARTESIAN_POINT('Origin',(-0.0436879075620654,-0.120394161681875,
-0.00842060243331929));
#2705=CARTESIAN_POINT('',(-0.0450879075620654,-0.120394161681875,-0.008));
#2706=CARTESIAN_POINT('Origin',(-0.0436879075620654,-0.120394161681875,
-0.008));
#2707=CARTESIAN_POINT('',(-0.0436879075620654,-0.120394161681875,-0.00884120486663859));
#2708=CARTESIAN_POINT('',(-0.0443879075620654,-0.120394161681875,-0.00842060243331929));
#2709=CARTESIAN_POINT('Origin',(-0.0436879075620654,-0.120394161681875,
-0.004));
#2710=CARTESIAN_POINT('',(-0.0450879075620654,-0.120394161681875,0.));
#2711=CARTESIAN_POINT('Origin',(-0.0436879075620654,-0.120394161681875,
0.));
#2712=CARTESIAN_POINT('',(-0.0450879075620654,-0.120394161681875,-0.004));
#2713=CARTESIAN_POINT('Origin',(-0.0437175482314244,-0.071400001525879,
-0.00545064546427076));
#2714=CARTESIAN_POINT('',(-0.0452175482314244,-0.071400001525879,-0.00500000000000009));
#2715=CARTESIAN_POINT('Origin',(-0.0437175482314244,-0.071400001525879,
-0.00500000000000009));
#2716=CARTESIAN_POINT('',(-0.0437175482314244,-0.071400001525879,-0.00590129092854143));
#2717=CARTESIAN_POINT('',(-0.0444675482314244,-0.071400001525879,-0.00545064546427076));
#2718=CARTESIAN_POINT('Origin',(-0.0437175482314244,-0.071400001525879,
-0.00100000000000009));
#2719=CARTESIAN_POINT('',(-0.0452175482314244,-0.071400001525879,-9.25926002537381E-17));
#2720=CARTESIAN_POINT('Origin',(-0.0437175482314244,-0.071400001525879,
-8.95117313604032E-17));
#2721=CARTESIAN_POINT('',(-0.0452175482314244,-0.071400001525879,-0.00100000000000009));
#2722=CARTESIAN_POINT('Origin',(0.080051303051322,-0.129843547167425,0.));
#2723=CARTESIAN_POINT('',(0.080051303051322,-0.129843547167425,0.));
#2724=CARTESIAN_POINT('',(-0.0803112098794105,-0.129843547167425,0.));
#2725=CARTESIAN_POINT('',(-0.0803112098794105,-0.129843547167425,0.));
#2726=CARTESIAN_POINT('',(-0.0803112098794105,-0.129843547167425,-0.015));
#2727=CARTESIAN_POINT('',(-0.0803112098794105,-0.129843547167425,0.));
#2728=CARTESIAN_POINT('',(0.080051303051322,-0.129843547167425,-0.015));
#2729=CARTESIAN_POINT('',(-0.0803112098794105,-0.129843547167425,-0.015));
#2730=CARTESIAN_POINT('',(0.080051303051322,-0.129843547167425,0.));
#2731=CARTESIAN_POINT('Origin',(-0.000129953414044284,0.000129953414044346,
0.));
#2732=CARTESIAN_POINT('',(-0.0425,0.03,0.));
#2733=CARTESIAN_POINT('Origin',(-0.045,0.03,0.));
#2734=CARTESIAN_POINT('Origin',(-0.000129953414044284,0.000129953414044346,
0.));
#2735=CARTESIAN_POINT('',(-0.0397465294827863,0.03975,0.));
#2736=CARTESIAN_POINT('Origin',(-0.0374965294827863,0.03975,0.));
#2737=CARTESIAN_POINT('Origin',(-0.000129953414044284,0.000129953414044346,
0.));
#2738=CARTESIAN_POINT('',(-0.057,0.0225153950481203,0.));
#2739=CARTESIAN_POINT('Origin',(-0.05475,0.0225153950481203,0.));
#2740=CARTESIAN_POINT('Origin',(-0.000129953414044284,0.000129953414044346,
0.));
#2741=CARTESIAN_POINT('',(0.0475,-0.03,0.));
#2742=CARTESIAN_POINT('Origin',(0.045,-0.03,0.));
#2743=CARTESIAN_POINT('Origin',(-0.000129953414044284,0.000129953414044346,
0.));
#2744=CARTESIAN_POINT('',(0.0355723613510915,-0.03975,0.));
#2745=CARTESIAN_POINT('Origin',(0.0378223613510915,-0.03975,0.));
#2746=CARTESIAN_POINT('Origin',(-0.000129953414044284,0.000129953414044346,
0.));
#2747=CARTESIAN_POINT('',(0.0525,-0.0225703777025695,0.));
#2748=CARTESIAN_POINT('Origin',(0.05475,-0.0225703777025695,0.));
#2749=CARTESIAN_POINT('Origin',(-0.000129953414044284,0.000129953414044346,
0.));
#2750=CARTESIAN_POINT('',(0.0475,0.03,0.));
#2751=CARTESIAN_POINT('Origin',(0.045,0.03,0.));
#2752=CARTESIAN_POINT('Origin',(-0.000129953414044284,0.000129953414044346,
0.));
#2753=CARTESIAN_POINT('',(0.0525,0.0224912357653026,0.));
#2754=CARTESIAN_POINT('Origin',(0.05475,0.0224912357653026,0.));
#2755=CARTESIAN_POINT('Origin',(-0.000129953414044284,0.000129953414044346,
0.));
#2756=CARTESIAN_POINT('',(0.035272910128542,0.03975,0.));
#2757=CARTESIAN_POINT('Origin',(0.037522910128542,0.03975,0.));
#2758=CARTESIAN_POINT('Origin',(-0.000129953414044284,0.000129953414044346,
0.));
#2759=CARTESIAN_POINT('',(-0.0425,-0.03,0.));
#2760=CARTESIAN_POINT('Origin',(-0.045,-0.03,0.));
#2761=CARTESIAN_POINT('Origin',(-0.000129953414044284,0.000129953414044346,
0.));
#2762=CARTESIAN_POINT('',(-0.0569458479489042,-0.0224912357653025,0.));
#2763=CARTESIAN_POINT('Origin',(-0.0546958479489042,-0.0224912357653025,
0.));
#2764=CARTESIAN_POINT('Origin',(-0.000129953414044284,0.000129953414044346,
0.));
#2765=CARTESIAN_POINT('',(-0.0397357790944053,-0.03975,0.));
#2766=CARTESIAN_POINT('Origin',(-0.0374857790944053,-0.03975,0.));
#2767=CARTESIAN_POINT('Origin',(0.0800513030513219,0.0601034539955136,0.));
#2768=CARTESIAN_POINT('',(0.0800513030513219,0.0601034539955136,0.));
#2769=CARTESIAN_POINT('',(0.080051303051322,-0.0598435471674249,0.));
#2770=CARTESIAN_POINT('',(0.0800513030513219,0.0601034539955136,-0.015));
#2771=CARTESIAN_POINT('',(0.080051303051322,-0.0598435471674249,-0.015));
#2772=CARTESIAN_POINT('',(0.0800513030513219,0.0601034539955136,0.));
#2773=CARTESIAN_POINT('Origin',(-0.0803112098794105,0.0601034539955136,
0.));
#2774=CARTESIAN_POINT('',(-0.0803112098794105,0.0601034539955136,0.));
#2775=CARTESIAN_POINT('',(0.0800513030513219,0.0601034539955136,0.));
#2776=CARTESIAN_POINT('',(-0.0803112098794105,0.0601034539955136,-0.015));
#2777=CARTESIAN_POINT('',(0.0800513030513219,0.0601034539955136,-0.015));
#2778=CARTESIAN_POINT('',(-0.0803112098794105,0.0601034539955136,0.));
#2779=CARTESIAN_POINT('Origin',(-0.0803112098794105,-0.0598435471674249,
0.));
#2780=CARTESIAN_POINT('',(-0.0803112098794105,0.0601034539955136,0.));
#2781=CARTESIAN_POINT('',(-0.0803112098794105,-0.0598435471674249,-0.015));
#2782=CARTESIAN_POINT('Origin',(-0.000129953414044284,0.000129953414044346,
0.));
#2783=CARTESIAN_POINT('',(-0.045,-0.03475,0.));
#2784=CARTESIAN_POINT('',(-0.045,-0.04475,0.));
#2785=CARTESIAN_POINT('',(-0.045,-0.03475,0.));
#2786=CARTESIAN_POINT('',(-0.04975,-0.03,0.));
#2787=CARTESIAN_POINT('Origin',(-0.045,-0.03,0.));
#2788=CARTESIAN_POINT('',(-0.05975,-0.03,0.));
#2789=CARTESIAN_POINT('',(-0.04975,-0.03,0.));
#2790=CARTESIAN_POINT('',(-0.05975,-0.0149824715306051,0.));
#2791=CARTESIAN_POINT('',(-0.05975,-0.0149824715306051,0.));
#2792=CARTESIAN_POINT('',(-0.0399930589655727,-0.0149824715306051,0.));
#2793=CARTESIAN_POINT('',(-0.0299930589655727,-0.0149824715306051,0.));
#2794=CARTESIAN_POINT('',(-0.0299930589655727,-0.0249824715306051,0.));
#2795=CARTESIAN_POINT('Origin',(-0.0399930589655727,-0.0249824715306051,
0.));
#2796=CARTESIAN_POINT('',(-0.0299930589655726,-0.04475,0.));
#2797=CARTESIAN_POINT('',(-0.0299930589655726,-0.03475,0.));
#2798=CARTESIAN_POINT('',(-0.0299930589655726,-0.04475,0.));
#2799=CARTESIAN_POINT('',(0.045,0.03475,0.));
#2800=CARTESIAN_POINT('',(0.045,0.04475,0.));
#2801=CARTESIAN_POINT('',(0.045,0.03475,0.));
#2802=CARTESIAN_POINT('',(0.04975,0.03,0.));
#2803=CARTESIAN_POINT('Origin',(0.045,0.03,0.));
#2804=CARTESIAN_POINT('',(0.05975,0.03,0.));
#2805=CARTESIAN_POINT('',(0.04975,0.03,0.));
#2806=CARTESIAN_POINT('',(0.05975,0.0149824715306051,0.));
#2807=CARTESIAN_POINT('',(0.05975,0.0149824715306051,0.));
#2808=CARTESIAN_POINT('',(0.040045820257084,0.0149824715306051,0.));
#2809=CARTESIAN_POINT('',(0.040045820257084,0.0149824715306051,0.));
#2810=CARTESIAN_POINT('',(0.030045820257084,0.0249824715306051,0.));
#2811=CARTESIAN_POINT('Origin',(0.040045820257084,0.0249824715306051,0.));
#2812=CARTESIAN_POINT('',(0.030045820257084,0.04475,0.));
#2813=CARTESIAN_POINT('',(0.030045820257084,0.03475,0.));
#2814=CARTESIAN_POINT('',(0.045,0.04475,0.));
#2815=CARTESIAN_POINT('',(0.045,-0.03475,0.));
#2816=CARTESIAN_POINT('',(0.045,-0.04475,0.));
#2817=CARTESIAN_POINT('',(0.045,-0.03475,0.));
#2818=CARTESIAN_POINT('',(0.0297986491117351,-0.04475,0.));
#2819=CARTESIAN_POINT('',(0.045,-0.04475,0.));
#2820=CARTESIAN_POINT('',(0.0297986491117351,-0.025140755405139,0.));
#2821=CARTESIAN_POINT('',(0.0297986491117351,-0.025140755405139,0.));
#2822=CARTESIAN_POINT('',(0.0397986491117351,-0.015140755405139,0.));
#2823=CARTESIAN_POINT('Origin',(0.0397986491117351,-0.025140755405139,0.));
#2824=CARTESIAN_POINT('',(0.05975,-0.015140755405139,0.));
#2825=CARTESIAN_POINT('',(0.04975,-0.015140755405139,0.));
#2826=CARTESIAN_POINT('',(0.05975,-0.03,0.));
#2827=CARTESIAN_POINT('',(0.05975,-0.015140755405139,0.));
#2828=CARTESIAN_POINT('',(0.04975,-0.03,0.));
#2829=CARTESIAN_POINT('',(0.04975,-0.03,0.));
#2830=CARTESIAN_POINT('Origin',(0.045,-0.03,0.));
#2831=CARTESIAN_POINT('',(-0.04975,0.03,0.));
#2832=CARTESIAN_POINT('',(-0.05975,0.03,0.));
#2833=CARTESIAN_POINT('',(-0.04975,0.03,0.));
#2834=CARTESIAN_POINT('',(-0.045,0.03475,0.));
#2835=CARTESIAN_POINT('Origin',(-0.045,0.03,0.));
#2836=CARTESIAN_POINT('',(-0.045,0.04475,0.));
#2837=CARTESIAN_POINT('',(-0.045,0.03475,0.));
#2838=CARTESIAN_POINT('',(-0.0299930589655727,0.04475,0.));
#2839=CARTESIAN_POINT('',(-0.0299930589655727,0.04475,0.));
#2840=CARTESIAN_POINT('',(-0.0299930589655727,0.0249824715306051,0.));
#2841=CARTESIAN_POINT('',(-0.0299930589655727,0.0249824715306051,0.));
#2842=CARTESIAN_POINT('',(-0.0399930589655727,0.0149824715306051,0.));
#2843=CARTESIAN_POINT('Origin',(-0.0399930589655727,0.0249824715306051,
0.));
#2844=CARTESIAN_POINT('',(-0.05975,0.0149824715306051,0.));
#2845=CARTESIAN_POINT('',(-0.04975,0.0149824715306051,0.));
#2846=CARTESIAN_POINT('',(-0.05975,0.03,0.));
#2847=CARTESIAN_POINT('Origin',(-0.000129953414044284,0.000129953414044346,
-0.015));
#2848=CARTESIAN_POINT('Origin',(-0.05475,0.0225153950481203,-0.00270377914373535));
#2849=CARTESIAN_POINT('',(-0.057,0.0225153950481203,0.00479622085626465));
#2850=CARTESIAN_POINT('Origin',(-0.05475,0.0225153950481203,0.00479622085626465));
#2851=CARTESIAN_POINT('',(-0.057,0.0225153950481203,-0.00270377914373535));
#2852=CARTESIAN_POINT('Origin',(-0.0374965294827863,0.03975,-0.00274047466219486));
#2853=CARTESIAN_POINT('',(-0.0397465294827863,0.03975,0.00475952533780514));
#2854=CARTESIAN_POINT('Origin',(-0.0374965294827863,0.03975,0.00475952533780514));
#2855=CARTESIAN_POINT('',(-0.0397465294827863,0.03975,-0.00274047466219486));
#2856=CARTESIAN_POINT('Origin',(-0.045,0.03475,0.00475952533780514));
#2857=CARTESIAN_POINT('',(-0.0299930589655727,0.03475,0.00475952533780514));
#2858=CARTESIAN_POINT('',(-0.045,0.03475,0.00475952533780514));
#2859=CARTESIAN_POINT('',(-0.0424965294827863,0.03475,0.00475952533780514));
#2860=CARTESIAN_POINT('',(-0.0299930589655727,0.04475,0.00475952533780514));
#2861=CARTESIAN_POINT('',(-0.0299930589655727,0.03475,0.00475952533780514));
#2862=CARTESIAN_POINT('',(-0.045,0.04475,0.00475952533780514));
#2863=CARTESIAN_POINT('',(-0.045,0.04475,0.00475952533780514));
#2864=CARTESIAN_POINT('',(-0.045,0.03475,0.00475952533780514));
#2865=CARTESIAN_POINT('Origin',(-0.045,0.03475,0.));
#2866=CARTESIAN_POINT('',(-0.045,0.03475,0.));
#2867=CARTESIAN_POINT('',(-0.045,0.04475,0.));
#2868=CARTESIAN_POINT('Origin',(-0.0374965294827863,0.04475,0.00237976266890257));
#2869=CARTESIAN_POINT('',(-0.0299930589655727,0.04475,0.00475952533780514));
#2870=CARTESIAN_POINT('Origin',(-0.04975,0.0149824715306051,0.00479622085626465));
#2871=CARTESIAN_POINT('',(-0.04975,0.03,0.00479622085626465));
#2872=CARTESIAN_POINT('',(-0.04975,0.0149824715306051,0.00479622085626465));
#2873=CARTESIAN_POINT('',(-0.04975,0.0224912357653025,0.00479622085626465));
#2874=CARTESIAN_POINT('',(-0.05975,0.03,0.00479622085626465));
#2875=CARTESIAN_POINT('',(-0.04975,0.03,0.00479622085626465));
#2876=CARTESIAN_POINT('',(-0.05975,0.0149824715306051,0.00479622085626465));
#2877=CARTESIAN_POINT('',(-0.05975,0.0149824715306051,0.00479622085626465));
#2878=CARTESIAN_POINT('',(-0.04975,0.0149824715306051,0.00479622085626465));
#2879=CARTESIAN_POINT('Origin',(-0.04975,0.03,0.00479622085626465));
#2880=CARTESIAN_POINT('',(-0.04975,0.03,0.));
#2881=CARTESIAN_POINT('',(-0.05975,0.03,0.00479622085626465));
#2882=CARTESIAN_POINT('Origin',(-0.05975,0.0224912357653025,0.00239811042813233));
#2883=CARTESIAN_POINT('',(-0.05975,0.0149824715306051,0.));
#2884=CARTESIAN_POINT('Origin',(-0.0448715294827863,0.0199824715306051,
0.055));
#2885=CARTESIAN_POINT('',(-0.0399930589655727,0.0149824715306051,0.05));
#2886=CARTESIAN_POINT('',(-0.0399930589655727,0.0249824715306051,0.06));
#2887=CARTESIAN_POINT('',(-0.0399930589655727,0.00748247153060509,0.0425));
#2888=CARTESIAN_POINT('',(-0.04975,0.0249824715306051,0.06));
#2889=CARTESIAN_POINT('',(-0.0473107647413932,0.0249824715306051,0.06));
#2890=CARTESIAN_POINT('',(-0.04975,0.0149824715306051,0.05));
#2891=CARTESIAN_POINT('',(-0.04975,0.00873685364795382,0.0437543821173487));
#2892=CARTESIAN_POINT('',(-0.0448715294827863,0.0149824715306051,0.05));
#2893=CARTESIAN_POINT('Origin',(-0.0399930589655727,0.0149824715306051,
0.01));
#2894=CARTESIAN_POINT('',(-0.0399930589655727,0.0149824715306051,0.01));
#2895=CARTESIAN_POINT('',(-0.0399930589655727,0.0149824715306051,0.01));
#2896=CARTESIAN_POINT('',(-0.0399930589655727,0.0249824715306051,0.01));
#2897=CARTESIAN_POINT('',(-0.0399930589655727,0.0199824715306051,0.01));
#2898=CARTESIAN_POINT('',(-0.0399930589655727,0.0249824715306051,0.005));
#2899=CARTESIAN_POINT('Origin',(-0.04975,0.0249824715306051,0.));
#2900=CARTESIAN_POINT('',(-0.0299930589655727,0.0249824715306051,0.01));
#2901=CARTESIAN_POINT('',(-0.0399930589655727,0.0249824715306051,0.01));
#2902=CARTESIAN_POINT('',(-0.0299930589655727,0.0249824715306051,0.05));
#2903=CARTESIAN_POINT('',(-0.0299930589655727,0.0249824715306051,0.01));
#2904=CARTESIAN_POINT('',(-0.0249322942241795,0.0249824715306051,0.0449392352586068));
#2905=CARTESIAN_POINT('Origin',(-0.0349930589655727,0.0298662357653026,
0.055));
#2906=CARTESIAN_POINT('',(-0.0299930589655727,0.03475,0.05));
#2907=CARTESIAN_POINT('',(-0.0399930589655727,0.03475,0.06));
#2908=CARTESIAN_POINT('',(-0.0224930589655727,0.03475,0.0425));
#2909=CARTESIAN_POINT('',(-0.0399930589655727,0.0274243536479538,0.06));
#2910=CARTESIAN_POINT('',(-0.0299930589655727,0.0298662357653026,0.05));
#2911=CARTESIAN_POINT('Origin',(-0.0399930589655727,0.03475,0.));
#2912=CARTESIAN_POINT('',(-0.045,0.03475,0.1));
#2913=CARTESIAN_POINT('',(-0.045,0.03475,0.));
#2914=CARTESIAN_POINT('',(-0.0399930589655727,0.03475,0.1));
#2915=CARTESIAN_POINT('',(-0.0278729833462074,0.03475,0.1));
#2916=CARTESIAN_POINT('',(-0.0399930589655727,0.03475,0.));
#2917=CARTESIAN_POINT('',(-0.0299930589655727,0.03475,0.01));
#2918=CARTESIAN_POINT('Origin',(-0.0299930589655727,0.0298662357653025,
0.005));
#2919=CARTESIAN_POINT('',(-0.0299930589655727,0.0249824715306051,0.005));
#2920=CARTESIAN_POINT('Origin',(-0.0399930589655727,0.0249824715306051,
0.01));
#2921=CARTESIAN_POINT('Origin',(-0.0399930589655727,0.0249824715306051,
0.01));
#2922=CARTESIAN_POINT('Origin',(-0.0399930589655727,0.0249824715306051,
0.005));
#2923=CARTESIAN_POINT('',(-0.0399930589655727,0.0149824715306051,0.005));
#2924=CARTESIAN_POINT('Origin',(-0.0399930589655727,0.0249824715306051,
0.));
#2925=CARTESIAN_POINT('',(-0.0399930589655727,0.0249824715306051,0.1));
#2926=CARTESIAN_POINT('',(-0.0399930589655727,0.0349824715306051,0.1));
#2927=CARTESIAN_POINT('',(-0.0399930589655727,0.0249824715306051,0.));
#2928=CARTESIAN_POINT('Origin',(-0.0448715294827863,0.0149824715306051,
0.005));
#2929=CARTESIAN_POINT('',(-0.04975,0.0149824715306051,0.01));
#2930=CARTESIAN_POINT('Origin',(-0.045,0.03,0.));
#2931=CARTESIAN_POINT('',(-0.0425,0.03,0.1));
#2932=CARTESIAN_POINT('Origin',(-0.045,0.03,0.1));
#2933=CARTESIAN_POINT('',(-0.0425,0.03,0.));
#2934=CARTESIAN_POINT('Origin',(-0.04975,0.0249824715306051,0.));
#2935=CARTESIAN_POINT('',(-0.04975,0.0249824715306051,0.1));
#2936=CARTESIAN_POINT('',(-0.0399930589655727,0.0249824715306051,0.1));
#2937=CARTESIAN_POINT('',(-0.04975,0.0249824715306051,0.));
#2938=CARTESIAN_POINT('Origin',(-0.04975,0.03,0.));
#2939=CARTESIAN_POINT('',(-0.04975,0.03,0.1));
#2940=CARTESIAN_POINT('',(-0.04975,0.03,0.1));
#2941=CARTESIAN_POINT('',(-0.04975,0.03,0.));
#2942=CARTESIAN_POINT('Origin',(-0.045,0.03,0.));
#2943=CARTESIAN_POINT('Origin',(-0.045,0.03,0.1));
#2944=CARTESIAN_POINT('Origin',(-0.0448715294827863,0.0298662357653025,
0.1));
#2945=CARTESIAN_POINT('Origin',(0.05475,-0.0225703777025695,-0.00286739533786966));
#2946=CARTESIAN_POINT('',(0.0525,-0.0225703777025695,0.00463260466213034));
#2947=CARTESIAN_POINT('Origin',(0.05475,-0.0225703777025695,0.00463260466213034));
#2948=CARTESIAN_POINT('',(0.0525,-0.0225703777025695,-0.00286739533786966));
#2949=CARTESIAN_POINT('Origin',(0.0378223613510915,-0.03975,-0.00286739533786966));
#2950=CARTESIAN_POINT('',(0.0355723613510915,-0.03975,0.00463260466213034));
#2951=CARTESIAN_POINT('Origin',(0.0378223613510915,-0.03975,0.00463260466213034));
#2952=CARTESIAN_POINT('',(0.0355723613510915,-0.03975,-0.00286739533786966));
#2953=CARTESIAN_POINT('Origin',(0.04975,-0.03,0.00463260466213034));
#2954=CARTESIAN_POINT('',(0.04975,-0.03,0.00463260466213034));
#2955=CARTESIAN_POINT('',(0.04975,-0.03,0.));
#2956=CARTESIAN_POINT('',(0.05975,-0.03,0.00463260466213034));
#2957=CARTESIAN_POINT('',(0.05975,-0.03,0.));
#2958=CARTESIAN_POINT('',(0.04975,-0.03,0.00463260466213034));
#2959=CARTESIAN_POINT('Origin',(0.04975,-0.015140755405139,0.00463260466213034));
#2960=CARTESIAN_POINT('',(0.04975,-0.015140755405139,0.00463260466213034));
#2961=CARTESIAN_POINT('',(0.04975,-0.0225703777025695,0.00463260466213034));
#2962=CARTESIAN_POINT('',(0.05975,-0.015140755405139,0.00463260466213034));
#2963=CARTESIAN_POINT('',(0.05975,-0.03,0.00463260466213034));
#2964=CARTESIAN_POINT('',(0.04975,-0.015140755405139,0.00463260466213034));
#2965=CARTESIAN_POINT('Origin',(0.05975,-0.0225703777025695,0.00231630233106517));
#2966=CARTESIAN_POINT('',(0.05975,-0.015140755405139,0.00463260466213034));
#2967=CARTESIAN_POINT('Origin',(0.04975,-0.03,0.));
#2968=CARTESIAN_POINT('',(0.04975,-0.015140755405139,0.0499758830700632));
#2969=CARTESIAN_POINT('',(0.04975,-0.015140755405139,0.00997588307006325));
#2970=CARTESIAN_POINT('',(0.04975,-0.025140755405139,0.0599758830700632));
#2971=CARTESIAN_POINT('',(0.04975,-0.00886159578633844,0.0436967234512627));
#2972=CARTESIAN_POINT('',(0.04975,-0.025140755405139,0.1));
#2973=CARTESIAN_POINT('',(0.04975,-0.025140755405139,0.));
#2974=CARTESIAN_POINT('',(0.04975,-0.03,0.1));
#2975=CARTESIAN_POINT('',(0.04975,-0.03,0.1));
#2976=CARTESIAN_POINT('',(0.04975,-0.03,0.));
#2977=CARTESIAN_POINT('Origin',(0.045,-0.03475,0.));
#2978=CARTESIAN_POINT('',(0.045,-0.03475,0.00463260466213034));
#2979=CARTESIAN_POINT('',(0.045,-0.03475,0.));
#2980=CARTESIAN_POINT('',(0.045,-0.04475,0.00463260466213034));
#2981=CARTESIAN_POINT('',(0.045,-0.03475,0.00463260466213034));
#2982=CARTESIAN_POINT('',(0.045,-0.04475,0.00463260466213034));
#2983=CARTESIAN_POINT('Origin',(0.045,-0.03475,0.00463260466213034));
#2984=CARTESIAN_POINT('',(0.0297986491117351,-0.03475,0.00463260466213034));
#2985=CARTESIAN_POINT('',(0.0423993245558675,-0.03475,0.00463260466213034));
#2986=CARTESIAN_POINT('',(0.0297986491117351,-0.04475,0.00463260466213034));
#2987=CARTESIAN_POINT('',(0.0297986491117351,-0.03475,0.00463260466213034));
#2988=CARTESIAN_POINT('',(0.0297986491117351,-0.04475,0.00463260466213034));
#2989=CARTESIAN_POINT('Origin',(0.0373993245558675,-0.04475,0.00231630233106517));
#2990=CARTESIAN_POINT('',(0.0297986491117351,-0.04475,0.));
#2991=CARTESIAN_POINT('Origin',(0.0397986491117351,-0.03475,0.));
#2992=CARTESIAN_POINT('',(0.045,-0.03475,0.1));
#2993=CARTESIAN_POINT('',(0.045,-0.03475,0.));
#2994=CARTESIAN_POINT('',(0.0397986491117351,-0.03475,0.1));
#2995=CARTESIAN_POINT('',(0.0215,-0.03475,0.1));
#2996=CARTESIAN_POINT('',(0.0397986491117351,-0.03475,0.0599758830700632));
#2997=CARTESIAN_POINT('',(0.0397986491117351,-0.03475,0.));
#2998=CARTESIAN_POINT('',(0.0297986491117351,-0.03475,0.0499758830700632));
#2999=CARTESIAN_POINT('',(0.0223046783442193,-0.03475,0.0424819123025474));
#3000=CARTESIAN_POINT('',(0.0297986491117351,-0.03475,0.00997588307006325));
#3001=CARTESIAN_POINT('Origin',(0.0447743245558675,-0.020140755405139,0.0549758830700633));
#3002=CARTESIAN_POINT('',(0.0397986491117351,-0.015140755405139,0.0499758830700632));
#3003=CARTESIAN_POINT('',(0.0397986491117351,-0.025140755405139,0.0599758830700632));
#3004=CARTESIAN_POINT('',(0.0397986491117351,-0.00764075540513901,0.0424758830700632));
#3005=CARTESIAN_POINT('',(0.0472621622779338,-0.025140755405139,0.0599758830700632));
#3006=CARTESIAN_POINT('',(0.0447743245558675,-0.015140755405139,0.0499758830700632));
#3007=CARTESIAN_POINT('Origin',(0.0397986491117351,-0.015140755405139,0.00997588307006325));
#3008=CARTESIAN_POINT('',(0.0397986491117351,-0.015140755405139,0.00997588307006325));
#3009=CARTESIAN_POINT('',(0.0397986491117351,-0.015140755405139,0.00997588307006325));
#3010=CARTESIAN_POINT('',(0.0397986491117351,-0.025140755405139,0.00997588307006325));
#3011=CARTESIAN_POINT('',(0.0397986491117351,-0.0249453777025695,0.00997588307006325));
#3012=CARTESIAN_POINT('',(0.0397986491117351,-0.025140755405139,0.));
#3013=CARTESIAN_POINT('Origin',(0.0347986491117351,-0.0299453777025695,
0.0549758830700633));
#3014=CARTESIAN_POINT('',(0.0397986491117351,-0.0275430665538543,0.0599758830700632));
#3015=CARTESIAN_POINT('',(0.0297986491117351,-0.025140755405139,0.0499758830700632));
#3016=CARTESIAN_POINT('',(0.0247986491117351,-0.025140755405139,0.0449758830700632));
#3017=CARTESIAN_POINT('',(0.0297986491117351,-0.0299453777025695,0.0499758830700632));
#3018=CARTESIAN_POINT('Origin',(0.0297986491117351,-0.0299453777025695,
0.00498794153503162));
#3019=CARTESIAN_POINT('',(0.0297986491117351,-0.025140755405139,0.00997588307006325));
#3020=CARTESIAN_POINT('',(0.0297986491117351,-0.025140755405139,0.00997588307006325));
#3021=CARTESIAN_POINT('',(0.0297986491117351,-0.025140755405139,0.00498794153503162));
#3022=CARTESIAN_POINT('Origin',(0.0397986491117351,-0.025140755405139,0.00997588307006325));
#3023=CARTESIAN_POINT('',(0.0397986491117351,-0.025140755405139,0.00997588307006325));
#3024=CARTESIAN_POINT('Origin',(0.0397986491117351,-0.03475,0.00997588307006325));
#3025=CARTESIAN_POINT('Origin',(0.0397986491117351,-0.025140755405139,0.00997588307006325));
#3026=CARTESIAN_POINT('Origin',(0.0397986491117351,-0.025140755405139,0.00498794153503162));
#3027=CARTESIAN_POINT('',(0.0397986491117351,-0.015140755405139,0.00498794153503162));
#3028=CARTESIAN_POINT('Origin',(0.0447743245558675,-0.015140755405139,0.00498794153503162));
#3029=CARTESIAN_POINT('Origin',(0.0397986491117351,-0.025140755405139,0.));
#3030=CARTESIAN_POINT('',(0.0397986491117351,-0.025140755405139,0.1));
#3031=CARTESIAN_POINT('',(0.0397986491117351,-0.0352208409975128,0.1));
#3032=CARTESIAN_POINT('',(0.0397986491117351,-0.025140755405139,0.));
#3033=CARTESIAN_POINT('Origin',(0.045,-0.03,0.));
#3034=CARTESIAN_POINT('',(0.0475,-0.03,0.1));
#3035=CARTESIAN_POINT('Origin',(0.045,-0.03,0.1));
#3036=CARTESIAN_POINT('',(0.0475,-0.03,0.));
#3037=CARTESIAN_POINT('Origin',(0.04975,-0.025140755405139,0.));
#3038=CARTESIAN_POINT('',(0.0396764912165048,-0.025140755405139,0.1));
#3039=CARTESIAN_POINT('Origin',(0.045,-0.03,0.));
#3040=CARTESIAN_POINT('Origin',(0.045,-0.03,0.1));
#3041=CARTESIAN_POINT('Origin',(0.0447743245558675,-0.0299453777025695,
0.1));
#3042=CARTESIAN_POINT('Origin',(0.037522910128542,0.03975,-0.00235971263517044));
#3043=CARTESIAN_POINT('',(0.035272910128542,0.03975,0.00514028736482956));
#3044=CARTESIAN_POINT('Origin',(0.037522910128542,0.03975,0.00514028736482956));
#3045=CARTESIAN_POINT('',(0.035272910128542,0.03975,-0.00235971263517044));
#3046=CARTESIAN_POINT('Origin',(0.05475,0.0224912357653026,-0.00274047466219486));
#3047=CARTESIAN_POINT('',(0.0525,0.0224912357653026,0.00475952533780514));
#3048=CARTESIAN_POINT('Origin',(0.05475,0.0224912357653026,0.00475952533780514));
#3049=CARTESIAN_POINT('',(0.0525,0.0224912357653026,-0.00274047466219486));
#3050=CARTESIAN_POINT('Origin',(0.04975,0.03,0.00475952533780514));
#3051=CARTESIAN_POINT('',(0.04975,0.0149824715306051,0.00475952533780514));
#3052=CARTESIAN_POINT('',(0.04975,0.03,0.00475952533780514));
#3053=CARTESIAN_POINT('',(0.04975,0.0274912357653025,0.00475952533780514));
#3054=CARTESIAN_POINT('',(0.05975,0.0149824715306051,0.00475952533780514));
#3055=CARTESIAN_POINT('',(0.04975,0.0149824715306051,0.00475952533780514));
#3056=CARTESIAN_POINT('',(0.05975,0.03,0.00475952533780514));
#3057=CARTESIAN_POINT('',(0.05975,0.03,0.00475952533780514));
#3058=CARTESIAN_POINT('',(0.04975,0.03,0.00475952533780514));
#3059=CARTESIAN_POINT('Origin',(0.04975,0.03,0.));
#3060=CARTESIAN_POINT('',(0.04975,0.03,0.));
#3061=CARTESIAN_POINT('',(0.05975,0.03,0.));
#3062=CARTESIAN_POINT('Origin',(0.05975,0.0224912357653026,0.00237976266890257));
#3063=CARTESIAN_POINT('',(0.05975,0.0149824715306051,0.00475952533780514));
#3064=CARTESIAN_POINT('Origin',(0.030045820257084,0.03475,0.00514028736482956));
#3065=CARTESIAN_POINT('',(0.045,0.03475,0.00514028736482956));
#3066=CARTESIAN_POINT('',(0.030045820257084,0.03475,0.00514028736482956));
#3067=CARTESIAN_POINT('',(0.037522910128542,0.03475,0.00514028736482956));
#3068=CARTESIAN_POINT('',(0.045,0.04475,0.00514028736482956));
#3069=CARTESIAN_POINT('',(0.045,0.03475,0.00514028736482956));
#3070=CARTESIAN_POINT('',(0.030045820257084,0.04475,0.00514028736482956));
#3071=CARTESIAN_POINT('',(0.030045820257084,0.04475,0.00514028736482956));
#3072=CARTESIAN_POINT('',(0.030045820257084,0.03475,0.00514028736482956));
#3073=CARTESIAN_POINT('Origin',(0.045,0.03475,0.00514028736482956));
#3074=CARTESIAN_POINT('',(0.045,0.03475,0.));
#3075=CARTESIAN_POINT('',(0.045,0.04475,0.00514028736482956));
#3076=CARTESIAN_POINT('Origin',(0.037522910128542,0.04475,0.00257014368241478));
#3077=CARTESIAN_POINT('',(0.030045820257084,0.04475,0.));
#3078=CARTESIAN_POINT('Origin',(0.044897910128542,0.0199824715306051,0.055));
#3079=CARTESIAN_POINT('',(0.04975,0.0149824715306051,0.05));
#3080=CARTESIAN_POINT('',(0.04975,0.0249824715306051,0.06));
#3081=CARTESIAN_POINT('',(0.04975,0.00748247153060509,0.0425));
#3082=CARTESIAN_POINT('',(0.040045820257084,0.0249824715306051,0.06));
#3083=CARTESIAN_POINT('',(0.042471865192813,0.0249824715306051,0.06));
#3084=CARTESIAN_POINT('',(0.040045820257084,0.0149824715306051,0.05));
#3085=CARTESIAN_POINT('',(0.040045820257084,0.00998247153060509,0.045));
#3086=CARTESIAN_POINT('',(0.044897910128542,0.0149824715306051,0.05));
#3087=CARTESIAN_POINT('Origin',(0.044897910128542,0.0149824715306051,0.005));
#3088=CARTESIAN_POINT('',(0.040045820257084,0.0149824715306051,0.01));
#3089=CARTESIAN_POINT('',(0.040045820257084,0.0149824715306051,0.01));
#3090=CARTESIAN_POINT('',(0.040045820257084,0.0149824715306051,0.005));
#3091=CARTESIAN_POINT('',(0.04975,0.0149824715306051,0.01));
#3092=CARTESIAN_POINT('Origin',(0.040045820257084,0.0249824715306051,0.01));
#3093=CARTESIAN_POINT('',(0.040045820257084,0.0249824715306051,0.01));
#3094=CARTESIAN_POINT('',(0.040045820257084,0.0249824715306051,0.));
#3095=CARTESIAN_POINT('',(0.040045820257084,0.0249824715306051,0.01));
#3096=CARTESIAN_POINT('Origin',(0.035045820257084,0.0298081178826513,0.055));
#3097=CARTESIAN_POINT('',(0.030045820257084,0.0249824715306051,0.05));
#3098=CARTESIAN_POINT('',(0.022545820257084,0.0249824715306051,0.0425));
#3099=CARTESIAN_POINT('',(0.040045820257084,0.03475,0.06));
#3100=CARTESIAN_POINT('',(0.040045820257084,0.0323081178826513,0.06));
#3101=CARTESIAN_POINT('',(0.030045820257084,0.03475,0.05));
#3102=CARTESIAN_POINT('',(0.023784365192813,0.03475,0.043738544935729));
#3103=CARTESIAN_POINT('',(0.030045820257084,0.0298081178826513,0.05));
#3104=CARTESIAN_POINT('Origin',(0.030045820257084,0.0249824715306051,0.01));
#3105=CARTESIAN_POINT('',(0.030045820257084,0.0249824715306051,0.01));
#3106=CARTESIAN_POINT('',(0.030045820257084,0.0249824715306051,0.01));
#3107=CARTESIAN_POINT('',(0.039897910128542,0.0249824715306051,0.01));
#3108=CARTESIAN_POINT('Origin',(0.040045820257084,0.03475,0.));
#3109=CARTESIAN_POINT('',(0.040045820257084,0.0249824715306051,0.1));
#3110=CARTESIAN_POINT('',(0.040045820257084,0.0249824715306051,0.));
#3111=CARTESIAN_POINT('',(0.040045820257084,0.03475,0.1));
#3112=CARTESIAN_POINT('',(0.040045820257084,0.0349824715306051,0.1));
#3113=CARTESIAN_POINT('',(0.040045820257084,0.03475,0.));
#3114=CARTESIAN_POINT('Origin',(0.040045820257084,0.0249824715306051,0.));
#3115=CARTESIAN_POINT('',(0.04975,0.0249824715306051,0.1));
#3116=CARTESIAN_POINT('',(0.04975,0.0249824715306051,0.));
#3117=CARTESIAN_POINT('',(0.040045820257084,0.0249824715306051,0.1));
#3118=CARTESIAN_POINT('Origin',(0.040045820257084,0.0249824715306051,0.005));
#3119=CARTESIAN_POINT('Origin',(0.040045820257084,0.0249824715306051,0.01));
#3120=CARTESIAN_POINT('',(0.030045820257084,0.0249824715306051,0.005));
#3121=CARTESIAN_POINT('Origin',(0.030045820257084,0.02975,0.005));
#3122=CARTESIAN_POINT('',(0.030045820257084,0.03475,0.01));
#3123=CARTESIAN_POINT('Origin',(0.04975,0.0249824715306051,0.01));
#3124=CARTESIAN_POINT('Origin',(0.045,0.03,0.));
#3125=CARTESIAN_POINT('',(0.0475,0.03,0.1));
#3126=CARTESIAN_POINT('Origin',(0.045,0.03,0.1));
#3127=CARTESIAN_POINT('',(0.0475,0.03,0.));
#3128=CARTESIAN_POINT('Origin',(0.045,0.03,0.));
#3129=CARTESIAN_POINT('',(0.045,0.03475,0.1));
#3130=CARTESIAN_POINT('',(0.045,0.03475,0.));
#3131=CARTESIAN_POINT('',(0.04975,0.03,0.1));
#3132=CARTESIAN_POINT('Origin',(0.045,0.03,0.1));
#3133=CARTESIAN_POINT('',(0.04975,0.03,0.));
#3134=CARTESIAN_POINT('Origin',(0.04975,0.0249824715306051,0.));
#3135=CARTESIAN_POINT('',(0.04975,-0.03,0.1));
#3136=CARTESIAN_POINT('Origin',(0.045,0.03475,0.));
#3137=CARTESIAN_POINT('',(0.045,0.03475,0.1));
#3138=CARTESIAN_POINT('Origin',(0.044897910128542,0.0298662357653025,0.1));
#3139=CARTESIAN_POINT('Origin',(-0.0374857790944053,-0.03975,-0.00286739533786966));
#3140=CARTESIAN_POINT('',(-0.0397357790944053,-0.03975,0.00463260466213034));
#3141=CARTESIAN_POINT('Origin',(-0.0374857790944053,-0.03975,0.00463260466213034));
#3142=CARTESIAN_POINT('',(-0.0397357790944053,-0.03975,-0.00286739533786966));
#3143=CARTESIAN_POINT('Origin',(-0.0546958479489042,-0.0224912357653025,
-0.00274047466219486));
#3144=CARTESIAN_POINT('',(-0.0569458479489042,-0.0224912357653025,0.00475952533780514));
#3145=CARTESIAN_POINT('Origin',(-0.0546958479489042,-0.0224912357653025,
0.00475952533780514));
#3146=CARTESIAN_POINT('',(-0.0569458479489042,-0.0224912357653025,-0.00274047466219486));
#3147=CARTESIAN_POINT('Origin',(-0.04975,-0.03,0.00475952533780514));
#3148=CARTESIAN_POINT('',(-0.04975,-0.0149824715306051,0.00475952533780514));
#3149=CARTESIAN_POINT('',(-0.04975,-0.03,0.00475952533780514));
#3150=CARTESIAN_POINT('',(-0.04975,-0.0274912357653025,0.00475952533780514));
#3151=CARTESIAN_POINT('',(-0.05975,-0.0149824715306051,0.00475952533780514));
#3152=CARTESIAN_POINT('',(-0.04975,-0.0149824715306051,0.00475952533780514));
#3153=CARTESIAN_POINT('',(-0.05975,-0.03,0.00475952533780514));
#3154=CARTESIAN_POINT('',(-0.05975,-0.03,0.00475952533780514));
#3155=CARTESIAN_POINT('',(-0.04975,-0.03,0.00475952533780514));
#3156=CARTESIAN_POINT('Origin',(-0.04975,-0.03,0.));
#3157=CARTESIAN_POINT('',(-0.04975,-0.03,0.));
#3158=CARTESIAN_POINT('',(-0.05975,-0.03,0.));
#3159=CARTESIAN_POINT('Origin',(-0.05975,-0.0224912357653025,0.00237976266890257));
#3160=CARTESIAN_POINT('',(-0.05975,-0.0149824715306051,0.00475952533780514));
#3161=CARTESIAN_POINT('Origin',(-0.045,-0.03475,0.00463260466213034));
#3162=CARTESIAN_POINT('',(-0.045,-0.03475,0.00463260466213034));
#3163=CARTESIAN_POINT('',(-0.045,-0.03475,0.));
#3164=CARTESIAN_POINT('',(-0.045,-0.04475,0.00463260466213034));
#3165=CARTESIAN_POINT('',(-0.045,-0.04475,0.));
#3166=CARTESIAN_POINT('',(-0.045,-0.03475,0.00463260466213034));
#3167=CARTESIAN_POINT('Origin',(-0.0299930589655726,-0.03475,0.00463260466213034));
#3168=CARTESIAN_POINT('',(-0.0299930589655726,-0.03475,0.00463260466213034));
#3169=CARTESIAN_POINT('',(-0.0374965294827863,-0.03475,0.00463260466213034));
#3170=CARTESIAN_POINT('',(-0.0299930589655726,-0.04475,0.00463260466213034));
#3171=CARTESIAN_POINT('',(-0.045,-0.04475,0.00463260466213034));
#3172=CARTESIAN_POINT('',(-0.0299930589655726,-0.03475,0.00463260466213034));
#3173=CARTESIAN_POINT('Origin',(-0.0374965294827863,-0.04475,0.00231630233106517));
#3174=CARTESIAN_POINT('',(-0.0299930589655726,-0.04475,0.00463260466213034));
#3175=CARTESIAN_POINT('Origin',(-0.045,-0.03475,0.));
#3176=CARTESIAN_POINT('',(-0.0299930589655727,-0.03475,0.0499846412168914));
#3177=CARTESIAN_POINT('',(-0.0299930589655727,-0.03475,0.00998464121689141));
#3178=CARTESIAN_POINT('',(-0.0399930589655727,-0.03475,0.0599846412168914));
#3179=CARTESIAN_POINT('',(-0.0237486339199566,-0.03475,0.0437402161712754));
#3180=CARTESIAN_POINT('',(-0.0399930589655727,-0.03475,0.1));
#3181=CARTESIAN_POINT('',(-0.0399930589655727,-0.03475,0.));
#3182=CARTESIAN_POINT('',(-0.045,-0.03475,0.1));
#3183=CARTESIAN_POINT('',(-0.045,-0.03475,0.1));
#3184=CARTESIAN_POINT('',(-0.045,-0.03475,0.));
#3185=CARTESIAN_POINT('Origin',(-0.0448715294827863,-0.0199824715306051,
0.0549846412168914));
#3186=CARTESIAN_POINT('',(-0.04975,-0.0149824715306051,0.0499846412168914));
#3187=CARTESIAN_POINT('',(-0.04975,-0.0249824715306051,0.0599846412168914));
#3188=CARTESIAN_POINT('',(-0.04975,-0.00748631122638223,0.0424884809126686));
#3189=CARTESIAN_POINT('',(-0.0399930589655727,-0.0249824715306051,0.0599846412168914));
#3190=CARTESIAN_POINT('',(-0.0424322942241795,-0.0249824715306051,0.0599846412168914));
#3191=CARTESIAN_POINT('',(-0.0399930589655727,-0.0149824715306051,0.0499846412168914));
#3192=CARTESIAN_POINT('',(-0.0399930589655727,-0.00998247153060508,0.0449846412168914));
#3193=CARTESIAN_POINT('',(-0.0448715294827863,-0.0149824715306051,0.0499846412168914));
#3194=CARTESIAN_POINT('Origin',(-0.0448715294827863,-0.0149824715306051,
0.0049923206084457));
#3195=CARTESIAN_POINT('',(-0.0399930589655727,-0.0149824715306051,0.00998464121689141));
#3196=CARTESIAN_POINT('',(-0.0399930589655727,-0.0149824715306051,0.00998464121689141));
#3197=CARTESIAN_POINT('',(-0.0399930589655727,-0.0149824715306051,0.0049923206084457));
#3198=CARTESIAN_POINT('',(-0.04975,-0.0149824715306051,0.));
#3199=CARTESIAN_POINT('Origin',(-0.0399930589655727,-0.0249824715306051,
0.00998464121689141));
#3200=CARTESIAN_POINT('',(-0.0399930589655727,-0.0249824715306051,0.00998464121689141));
#3201=CARTESIAN_POINT('',(-0.0399930589655727,-0.0249824715306051,0.));
#3202=CARTESIAN_POINT('',(-0.0399930589655726,-0.0249824715306051,0.00998464121689141));
#3203=CARTESIAN_POINT('Origin',(-0.0349930589655727,-0.0298662357653025,
0.0549846412168914));
#3204=CARTESIAN_POINT('',(-0.0299930589655727,-0.0249824715306051,0.0499846412168914));
#3205=CARTESIAN_POINT('',(-0.0224930589655727,-0.0249824715306051,0.0424846412168914));
#3206=CARTESIAN_POINT('',(-0.0399930589655727,-0.0323081178826513,0.0599846412168914));
#3207=CARTESIAN_POINT('',(-0.0299930589655727,-0.0298662357653025,0.0499846412168914));
#3208=CARTESIAN_POINT('Origin',(-0.0299930589655727,-0.0249824715306051,
0.00998464121689141));
#3209=CARTESIAN_POINT('',(-0.0299930589655727,-0.0249824715306051,0.00998464121689141));
#3210=CARTESIAN_POINT('',(-0.0299930589655727,-0.0249824715306051,0.00998464121689141));
#3211=CARTESIAN_POINT('',(-0.0398715294827863,-0.0249824715306051,0.00998464121689141));
#3212=CARTESIAN_POINT('Origin',(-0.0399930589655727,-0.03475,0.));
#3213=CARTESIAN_POINT('',(-0.0399930589655727,-0.0249824715306051,0.1));
#3214=CARTESIAN_POINT('',(-0.0399930589655727,-0.0249824715306051,0.));
#3215=CARTESIAN_POINT('',(-0.0399930589655727,-0.0349824715306051,0.1));
#3216=CARTESIAN_POINT('Origin',(-0.0399930589655727,-0.0249824715306051,
0.));
#3217=CARTESIAN_POINT('',(-0.04975,-0.0249824715306051,0.1));
#3218=CARTESIAN_POINT('',(-0.04975,-0.0249824715306051,0.));
#3219=CARTESIAN_POINT('',(-0.0399930589655727,-0.0249824715306051,0.1));
#3220=CARTESIAN_POINT('Origin',(-0.0399930589655727,-0.0249824715306051,
0.0049923206084457));
#3221=CARTESIAN_POINT('Origin',(-0.0399930589655727,-0.0249824715306051,
0.00998464121689141));
#3222=CARTESIAN_POINT('',(-0.0299930589655727,-0.0249824715306051,0.0049923206084457));
#3223=CARTESIAN_POINT('Origin',(-0.0299930589655727,-0.0298662357653025,
0.0049923206084457));
#3224=CARTESIAN_POINT('Origin',(-0.04975,-0.0249824715306051,0.00998464121689141));
#3225=CARTESIAN_POINT('Origin',(-0.045,-0.03,0.));
#3226=CARTESIAN_POINT('',(-0.0425,-0.03,0.1));
#3227=CARTESIAN_POINT('Origin',(-0.045,-0.03,0.1));
#3228=CARTESIAN_POINT('',(-0.0425,-0.03,0.));
#3229=CARTESIAN_POINT('Origin',(-0.045,-0.03,0.));
#3230=CARTESIAN_POINT('',(-0.04975,-0.03,0.1));
#3231=CARTESIAN_POINT('Origin',(-0.045,-0.03,0.1));
#3232=CARTESIAN_POINT('',(-0.04975,-0.03,0.));
#3233=CARTESIAN_POINT('Origin',(-0.04975,-0.0249824715306051,0.));
#3234=CARTESIAN_POINT('',(-0.04975,0.03,0.1));
#3235=CARTESIAN_POINT('Origin',(-0.0448715294827863,-0.0298662357653025,
0.1));
#3236=UNCERTAINTY_MEASURE_WITH_UNIT(LENGTH_MEASURE(1.E-5),#3240,
'DISTANCE_ACCURACY_VALUE',
'Maximum model space distance between geometric entities at asserted c
onnectivities');
#3237=UNCERTAINTY_MEASURE_WITH_UNIT(LENGTH_MEASURE(1.E-5),#3240,
'DISTANCE_ACCURACY_VALUE',
'Maximum model space distance between geometric entities at asserted c
onnectivities');
#3238=(
GEOMETRIC_REPRESENTATION_CONTEXT(3)
GLOBAL_UNCERTAINTY_ASSIGNED_CONTEXT((#3236))
GLOBAL_UNIT_ASSIGNED_CONTEXT((#3240,#3241,#3242))
REPRESENTATION_CONTEXT('','3D')
);
#3239=(
GEOMETRIC_REPRESENTATION_CONTEXT(3)
GLOBAL_UNCERTAINTY_ASSIGNED_CONTEXT((#3237))
GLOBAL_UNIT_ASSIGNED_CONTEXT((#3240,#3241,#3242))
REPRESENTATION_CONTEXT('','3D')
);
#3240=(
LENGTH_UNIT()
NAMED_UNIT(*)
SI_UNIT($,.METRE.)
);
#3241=(
NAMED_UNIT(*)
PLANE_ANGLE_UNIT()
SI_UNIT($,.RADIAN.)
);
#3242=(
NAMED_UNIT(*)
SI_UNIT($,.STERADIAN.)
SOLID_ANGLE_UNIT()
);
#3243=SHAPE_DEFINITION_REPRESENTATION(#3244,#3245);
#3244=PRODUCT_DEFINITION_SHAPE('',$,#3247);
#3245=SHAPE_REPRESENTATION('',(#1968),#3238);
#3246=PRODUCT_DEFINITION_CONTEXT('part definition',#3251,'design');
#3247=PRODUCT_DEFINITION('Pancake Motor Plate',
'Enclosures Master Model - Pancake Motor Plate',#3248,#3246);
#3248=PRODUCT_DEFINITION_FORMATION('',$,#3253);
#3249=PRODUCT_RELATED_PRODUCT_CATEGORY(
'Enclosures Master Model - Pancake Motor Plate',
'Enclosures Master Model - Pancake Motor Plate',(#3253));
#3250=APPLICATION_PROTOCOL_DEFINITION('international standard',
'automotive_design',2009,#3251);
#3251=APPLICATION_CONTEXT(
'Core Data for Automotive Mechanical Design Process');
#3252=PRODUCT_CONTEXT('part definition',#3251,'mechanical');
#3253=PRODUCT('Pancake Motor Plate',
'Enclosures Master Model - Pancake Motor Plate','STEP AP242 Edition 2',
(#3252));
#3254=PRESENTATION_STYLE_ASSIGNMENT((#3256));
#3255=PRESENTATION_STYLE_ASSIGNMENT((#3257));
#3256=SURFACE_STYLE_USAGE(.BOTH.,#3258);
#3257=SURFACE_STYLE_USAGE(.BOTH.,#3259);
#3258=SURFACE_SIDE_STYLE('',(#3260));
#3259=SURFACE_SIDE_STYLE('',(#3261));
#3260=SURFACE_STYLE_FILL_AREA(#3262);
#3261=SURFACE_STYLE_FILL_AREA(#3263);
#3262=FILL_AREA_STYLE('Steel - Satin',(#3264));
#3263=FILL_AREA_STYLE('Opaque(248,135,1)',(#3265));
#3264=FILL_AREA_STYLE_COLOUR('Steel - Satin',#3266);
#3265=FILL_AREA_STYLE_COLOUR('Opaque(248,135,1)',#3267);
#3266=COLOUR_RGB('Steel - Satin',0.627450980392157,0.627450980392157,0.627450980392157);
#3267=COLOUR_RGB('Opaque(248,135,1)',0.972549019607843,0.529411764705882,
0.00392156862745098);
ENDSEC;
END-ISO-10303-21;
