ISO-10303-21;
HEADER;
/* Generated by software containing ST-Developer
 * from STEP Tools, Inc. (www.steptools.com) 
 */

FILE_DESCRIPTION(
/* description */ (''),
/* implementation_level */ '2;1');

FILE_NAME(
/* name */ 'RotatingDisk.step',
/* time_stamp */ '2026-07-27T16:56:03-07:00',
/* author */ (''),
/* organization */ (''),
/* preprocessor_version */ 'ST-DEVELOPER v20.1',
/* originating_system */ 'Autodesk Translation Framework v15.8.0.0',
/* authorisation */ '');

FILE_SCHEMA (('AUTOMOTIVE_DESIGN { 1 0 10303 214 3 1 1 }'));
ENDSEC;

DATA;
#10=MECHANICAL_DESIGN_GEOMETRIC_PRESENTATION_REPRESENTATION('',(#69,#70,
#71,#72,#73,#74,#75,#76,#77,#78,#79,#80,#81,#82,#83,#84,#85,#86,#87,#88,
#89,#90,#91,#92,#93,#94,#95,#96,#97),#2447);
#11=ITEM_DEFINED_TRANSFORMATION($,$,#1444,#1607);
#12=(
REPRESENTATION_RELATIONSHIP($,$,#2458,#2457)
REPRESENTATION_RELATIONSHIP_WITH_TRANSFORMATION(#11)
SHAPE_REPRESENTATION_RELATIONSHIP()
);
#13=CONTEXT_DEPENDENT_SHAPE_REPRESENTATION(#12,#2456);
#14=NEXT_ASSEMBLY_USAGE_OCCURRENCE('External1:1','External1:1',
'External1:1',#2460,#2461,'External1:1');
#15=OPEN_SHELL('',(#1393));
#16=OPEN_SHELL('',(#1394));
#17=OPEN_SHELL('',(#1395));
#18=OPEN_SHELL('',(#1396));
#19=OPEN_SHELL('',(#1397));
#20=OPEN_SHELL('',(#1398));
#21=OPEN_SHELL('',(#1399));
#22=OPEN_SHELL('',(#1400));
#23=OPEN_SHELL('',(#1401));
#24=OPEN_SHELL('',(#1408));
#25=OPEN_SHELL('',(#1409));
#26=OPEN_SHELL('',(#1410));
#27=OPEN_SHELL('',(#1414));
#28=OPEN_SHELL('',(#1415));
#29=OPEN_SHELL('',(#1416));
#30=OPEN_SHELL('',(#1417));
#31=OPEN_SHELL('',(#1418));
#32=OPEN_SHELL('',(#1419));
#33=OPEN_SHELL('',(#1420));
#34=OPEN_SHELL('',(#1421));
#35=OPEN_SHELL('',(#1422));
#36=OPEN_SHELL('',(#1423));
#37=OPEN_SHELL('',(#1424));
#38=OPEN_SHELL('',(#1425));
#39=OPEN_SHELL('',(#1426));
#40=SHELL_BASED_SURFACE_MODEL('Body3',(#15));
#41=SHELL_BASED_SURFACE_MODEL('Body5',(#16));
#42=SHELL_BASED_SURFACE_MODEL('Body6',(#17));
#43=SHELL_BASED_SURFACE_MODEL('Body7',(#18));
#44=SHELL_BASED_SURFACE_MODEL('Body8',(#19));
#45=SHELL_BASED_SURFACE_MODEL('Body10',(#20));
#46=SHELL_BASED_SURFACE_MODEL('Body11',(#21));
#47=SHELL_BASED_SURFACE_MODEL('Body12',(#22));
#48=SHELL_BASED_SURFACE_MODEL('Body13',(#23));
#49=SHELL_BASED_SURFACE_MODEL('Body16',(#24));
#50=SHELL_BASED_SURFACE_MODEL('Body17',(#25));
#51=SHELL_BASED_SURFACE_MODEL('Body20',(#26));
#52=SHELL_BASED_SURFACE_MODEL('Body22',(#27));
#53=SHELL_BASED_SURFACE_MODEL('Body23',(#28));
#54=SHELL_BASED_SURFACE_MODEL('Body24',(#29));
#55=SHELL_BASED_SURFACE_MODEL('Body25',(#30));
#56=SHELL_BASED_SURFACE_MODEL('Body26',(#31));
#57=SHELL_BASED_SURFACE_MODEL('Body27',(#32));
#58=SHELL_BASED_SURFACE_MODEL('Body28',(#33));
#59=SHELL_BASED_SURFACE_MODEL('Body29',(#34));
#60=SHELL_BASED_SURFACE_MODEL('Body30',(#35));
#61=SHELL_BASED_SURFACE_MODEL('Body31',(#36));
#62=SHELL_BASED_SURFACE_MODEL('Body32',(#37));
#63=SHELL_BASED_SURFACE_MODEL('Body33',(#38));
#64=SHELL_BASED_SURFACE_MODEL('Body34',(#39));
#65=SHAPE_REPRESENTATION_RELATIONSHIP('SRR','None',#2458,#67);
#66=SHAPE_REPRESENTATION_RELATIONSHIP('SRR','None',#2457,#68);
#67=ADVANCED_BREP_SHAPE_REPRESENTATION('',(#98),#2446);
#68=ADVANCED_BREP_SHAPE_REPRESENTATION('',(#99,#100,#101),#2445);
#69=STYLED_ITEM('',(#2471),#98);
#70=STYLED_ITEM('',(#2471),#40);
#71=STYLED_ITEM('',(#2471),#41);
#72=STYLED_ITEM('',(#2471),#42);
#73=STYLED_ITEM('',(#2471),#43);
#74=STYLED_ITEM('',(#2471),#44);
#75=STYLED_ITEM('',(#2471),#45);
#76=STYLED_ITEM('',(#2471),#46);
#77=STYLED_ITEM('',(#2471),#47);
#78=STYLED_ITEM('',(#2471),#48);
#79=STYLED_ITEM('',(#2471),#99);
#80=STYLED_ITEM('',(#2471),#100);
#81=STYLED_ITEM('',(#2471),#49);
#82=STYLED_ITEM('',(#2471),#50);
#83=STYLED_ITEM('',(#2471),#51);
#84=STYLED_ITEM('',(#2471),#101);
#85=STYLED_ITEM('',(#2471),#52);
#86=STYLED_ITEM('',(#2471),#53);
#87=STYLED_ITEM('',(#2471),#54);
#88=STYLED_ITEM('',(#2471),#55);
#89=STYLED_ITEM('',(#2471),#56);
#90=STYLED_ITEM('',(#2471),#57);
#91=STYLED_ITEM('',(#2471),#58);
#92=STYLED_ITEM('',(#2471),#59);
#93=STYLED_ITEM('',(#2471),#60);
#94=STYLED_ITEM('',(#2471),#61);
#95=STYLED_ITEM('',(#2471),#62);
#96=STYLED_ITEM('',(#2471),#63);
#97=STYLED_ITEM('',(#2471),#64);
#98=MANIFOLD_SOLID_BREP('Body1',#1427);
#99=MANIFOLD_SOLID_BREP('Body14',#1428);
#100=MANIFOLD_SOLID_BREP('Body15',#1429);
#101=MANIFOLD_SOLID_BREP('Body21',#1430);
#102=CYLINDRICAL_SURFACE('',#1471,2.5);
#103=CYLINDRICAL_SURFACE('',#1474,2.5);
#104=CYLINDRICAL_SURFACE('',#1477,2.5);
#105=CYLINDRICAL_SURFACE('',#1480,2.5);
#106=CYLINDRICAL_SURFACE('',#1483,2.5);
#107=CYLINDRICAL_SURFACE('',#1486,2.5);
#108=CYLINDRICAL_SURFACE('',#1489,4.765);
#109=CYLINDRICAL_SURFACE('',#1493,4.765);
#110=CYLINDRICAL_SURFACE('',#1497,4.765);
#111=CYLINDRICAL_SURFACE('',#1501,4.765);
#112=CYLINDRICAL_SURFACE('',#1505,4.765);
#113=CYLINDRICAL_SURFACE('',#1509,4.765);
#114=CYLINDRICAL_SURFACE('',#1513,8.6);
#115=CYLINDRICAL_SURFACE('',#1515,3.);
#116=CYLINDRICAL_SURFACE('',#1517,3.);
#117=CYLINDRICAL_SURFACE('',#1519,3.);
#118=CYLINDRICAL_SURFACE('',#1521,3.);
#119=CYLINDRICAL_SURFACE('',#1523,128.);
#120=CYLINDRICAL_SURFACE('',#1546,4.765);
#121=CYLINDRICAL_SURFACE('',#1551,4.765);
#122=CYLINDRICAL_SURFACE('',#1562,4.765);
#123=CYLINDRICAL_SURFACE('',#1587,4.765);
#124=CYLINDRICAL_SURFACE('',#1590,4.765);
#125=CYLINDRICAL_SURFACE('',#1597,4.765);
#126=CYLINDRICAL_SURFACE('',#1600,4.765);
#127=FACE_BOUND('',#355,.T.);
#128=FACE_BOUND('',#356,.T.);
#129=FACE_BOUND('',#357,.T.);
#130=FACE_BOUND('',#358,.T.);
#131=FACE_BOUND('',#359,.T.);
#132=FACE_BOUND('',#368,.T.);
#133=FACE_BOUND('',#371,.T.);
#134=FACE_BOUND('',#374,.T.);
#135=FACE_BOUND('',#377,.T.);
#136=FACE_BOUND('',#380,.T.);
#137=FACE_BOUND('',#383,.T.);
#138=FACE_BOUND('',#391,.T.);
#139=FACE_BOUND('',#392,.T.);
#140=FACE_BOUND('',#393,.T.);
#141=FACE_BOUND('',#394,.T.);
#142=FACE_BOUND('',#395,.T.);
#143=FACE_BOUND('',#396,.T.);
#144=FACE_BOUND('',#397,.T.);
#145=FACE_BOUND('',#398,.T.);
#146=FACE_BOUND('',#399,.T.);
#147=FACE_BOUND('',#401,.T.);
#148=FACE_BOUND('',#402,.T.);
#149=FACE_BOUND('',#403,.T.);
#150=FACE_BOUND('',#404,.T.);
#151=FACE_BOUND('',#405,.T.);
#152=FACE_BOUND('',#406,.T.);
#153=FACE_BOUND('',#407,.T.);
#154=FACE_BOUND('',#408,.T.);
#155=FACE_BOUND('',#409,.T.);
#156=FACE_BOUND('',#410,.T.);
#157=FACE_BOUND('',#411,.T.);
#158=FACE_BOUND('',#412,.T.);
#159=FACE_BOUND('',#413,.T.);
#160=FACE_BOUND('',#437,.T.);
#161=FACE_BOUND('',#438,.T.);
#162=FACE_BOUND('',#439,.T.);
#163=FACE_BOUND('',#440,.T.);
#164=FACE_BOUND('',#441,.T.);
#165=FACE_BOUND('',#442,.T.);
#166=FACE_BOUND('',#443,.T.);
#167=FACE_BOUND('',#444,.T.);
#168=FACE_BOUND('',#445,.T.);
#169=FACE_BOUND('',#446,.T.);
#170=FACE_BOUND('',#447,.T.);
#171=FACE_BOUND('',#448,.T.);
#172=CIRCLE('',#1466,3.);
#173=CIRCLE('',#1467,3.);
#174=CIRCLE('',#1468,3.);
#175=CIRCLE('',#1469,3.);
#176=CIRCLE('',#1470,8.6);
#177=CIRCLE('',#1472,2.5);
#178=CIRCLE('',#1473,2.5);
#179=CIRCLE('',#1475,2.5);
#180=CIRCLE('',#1476,2.5);
#181=CIRCLE('',#1478,2.5);
#182=CIRCLE('',#1479,2.5);
#183=CIRCLE('',#1481,2.5);
#184=CIRCLE('',#1482,2.5);
#185=CIRCLE('',#1484,2.5);
#186=CIRCLE('',#1485,2.5);
#187=CIRCLE('',#1487,2.5);
#188=CIRCLE('',#1488,2.5);
#189=CIRCLE('',#1490,4.765);
#190=CIRCLE('',#1491,4.765);
#191=CIRCLE('',#1494,4.765);
#192=CIRCLE('',#1495,4.765);
#193=CIRCLE('',#1498,4.765);
#194=CIRCLE('',#1499,4.765);
#195=CIRCLE('',#1502,4.765);
#196=CIRCLE('',#1503,4.765);
#197=CIRCLE('',#1506,4.765);
#198=CIRCLE('',#1507,4.765);
#199=CIRCLE('',#1510,4.765);
#200=CIRCLE('',#1511,4.765);
#201=CIRCLE('',#1514,8.6);
#202=CIRCLE('',#1516,3.);
#203=CIRCLE('',#1518,3.);
#204=CIRCLE('',#1520,3.);
#205=CIRCLE('',#1522,3.);
#206=CIRCLE('',#1524,128.);
#207=CIRCLE('',#1525,128.);
#208=CIRCLE('',#1529,2.5);
#209=CIRCLE('',#1531,2.5);
#210=CIRCLE('',#1533,2.5);
#211=CIRCLE('',#1535,2.5);
#212=CIRCLE('',#1537,2.5);
#213=CIRCLE('',#1539,2.5);
#214=CIRCLE('',#1541,2.5);
#215=CIRCLE('',#1543,4.765);
#216=CIRCLE('',#1545,4.765);
#217=CIRCLE('',#1547,4.765);
#218=CIRCLE('',#1548,4.765);
#219=CIRCLE('',#1552,4.765);
#220=CIRCLE('',#1553,4.765);
#221=CIRCLE('',#1557,4.765);
#222=CIRCLE('',#1559,4.765);
#223=CIRCLE('',#1561,4.765);
#224=CIRCLE('',#1563,4.765);
#225=CIRCLE('',#1564,4.765);
#226=CIRCLE('',#1568,4.765);
#227=CIRCLE('',#1570,128.);
#228=CIRCLE('',#1571,2.5);
#229=CIRCLE('',#1572,3.);
#230=CIRCLE('',#1573,8.6);
#231=CIRCLE('',#1574,3.);
#232=CIRCLE('',#1575,2.5);
#233=CIRCLE('',#1576,3.);
#234=CIRCLE('',#1577,3.);
#235=CIRCLE('',#1578,2.5);
#236=CIRCLE('',#1579,2.5);
#237=CIRCLE('',#1580,2.5);
#238=CIRCLE('',#1582,2.5);
#239=CIRCLE('',#1584,2.5);
#240=CIRCLE('',#1586,2.5);
#241=CIRCLE('',#1588,4.765);
#242=CIRCLE('',#1589,4.765);
#243=CIRCLE('',#1591,4.765);
#244=CIRCLE('',#1592,4.765);
#245=CIRCLE('',#1594,4.765);
#246=CIRCLE('',#1596,4.765);
#247=CIRCLE('',#1598,4.765);
#248=CIRCLE('',#1599,4.765);
#249=CIRCLE('',#1601,4.765);
#250=CIRCLE('',#1602,4.765);
#251=CIRCLE('',#1604,2.5);
#252=CIRCLE('',#1606,2.5);
#253=FACE_OUTER_BOUND('',#334,.T.);
#254=FACE_OUTER_BOUND('',#335,.T.);
#255=FACE_OUTER_BOUND('',#336,.T.);
#256=FACE_OUTER_BOUND('',#337,.T.);
#257=FACE_OUTER_BOUND('',#338,.T.);
#258=FACE_OUTER_BOUND('',#339,.T.);
#259=FACE_OUTER_BOUND('',#340,.T.);
#260=FACE_OUTER_BOUND('',#341,.T.);
#261=FACE_OUTER_BOUND('',#342,.T.);
#262=FACE_OUTER_BOUND('',#343,.T.);
#263=FACE_OUTER_BOUND('',#344,.T.);
#264=FACE_OUTER_BOUND('',#345,.T.);
#265=FACE_OUTER_BOUND('',#346,.T.);
#266=FACE_OUTER_BOUND('',#347,.T.);
#267=FACE_OUTER_BOUND('',#348,.T.);
#268=FACE_OUTER_BOUND('',#349,.T.);
#269=FACE_OUTER_BOUND('',#350,.T.);
#270=FACE_OUTER_BOUND('',#351,.T.);
#271=FACE_OUTER_BOUND('',#352,.T.);
#272=FACE_OUTER_BOUND('',#353,.T.);
#273=FACE_OUTER_BOUND('',#354,.T.);
#274=FACE_OUTER_BOUND('',#360,.T.);
#275=FACE_OUTER_BOUND('',#361,.T.);
#276=FACE_OUTER_BOUND('',#362,.T.);
#277=FACE_OUTER_BOUND('',#363,.T.);
#278=FACE_OUTER_BOUND('',#364,.T.);
#279=FACE_OUTER_BOUND('',#365,.T.);
#280=FACE_OUTER_BOUND('',#366,.T.);
#281=FACE_OUTER_BOUND('',#367,.T.);
#282=FACE_OUTER_BOUND('',#369,.T.);
#283=FACE_OUTER_BOUND('',#370,.T.);
#284=FACE_OUTER_BOUND('',#372,.T.);
#285=FACE_OUTER_BOUND('',#373,.T.);
#286=FACE_OUTER_BOUND('',#375,.T.);
#287=FACE_OUTER_BOUND('',#376,.T.);
#288=FACE_OUTER_BOUND('',#378,.T.);
#289=FACE_OUTER_BOUND('',#379,.T.);
#290=FACE_OUTER_BOUND('',#381,.T.);
#291=FACE_OUTER_BOUND('',#382,.T.);
#292=FACE_OUTER_BOUND('',#384,.T.);
#293=FACE_OUTER_BOUND('',#385,.T.);
#294=FACE_OUTER_BOUND('',#386,.T.);
#295=FACE_OUTER_BOUND('',#387,.T.);
#296=FACE_OUTER_BOUND('',#388,.T.);
#297=FACE_OUTER_BOUND('',#389,.T.);
#298=FACE_OUTER_BOUND('',#390,.T.);
#299=FACE_OUTER_BOUND('',#400,.T.);
#300=FACE_OUTER_BOUND('',#414,.T.);
#301=FACE_OUTER_BOUND('',#415,.T.);
#302=FACE_OUTER_BOUND('',#416,.T.);
#303=FACE_OUTER_BOUND('',#417,.T.);
#304=FACE_OUTER_BOUND('',#418,.T.);
#305=FACE_OUTER_BOUND('',#419,.T.);
#306=FACE_OUTER_BOUND('',#420,.T.);
#307=FACE_OUTER_BOUND('',#421,.T.);
#308=FACE_OUTER_BOUND('',#422,.T.);
#309=FACE_OUTER_BOUND('',#423,.T.);
#310=FACE_OUTER_BOUND('',#424,.T.);
#311=FACE_OUTER_BOUND('',#425,.T.);
#312=FACE_OUTER_BOUND('',#426,.T.);
#313=FACE_OUTER_BOUND('',#427,.T.);
#314=FACE_OUTER_BOUND('',#428,.T.);
#315=FACE_OUTER_BOUND('',#429,.T.);
#316=FACE_OUTER_BOUND('',#430,.T.);
#317=FACE_OUTER_BOUND('',#431,.T.);
#318=FACE_OUTER_BOUND('',#432,.T.);
#319=FACE_OUTER_BOUND('',#433,.T.);
#320=FACE_OUTER_BOUND('',#434,.T.);
#321=FACE_OUTER_BOUND('',#435,.T.);
#322=FACE_OUTER_BOUND('',#436,.T.);
#323=FACE_OUTER_BOUND('',#449,.T.);
#324=FACE_OUTER_BOUND('',#450,.T.);
#325=FACE_OUTER_BOUND('',#451,.T.);
#326=FACE_OUTER_BOUND('',#452,.T.);
#327=FACE_OUTER_BOUND('',#453,.T.);
#328=FACE_OUTER_BOUND('',#454,.T.);
#329=FACE_OUTER_BOUND('',#455,.T.);
#330=FACE_OUTER_BOUND('',#456,.T.);
#331=FACE_OUTER_BOUND('',#457,.T.);
#332=FACE_OUTER_BOUND('',#458,.T.);
#333=FACE_OUTER_BOUND('',#459,.T.);
#334=EDGE_LOOP('',(#981,#982,#983,#984));
#335=EDGE_LOOP('',(#985,#986,#987,#988));
#336=EDGE_LOOP('',(#989,#990,#991,#992));
#337=EDGE_LOOP('',(#993,#994,#995,#996));
#338=EDGE_LOOP('',(#997,#998,#999,#1000));
#339=EDGE_LOOP('',(#1001,#1002,#1003,#1004));
#340=EDGE_LOOP('',(#1005,#1006,#1007,#1008));
#341=EDGE_LOOP('',(#1009,#1010,#1011,#1012));
#342=EDGE_LOOP('',(#1013,#1014,#1015,#1016));
#343=EDGE_LOOP('',(#1017,#1018,#1019,#1020));
#344=EDGE_LOOP('',(#1021,#1022,#1023,#1024));
#345=EDGE_LOOP('',(#1025,#1026,#1027,#1028));
#346=EDGE_LOOP('',(#1029,#1030,#1031,#1032));
#347=EDGE_LOOP('',(#1033,#1034,#1035,#1036));
#348=EDGE_LOOP('',(#1037,#1038,#1039,#1040));
#349=EDGE_LOOP('',(#1041,#1042,#1043,#1044));
#350=EDGE_LOOP('',(#1045,#1046,#1047,#1048));
#351=EDGE_LOOP('',(#1049,#1050,#1051,#1052));
#352=EDGE_LOOP('',(#1053,#1054,#1055,#1056));
#353=EDGE_LOOP('',(#1057,#1058,#1059,#1060));
#354=EDGE_LOOP('',(#1061,#1062,#1063,#1064));
#355=EDGE_LOOP('',(#1065));
#356=EDGE_LOOP('',(#1066));
#357=EDGE_LOOP('',(#1067));
#358=EDGE_LOOP('',(#1068));
#359=EDGE_LOOP('',(#1069));
#360=EDGE_LOOP('',(#1070,#1071,#1072,#1073));
#361=EDGE_LOOP('',(#1074,#1075,#1076,#1077));
#362=EDGE_LOOP('',(#1078,#1079,#1080,#1081));
#363=EDGE_LOOP('',(#1082,#1083,#1084,#1085));
#364=EDGE_LOOP('',(#1086,#1087,#1088,#1089));
#365=EDGE_LOOP('',(#1090,#1091,#1092,#1093));
#366=EDGE_LOOP('',(#1094,#1095,#1096,#1097));
#367=EDGE_LOOP('',(#1098));
#368=EDGE_LOOP('',(#1099));
#369=EDGE_LOOP('',(#1100,#1101,#1102,#1103));
#370=EDGE_LOOP('',(#1104));
#371=EDGE_LOOP('',(#1105));
#372=EDGE_LOOP('',(#1106,#1107,#1108,#1109));
#373=EDGE_LOOP('',(#1110));
#374=EDGE_LOOP('',(#1111));
#375=EDGE_LOOP('',(#1112,#1113,#1114,#1115));
#376=EDGE_LOOP('',(#1116));
#377=EDGE_LOOP('',(#1117));
#378=EDGE_LOOP('',(#1118,#1119,#1120,#1121));
#379=EDGE_LOOP('',(#1122));
#380=EDGE_LOOP('',(#1123));
#381=EDGE_LOOP('',(#1124,#1125,#1126,#1127));
#382=EDGE_LOOP('',(#1128));
#383=EDGE_LOOP('',(#1129));
#384=EDGE_LOOP('',(#1130,#1131,#1132,#1133));
#385=EDGE_LOOP('',(#1134,#1135,#1136,#1137));
#386=EDGE_LOOP('',(#1138,#1139,#1140,#1141));
#387=EDGE_LOOP('',(#1142,#1143,#1144,#1145));
#388=EDGE_LOOP('',(#1146,#1147,#1148,#1149));
#389=EDGE_LOOP('',(#1150,#1151,#1152,#1153));
#390=EDGE_LOOP('',(#1154));
#391=EDGE_LOOP('',(#1155,#1156,#1157,#1158));
#392=EDGE_LOOP('',(#1159));
#393=EDGE_LOOP('',(#1160));
#394=EDGE_LOOP('',(#1161));
#395=EDGE_LOOP('',(#1162));
#396=EDGE_LOOP('',(#1163));
#397=EDGE_LOOP('',(#1164));
#398=EDGE_LOOP('',(#1165,#1166,#1167,#1168,#1169,#1170,#1171,#1172));
#399=EDGE_LOOP('',(#1173,#1174,#1175,#1176,#1177,#1178,#1179,#1180));
#400=EDGE_LOOP('',(#1181));
#401=EDGE_LOOP('',(#1182));
#402=EDGE_LOOP('',(#1183));
#403=EDGE_LOOP('',(#1184));
#404=EDGE_LOOP('',(#1185));
#405=EDGE_LOOP('',(#1186));
#406=EDGE_LOOP('',(#1187));
#407=EDGE_LOOP('',(#1188));
#408=EDGE_LOOP('',(#1189));
#409=EDGE_LOOP('',(#1190));
#410=EDGE_LOOP('',(#1191));
#411=EDGE_LOOP('',(#1192));
#412=EDGE_LOOP('',(#1193,#1194,#1195,#1196,#1197,#1198,#1199,#1200));
#413=EDGE_LOOP('',(#1201,#1202,#1203,#1204,#1205,#1206,#1207,#1208));
#414=EDGE_LOOP('',(#1209));
#415=EDGE_LOOP('',(#1210));
#416=EDGE_LOOP('',(#1211));
#417=EDGE_LOOP('',(#1212));
#418=EDGE_LOOP('',(#1213));
#419=EDGE_LOOP('',(#1214));
#420=EDGE_LOOP('',(#1215));
#421=EDGE_LOOP('',(#1216));
#422=EDGE_LOOP('',(#1217));
#423=EDGE_LOOP('',(#1218,#1219,#1220,#1221));
#424=EDGE_LOOP('',(#1222));
#425=EDGE_LOOP('',(#1223));
#426=EDGE_LOOP('',(#1224,#1225,#1226,#1227));
#427=EDGE_LOOP('',(#1228));
#428=EDGE_LOOP('',(#1229));
#429=EDGE_LOOP('',(#1230));
#430=EDGE_LOOP('',(#1231));
#431=EDGE_LOOP('',(#1232));
#432=EDGE_LOOP('',(#1233,#1234,#1235,#1236));
#433=EDGE_LOOP('',(#1237));
#434=EDGE_LOOP('',(#1238));
#435=EDGE_LOOP('',(#1239));
#436=EDGE_LOOP('',(#1240));
#437=EDGE_LOOP('',(#1241,#1242,#1243,#1244,#1245,#1246,#1247,#1248));
#438=EDGE_LOOP('',(#1249));
#439=EDGE_LOOP('',(#1250));
#440=EDGE_LOOP('',(#1251));
#441=EDGE_LOOP('',(#1252));
#442=EDGE_LOOP('',(#1253));
#443=EDGE_LOOP('',(#1254));
#444=EDGE_LOOP('',(#1255));
#445=EDGE_LOOP('',(#1256));
#446=EDGE_LOOP('',(#1257));
#447=EDGE_LOOP('',(#1258));
#448=EDGE_LOOP('',(#1259,#1260,#1261,#1262,#1263,#1264,#1265,#1266));
#449=EDGE_LOOP('',(#1267));
#450=EDGE_LOOP('',(#1268));
#451=EDGE_LOOP('',(#1269));
#452=EDGE_LOOP('',(#1270,#1271,#1272,#1273));
#453=EDGE_LOOP('',(#1274,#1275,#1276,#1277));
#454=EDGE_LOOP('',(#1278));
#455=EDGE_LOOP('',(#1279));
#456=EDGE_LOOP('',(#1280,#1281,#1282,#1283));
#457=EDGE_LOOP('',(#1284,#1285,#1286,#1287));
#458=EDGE_LOOP('',(#1288));
#459=EDGE_LOOP('',(#1289));
#460=LINE('',#2044,#561);
#461=LINE('',#2046,#562);
#462=LINE('',#2048,#563);
#463=LINE('',#2049,#564);
#464=LINE('',#2052,#565);
#465=LINE('',#2054,#566);
#466=LINE('',#2055,#567);
#467=LINE('',#2058,#568);
#468=LINE('',#2060,#569);
#469=LINE('',#2061,#570);
#470=LINE('',#2064,#571);
#471=LINE('',#2066,#572);
#472=LINE('',#2067,#573);
#473=LINE('',#2070,#574);
#474=LINE('',#2072,#575);
#475=LINE('',#2073,#576);
#476=LINE('',#2076,#577);
#477=LINE('',#2078,#578);
#478=LINE('',#2079,#579);
#479=LINE('',#2082,#580);
#480=LINE('',#2084,#581);
#481=LINE('',#2085,#582);
#482=LINE('',#2087,#583);
#483=LINE('',#2088,#584);
#484=LINE('',#2092,#585);
#485=LINE('',#2094,#586);
#486=LINE('',#2096,#587);
#487=LINE('',#2097,#588);
#488=LINE('',#2100,#589);
#489=LINE('',#2102,#590);
#490=LINE('',#2103,#591);
#491=LINE('',#2106,#592);
#492=LINE('',#2108,#593);
#493=LINE('',#2109,#594);
#494=LINE('',#2112,#595);
#495=LINE('',#2114,#596);
#496=LINE('',#2115,#597);
#497=LINE('',#2118,#598);
#498=LINE('',#2120,#599);
#499=LINE('',#2121,#600);
#500=LINE('',#2124,#601);
#501=LINE('',#2126,#602);
#502=LINE('',#2127,#603);
#503=LINE('',#2130,#604);
#504=LINE('',#2132,#605);
#505=LINE('',#2133,#606);
#506=LINE('',#2135,#607);
#507=LINE('',#2136,#608);
#508=LINE('',#2140,#609);
#509=LINE('',#2142,#610);
#510=LINE('',#2144,#611);
#511=LINE('',#2145,#612);
#512=LINE('',#2148,#613);
#513=LINE('',#2150,#614);
#514=LINE('',#2151,#615);
#515=LINE('',#2154,#616);
#516=LINE('',#2156,#617);
#517=LINE('',#2157,#618);
#518=LINE('',#2159,#619);
#519=LINE('',#2160,#620);
#520=LINE('',#2176,#621);
#521=LINE('',#2182,#622);
#522=LINE('',#2188,#623);
#523=LINE('',#2194,#624);
#524=LINE('',#2200,#625);
#525=LINE('',#2206,#626);
#526=LINE('',#2212,#627);
#527=LINE('',#2219,#628);
#528=LINE('',#2226,#629);
#529=LINE('',#2233,#630);
#530=LINE('',#2240,#631);
#531=LINE('',#2247,#632);
#532=LINE('',#2252,#633);
#533=LINE('',#2256,#634);
#534=LINE('',#2260,#635);
#535=LINE('',#2264,#636);
#536=LINE('',#2268,#637);
#537=LINE('',#2274,#638);
#538=LINE('',#2309,#639);
#539=LINE('',#2317,#640);
#540=LINE('',#2334,#641);
#541=LINE('',#2346,#642);
#542=LINE('',#2348,#643);
#543=LINE('',#2350,#644);
#544=LINE('',#2352,#645);
#545=LINE('',#2354,#646);
#546=LINE('',#2356,#647);
#547=LINE('',#2358,#648);
#548=LINE('',#2359,#649);
#549=LINE('',#2382,#650);
#550=LINE('',#2384,#651);
#551=LINE('',#2386,#652);
#552=LINE('',#2388,#653);
#553=LINE('',#2390,#654);
#554=LINE('',#2392,#655);
#555=LINE('',#2394,#656);
#556=LINE('',#2395,#657);
#557=LINE('',#2409,#658);
#558=LINE('',#2415,#659);
#559=LINE('',#2427,#660);
#560=LINE('',#2433,#661);
#561=VECTOR('',#1614,10.);
#562=VECTOR('',#1615,10.);
#563=VECTOR('',#1616,10.);
#564=VECTOR('',#1617,10.);
#565=VECTOR('',#1620,10.);
#566=VECTOR('',#1621,10.);
#567=VECTOR('',#1622,10.);
#568=VECTOR('',#1625,10.);
#569=VECTOR('',#1626,10.);
#570=VECTOR('',#1627,10.);
#571=VECTOR('',#1630,10.);
#572=VECTOR('',#1631,10.);
#573=VECTOR('',#1632,10.);
#574=VECTOR('',#1635,10.);
#575=VECTOR('',#1636,10.);
#576=VECTOR('',#1637,10.);
#577=VECTOR('',#1640,10.);
#578=VECTOR('',#1641,10.);
#579=VECTOR('',#1642,10.);
#580=VECTOR('',#1645,10.);
#581=VECTOR('',#1646,10.);
#582=VECTOR('',#1647,10.);
#583=VECTOR('',#1650,10.);
#584=VECTOR('',#1651,10.);
#585=VECTOR('',#1654,10.);
#586=VECTOR('',#1655,10.);
#587=VECTOR('',#1656,10.);
#588=VECTOR('',#1657,10.);
#589=VECTOR('',#1660,10.);
#590=VECTOR('',#1661,10.);
#591=VECTOR('',#1662,10.);
#592=VECTOR('',#1665,10.);
#593=VECTOR('',#1666,10.);
#594=VECTOR('',#1667,10.);
#595=VECTOR('',#1670,10.);
#596=VECTOR('',#1671,10.);
#597=VECTOR('',#1672,10.);
#598=VECTOR('',#1675,10.);
#599=VECTOR('',#1676,10.);
#600=VECTOR('',#1677,10.);
#601=VECTOR('',#1680,10.);
#602=VECTOR('',#1681,10.);
#603=VECTOR('',#1682,10.);
#604=VECTOR('',#1685,10.);
#605=VECTOR('',#1686,10.);
#606=VECTOR('',#1687,10.);
#607=VECTOR('',#1690,10.);
#608=VECTOR('',#1691,10.);
#609=VECTOR('',#1694,10.);
#610=VECTOR('',#1695,10.);
#611=VECTOR('',#1696,10.);
#612=VECTOR('',#1697,10.);
#613=VECTOR('',#1700,10.);
#614=VECTOR('',#1701,10.);
#615=VECTOR('',#1702,10.);
#616=VECTOR('',#1705,10.);
#617=VECTOR('',#1706,10.);
#618=VECTOR('',#1707,10.);
#619=VECTOR('',#1710,10.);
#620=VECTOR('',#1711,10.);
#621=VECTOR('',#1728,2.5);
#622=VECTOR('',#1735,2.5);
#623=VECTOR('',#1742,2.5);
#624=VECTOR('',#1749,2.5);
#625=VECTOR('',#1756,2.5);
#626=VECTOR('',#1763,2.5);
#627=VECTOR('',#1770,4.765);
#628=VECTOR('',#1779,4.765);
#629=VECTOR('',#1788,4.765);
#630=VECTOR('',#1797,4.765);
#631=VECTOR('',#1806,4.765);
#632=VECTOR('',#1815,4.765);
#633=VECTOR('',#1822,8.6);
#634=VECTOR('',#1827,3.);
#635=VECTOR('',#1832,3.);
#636=VECTOR('',#1837,3.);
#637=VECTOR('',#1842,3.);
#638=VECTOR('',#1849,128.);
#639=VECTOR('',#1896,4.765);
#640=VECTOR('',#1907,4.765);
#641=VECTOR('',#1930,4.765);
#642=VECTOR('',#1945,10.);
#643=VECTOR('',#1946,10.);
#644=VECTOR('',#1947,10.);
#645=VECTOR('',#1948,10.);
#646=VECTOR('',#1949,10.);
#647=VECTOR('',#1950,10.);
#648=VECTOR('',#1951,10.);
#649=VECTOR('',#1952,10.);
#650=VECTOR('',#1973,10.);
#651=VECTOR('',#1974,10.);
#652=VECTOR('',#1975,10.);
#653=VECTOR('',#1976,10.);
#654=VECTOR('',#1977,10.);
#655=VECTOR('',#1978,10.);
#656=VECTOR('',#1979,10.);
#657=VECTOR('',#1980,10.);
#658=VECTOR('',#1997,4.765);
#659=VECTOR('',#2004,4.765);
#660=VECTOR('',#2019,4.765);
#661=VECTOR('',#2026,4.765);
#662=VERTEX_POINT('',#2042);
#663=VERTEX_POINT('',#2043);
#664=VERTEX_POINT('',#2045);
#665=VERTEX_POINT('',#2047);
#666=VERTEX_POINT('',#2051);
#667=VERTEX_POINT('',#2053);
#668=VERTEX_POINT('',#2057);
#669=VERTEX_POINT('',#2059);
#670=VERTEX_POINT('',#2063);
#671=VERTEX_POINT('',#2065);
#672=VERTEX_POINT('',#2069);
#673=VERTEX_POINT('',#2071);
#674=VERTEX_POINT('',#2075);
#675=VERTEX_POINT('',#2077);
#676=VERTEX_POINT('',#2081);
#677=VERTEX_POINT('',#2083);
#678=VERTEX_POINT('',#2090);
#679=VERTEX_POINT('',#2091);
#680=VERTEX_POINT('',#2093);
#681=VERTEX_POINT('',#2095);
#682=VERTEX_POINT('',#2099);
#683=VERTEX_POINT('',#2101);
#684=VERTEX_POINT('',#2105);
#685=VERTEX_POINT('',#2107);
#686=VERTEX_POINT('',#2111);
#687=VERTEX_POINT('',#2113);
#688=VERTEX_POINT('',#2117);
#689=VERTEX_POINT('',#2119);
#690=VERTEX_POINT('',#2123);
#691=VERTEX_POINT('',#2125);
#692=VERTEX_POINT('',#2129);
#693=VERTEX_POINT('',#2131);
#694=VERTEX_POINT('',#2138);
#695=VERTEX_POINT('',#2139);
#696=VERTEX_POINT('',#2141);
#697=VERTEX_POINT('',#2143);
#698=VERTEX_POINT('',#2147);
#699=VERTEX_POINT('',#2149);
#700=VERTEX_POINT('',#2153);
#701=VERTEX_POINT('',#2155);
#702=VERTEX_POINT('',#2162);
#703=VERTEX_POINT('',#2164);
#704=VERTEX_POINT('',#2166);
#705=VERTEX_POINT('',#2168);
#706=VERTEX_POINT('',#2170);
#707=VERTEX_POINT('',#2173);
#708=VERTEX_POINT('',#2175);
#709=VERTEX_POINT('',#2179);
#710=VERTEX_POINT('',#2181);
#711=VERTEX_POINT('',#2185);
#712=VERTEX_POINT('',#2187);
#713=VERTEX_POINT('',#2191);
#714=VERTEX_POINT('',#2193);
#715=VERTEX_POINT('',#2197);
#716=VERTEX_POINT('',#2199);
#717=VERTEX_POINT('',#2203);
#718=VERTEX_POINT('',#2205);
#719=VERTEX_POINT('',#2209);
#720=VERTEX_POINT('',#2211);
#721=VERTEX_POINT('',#2216);
#722=VERTEX_POINT('',#2218);
#723=VERTEX_POINT('',#2223);
#724=VERTEX_POINT('',#2225);
#725=VERTEX_POINT('',#2230);
#726=VERTEX_POINT('',#2232);
#727=VERTEX_POINT('',#2237);
#728=VERTEX_POINT('',#2239);
#729=VERTEX_POINT('',#2244);
#730=VERTEX_POINT('',#2246);
#731=VERTEX_POINT('',#2251);
#732=VERTEX_POINT('',#2255);
#733=VERTEX_POINT('',#2259);
#734=VERTEX_POINT('',#2263);
#735=VERTEX_POINT('',#2267);
#736=VERTEX_POINT('',#2271);
#737=VERTEX_POINT('',#2273);
#738=VERTEX_POINT('',#2279);
#739=VERTEX_POINT('',#2282);
#740=VERTEX_POINT('',#2285);
#741=VERTEX_POINT('',#2288);
#742=VERTEX_POINT('',#2291);
#743=VERTEX_POINT('',#2294);
#744=VERTEX_POINT('',#2297);
#745=VERTEX_POINT('',#2300);
#746=VERTEX_POINT('',#2303);
#747=VERTEX_POINT('',#2306);
#748=VERTEX_POINT('',#2308);
#749=VERTEX_POINT('',#2314);
#750=VERTEX_POINT('',#2316);
#751=VERTEX_POINT('',#2322);
#752=VERTEX_POINT('',#2325);
#753=VERTEX_POINT('',#2328);
#754=VERTEX_POINT('',#2331);
#755=VERTEX_POINT('',#2333);
#756=VERTEX_POINT('',#2339);
#757=VERTEX_POINT('',#2342);
#758=VERTEX_POINT('',#2344);
#759=VERTEX_POINT('',#2345);
#760=VERTEX_POINT('',#2347);
#761=VERTEX_POINT('',#2349);
#762=VERTEX_POINT('',#2351);
#763=VERTEX_POINT('',#2353);
#764=VERTEX_POINT('',#2355);
#765=VERTEX_POINT('',#2357);
#766=VERTEX_POINT('',#2360);
#767=VERTEX_POINT('',#2362);
#768=VERTEX_POINT('',#2364);
#769=VERTEX_POINT('',#2366);
#770=VERTEX_POINT('',#2368);
#771=VERTEX_POINT('',#2370);
#772=VERTEX_POINT('',#2372);
#773=VERTEX_POINT('',#2374);
#774=VERTEX_POINT('',#2376);
#775=VERTEX_POINT('',#2378);
#776=VERTEX_POINT('',#2380);
#777=VERTEX_POINT('',#2381);
#778=VERTEX_POINT('',#2383);
#779=VERTEX_POINT('',#2385);
#780=VERTEX_POINT('',#2387);
#781=VERTEX_POINT('',#2389);
#782=VERTEX_POINT('',#2391);
#783=VERTEX_POINT('',#2393);
#784=VERTEX_POINT('',#2397);
#785=VERTEX_POINT('',#2400);
#786=VERTEX_POINT('',#2403);
#787=VERTEX_POINT('',#2406);
#788=VERTEX_POINT('',#2408);
#789=VERTEX_POINT('',#2412);
#790=VERTEX_POINT('',#2414);
#791=VERTEX_POINT('',#2418);
#792=VERTEX_POINT('',#2421);
#793=VERTEX_POINT('',#2424);
#794=VERTEX_POINT('',#2426);
#795=VERTEX_POINT('',#2430);
#796=VERTEX_POINT('',#2432);
#797=VERTEX_POINT('',#2436);
#798=VERTEX_POINT('',#2439);
#799=EDGE_CURVE('',#662,#663,#460,.T.);
#800=EDGE_CURVE('',#662,#664,#461,.T.);
#801=EDGE_CURVE('',#665,#664,#462,.T.);
#802=EDGE_CURVE('',#663,#665,#463,.T.);
#803=EDGE_CURVE('',#663,#666,#464,.T.);
#804=EDGE_CURVE('',#667,#665,#465,.T.);
#805=EDGE_CURVE('',#666,#667,#466,.T.);
#806=EDGE_CURVE('',#666,#668,#467,.T.);
#807=EDGE_CURVE('',#669,#667,#468,.T.);
#808=EDGE_CURVE('',#668,#669,#469,.T.);
#809=EDGE_CURVE('',#668,#670,#470,.T.);
#810=EDGE_CURVE('',#671,#669,#471,.T.);
#811=EDGE_CURVE('',#670,#671,#472,.T.);
#812=EDGE_CURVE('',#670,#672,#473,.T.);
#813=EDGE_CURVE('',#673,#671,#474,.T.);
#814=EDGE_CURVE('',#672,#673,#475,.T.);
#815=EDGE_CURVE('',#674,#662,#476,.T.);
#816=EDGE_CURVE('',#674,#675,#477,.T.);
#817=EDGE_CURVE('',#664,#675,#478,.T.);
#818=EDGE_CURVE('',#676,#674,#479,.T.);
#819=EDGE_CURVE('',#676,#677,#480,.T.);
#820=EDGE_CURVE('',#675,#677,#481,.T.);
#821=EDGE_CURVE('',#672,#676,#482,.T.);
#822=EDGE_CURVE('',#677,#673,#483,.T.);
#823=EDGE_CURVE('',#678,#679,#484,.T.);
#824=EDGE_CURVE('',#678,#680,#485,.T.);
#825=EDGE_CURVE('',#681,#680,#486,.T.);
#826=EDGE_CURVE('',#679,#681,#487,.T.);
#827=EDGE_CURVE('',#679,#682,#488,.T.);
#828=EDGE_CURVE('',#683,#681,#489,.T.);
#829=EDGE_CURVE('',#682,#683,#490,.T.);
#830=EDGE_CURVE('',#682,#684,#491,.T.);
#831=EDGE_CURVE('',#685,#683,#492,.T.);
#832=EDGE_CURVE('',#684,#685,#493,.T.);
#833=EDGE_CURVE('',#684,#686,#494,.T.);
#834=EDGE_CURVE('',#687,#685,#495,.T.);
#835=EDGE_CURVE('',#686,#687,#496,.T.);
#836=EDGE_CURVE('',#686,#688,#497,.T.);
#837=EDGE_CURVE('',#689,#687,#498,.T.);
#838=EDGE_CURVE('',#688,#689,#499,.T.);
#839=EDGE_CURVE('',#690,#678,#500,.T.);
#840=EDGE_CURVE('',#690,#691,#501,.T.);
#841=EDGE_CURVE('',#680,#691,#502,.T.);
#842=EDGE_CURVE('',#692,#690,#503,.T.);
#843=EDGE_CURVE('',#692,#693,#504,.T.);
#844=EDGE_CURVE('',#691,#693,#505,.T.);
#845=EDGE_CURVE('',#688,#692,#506,.T.);
#846=EDGE_CURVE('',#693,#689,#507,.T.);
#847=EDGE_CURVE('',#694,#695,#508,.T.);
#848=EDGE_CURVE('',#694,#696,#509,.T.);
#849=EDGE_CURVE('',#696,#697,#510,.T.);
#850=EDGE_CURVE('',#695,#697,#511,.T.);
#851=EDGE_CURVE('',#695,#698,#512,.T.);
#852=EDGE_CURVE('',#697,#699,#513,.T.);
#853=EDGE_CURVE('',#698,#699,#514,.T.);
#854=EDGE_CURVE('',#698,#700,#515,.T.);
#855=EDGE_CURVE('',#699,#701,#516,.T.);
#856=EDGE_CURVE('',#700,#701,#517,.T.);
#857=EDGE_CURVE('',#700,#694,#518,.T.);
#858=EDGE_CURVE('',#701,#696,#519,.T.);
#859=EDGE_CURVE('',#702,#702,#172,.T.);
#860=EDGE_CURVE('',#703,#703,#173,.T.);
#861=EDGE_CURVE('',#704,#704,#174,.T.);
#862=EDGE_CURVE('',#705,#705,#175,.T.);
#863=EDGE_CURVE('',#706,#706,#176,.T.);
#864=EDGE_CURVE('',#707,#707,#177,.T.);
#865=EDGE_CURVE('',#707,#708,#520,.T.);
#866=EDGE_CURVE('',#708,#708,#178,.T.);
#867=EDGE_CURVE('',#709,#709,#179,.T.);
#868=EDGE_CURVE('',#709,#710,#521,.T.);
#869=EDGE_CURVE('',#710,#710,#180,.T.);
#870=EDGE_CURVE('',#711,#711,#181,.T.);
#871=EDGE_CURVE('',#711,#712,#522,.T.);
#872=EDGE_CURVE('',#712,#712,#182,.T.);
#873=EDGE_CURVE('',#713,#713,#183,.T.);
#874=EDGE_CURVE('',#713,#714,#523,.T.);
#875=EDGE_CURVE('',#714,#714,#184,.T.);
#876=EDGE_CURVE('',#715,#715,#185,.T.);
#877=EDGE_CURVE('',#715,#716,#524,.T.);
#878=EDGE_CURVE('',#716,#716,#186,.T.);
#879=EDGE_CURVE('',#717,#717,#187,.T.);
#880=EDGE_CURVE('',#717,#718,#525,.T.);
#881=EDGE_CURVE('',#718,#718,#188,.T.);
#882=EDGE_CURVE('',#719,#719,#189,.T.);
#883=EDGE_CURVE('',#719,#720,#526,.T.);
#884=EDGE_CURVE('',#720,#720,#190,.T.);
#885=EDGE_CURVE('',#721,#721,#191,.T.);
#886=EDGE_CURVE('',#721,#722,#527,.T.);
#887=EDGE_CURVE('',#722,#722,#192,.T.);
#888=EDGE_CURVE('',#723,#723,#193,.T.);
#889=EDGE_CURVE('',#723,#724,#528,.T.);
#890=EDGE_CURVE('',#724,#724,#194,.T.);
#891=EDGE_CURVE('',#725,#725,#195,.T.);
#892=EDGE_CURVE('',#725,#726,#529,.T.);
#893=EDGE_CURVE('',#726,#726,#196,.T.);
#894=EDGE_CURVE('',#727,#727,#197,.T.);
#895=EDGE_CURVE('',#727,#728,#530,.T.);
#896=EDGE_CURVE('',#728,#728,#198,.T.);
#897=EDGE_CURVE('',#729,#729,#199,.T.);
#898=EDGE_CURVE('',#729,#730,#531,.T.);
#899=EDGE_CURVE('',#730,#730,#200,.T.);
#900=EDGE_CURVE('',#706,#731,#532,.T.);
#901=EDGE_CURVE('',#731,#731,#201,.T.);
#902=EDGE_CURVE('',#705,#732,#533,.T.);
#903=EDGE_CURVE('',#732,#732,#202,.T.);
#904=EDGE_CURVE('',#704,#733,#534,.T.);
#905=EDGE_CURVE('',#733,#733,#203,.T.);
#906=EDGE_CURVE('',#703,#734,#535,.T.);
#907=EDGE_CURVE('',#734,#734,#204,.T.);
#908=EDGE_CURVE('',#702,#735,#536,.T.);
#909=EDGE_CURVE('',#735,#735,#205,.T.);
#910=EDGE_CURVE('',#736,#736,#206,.T.);
#911=EDGE_CURVE('',#736,#737,#537,.T.);
#912=EDGE_CURVE('',#737,#737,#207,.T.);
#913=EDGE_CURVE('',#738,#738,#208,.T.);
#914=EDGE_CURVE('',#739,#739,#209,.T.);
#915=EDGE_CURVE('',#740,#740,#210,.T.);
#916=EDGE_CURVE('',#741,#741,#211,.T.);
#917=EDGE_CURVE('',#742,#742,#212,.T.);
#918=EDGE_CURVE('',#743,#743,#213,.T.);
#919=EDGE_CURVE('',#744,#744,#214,.T.);
#920=EDGE_CURVE('',#745,#745,#215,.T.);
#921=EDGE_CURVE('',#746,#746,#216,.T.);
#922=EDGE_CURVE('',#747,#747,#217,.T.);
#923=EDGE_CURVE('',#747,#748,#538,.T.);
#924=EDGE_CURVE('',#748,#748,#218,.T.);
#925=EDGE_CURVE('',#749,#749,#219,.T.);
#926=EDGE_CURVE('',#749,#750,#539,.T.);
#927=EDGE_CURVE('',#750,#750,#220,.T.);
#928=EDGE_CURVE('',#751,#751,#221,.T.);
#929=EDGE_CURVE('',#752,#752,#222,.T.);
#930=EDGE_CURVE('',#753,#753,#223,.T.);
#931=EDGE_CURVE('',#754,#754,#224,.T.);
#932=EDGE_CURVE('',#754,#755,#540,.T.);
#933=EDGE_CURVE('',#755,#755,#225,.T.);
#934=EDGE_CURVE('',#756,#756,#226,.T.);
#935=EDGE_CURVE('',#757,#757,#227,.T.);
#936=EDGE_CURVE('',#758,#759,#541,.T.);
#937=EDGE_CURVE('',#759,#760,#542,.T.);
#938=EDGE_CURVE('',#760,#761,#543,.T.);
#939=EDGE_CURVE('',#761,#762,#544,.T.);
#940=EDGE_CURVE('',#762,#763,#545,.T.);
#941=EDGE_CURVE('',#763,#764,#546,.T.);
#942=EDGE_CURVE('',#764,#765,#547,.T.);
#943=EDGE_CURVE('',#765,#758,#548,.T.);
#944=EDGE_CURVE('',#766,#766,#228,.T.);
#945=EDGE_CURVE('',#767,#767,#229,.T.);
#946=EDGE_CURVE('',#768,#768,#230,.T.);
#947=EDGE_CURVE('',#769,#769,#231,.T.);
#948=EDGE_CURVE('',#770,#770,#232,.T.);
#949=EDGE_CURVE('',#771,#771,#233,.T.);
#950=EDGE_CURVE('',#772,#772,#234,.T.);
#951=EDGE_CURVE('',#773,#773,#235,.T.);
#952=EDGE_CURVE('',#774,#774,#236,.T.);
#953=EDGE_CURVE('',#775,#775,#237,.T.);
#954=EDGE_CURVE('',#776,#777,#549,.T.);
#955=EDGE_CURVE('',#777,#778,#550,.T.);
#956=EDGE_CURVE('',#778,#779,#551,.T.);
#957=EDGE_CURVE('',#779,#780,#552,.T.);
#958=EDGE_CURVE('',#780,#781,#553,.T.);
#959=EDGE_CURVE('',#781,#782,#554,.T.);
#960=EDGE_CURVE('',#782,#783,#555,.T.);
#961=EDGE_CURVE('',#783,#776,#556,.T.);
#962=EDGE_CURVE('',#784,#784,#238,.T.);
#963=EDGE_CURVE('',#785,#785,#239,.T.);
#964=EDGE_CURVE('',#786,#786,#240,.T.);
#965=EDGE_CURVE('',#787,#787,#241,.T.);
#966=EDGE_CURVE('',#787,#788,#557,.T.);
#967=EDGE_CURVE('',#788,#788,#242,.T.);
#968=EDGE_CURVE('',#789,#789,#243,.T.);
#969=EDGE_CURVE('',#789,#790,#558,.T.);
#970=EDGE_CURVE('',#790,#790,#244,.T.);
#971=EDGE_CURVE('',#791,#791,#245,.T.);
#972=EDGE_CURVE('',#792,#792,#246,.T.);
#973=EDGE_CURVE('',#793,#793,#247,.T.);
#974=EDGE_CURVE('',#793,#794,#559,.T.);
#975=EDGE_CURVE('',#794,#794,#248,.T.);
#976=EDGE_CURVE('',#795,#795,#249,.T.);
#977=EDGE_CURVE('',#795,#796,#560,.T.);
#978=EDGE_CURVE('',#796,#796,#250,.T.);
#979=EDGE_CURVE('',#797,#797,#251,.T.);
#980=EDGE_CURVE('',#798,#798,#252,.T.);
#981=ORIENTED_EDGE('',*,*,#799,.F.);
#982=ORIENTED_EDGE('',*,*,#800,.T.);
#983=ORIENTED_EDGE('',*,*,#801,.F.);
#984=ORIENTED_EDGE('',*,*,#802,.F.);
#985=ORIENTED_EDGE('',*,*,#803,.F.);
#986=ORIENTED_EDGE('',*,*,#802,.T.);
#987=ORIENTED_EDGE('',*,*,#804,.F.);
#988=ORIENTED_EDGE('',*,*,#805,.F.);
#989=ORIENTED_EDGE('',*,*,#806,.F.);
#990=ORIENTED_EDGE('',*,*,#805,.T.);
#991=ORIENTED_EDGE('',*,*,#807,.F.);
#992=ORIENTED_EDGE('',*,*,#808,.F.);
#993=ORIENTED_EDGE('',*,*,#809,.F.);
#994=ORIENTED_EDGE('',*,*,#808,.T.);
#995=ORIENTED_EDGE('',*,*,#810,.F.);
#996=ORIENTED_EDGE('',*,*,#811,.F.);
#997=ORIENTED_EDGE('',*,*,#812,.F.);
#998=ORIENTED_EDGE('',*,*,#811,.T.);
#999=ORIENTED_EDGE('',*,*,#813,.F.);
#1000=ORIENTED_EDGE('',*,*,#814,.F.);
#1001=ORIENTED_EDGE('',*,*,#815,.F.);
#1002=ORIENTED_EDGE('',*,*,#816,.T.);
#1003=ORIENTED_EDGE('',*,*,#817,.F.);
#1004=ORIENTED_EDGE('',*,*,#800,.F.);
#1005=ORIENTED_EDGE('',*,*,#818,.F.);
#1006=ORIENTED_EDGE('',*,*,#819,.T.);
#1007=ORIENTED_EDGE('',*,*,#820,.F.);
#1008=ORIENTED_EDGE('',*,*,#816,.F.);
#1009=ORIENTED_EDGE('',*,*,#821,.F.);
#1010=ORIENTED_EDGE('',*,*,#814,.T.);
#1011=ORIENTED_EDGE('',*,*,#822,.F.);
#1012=ORIENTED_EDGE('',*,*,#819,.F.);
#1013=ORIENTED_EDGE('',*,*,#823,.F.);
#1014=ORIENTED_EDGE('',*,*,#824,.T.);
#1015=ORIENTED_EDGE('',*,*,#825,.F.);
#1016=ORIENTED_EDGE('',*,*,#826,.F.);
#1017=ORIENTED_EDGE('',*,*,#827,.F.);
#1018=ORIENTED_EDGE('',*,*,#826,.T.);
#1019=ORIENTED_EDGE('',*,*,#828,.F.);
#1020=ORIENTED_EDGE('',*,*,#829,.F.);
#1021=ORIENTED_EDGE('',*,*,#830,.F.);
#1022=ORIENTED_EDGE('',*,*,#829,.T.);
#1023=ORIENTED_EDGE('',*,*,#831,.F.);
#1024=ORIENTED_EDGE('',*,*,#832,.F.);
#1025=ORIENTED_EDGE('',*,*,#833,.F.);
#1026=ORIENTED_EDGE('',*,*,#832,.T.);
#1027=ORIENTED_EDGE('',*,*,#834,.F.);
#1028=ORIENTED_EDGE('',*,*,#835,.F.);
#1029=ORIENTED_EDGE('',*,*,#836,.F.);
#1030=ORIENTED_EDGE('',*,*,#835,.T.);
#1031=ORIENTED_EDGE('',*,*,#837,.F.);
#1032=ORIENTED_EDGE('',*,*,#838,.F.);
#1033=ORIENTED_EDGE('',*,*,#839,.F.);
#1034=ORIENTED_EDGE('',*,*,#840,.T.);
#1035=ORIENTED_EDGE('',*,*,#841,.F.);
#1036=ORIENTED_EDGE('',*,*,#824,.F.);
#1037=ORIENTED_EDGE('',*,*,#842,.F.);
#1038=ORIENTED_EDGE('',*,*,#843,.T.);
#1039=ORIENTED_EDGE('',*,*,#844,.F.);
#1040=ORIENTED_EDGE('',*,*,#840,.F.);
#1041=ORIENTED_EDGE('',*,*,#845,.F.);
#1042=ORIENTED_EDGE('',*,*,#838,.T.);
#1043=ORIENTED_EDGE('',*,*,#846,.F.);
#1044=ORIENTED_EDGE('',*,*,#843,.F.);
#1045=ORIENTED_EDGE('',*,*,#847,.F.);
#1046=ORIENTED_EDGE('',*,*,#848,.T.);
#1047=ORIENTED_EDGE('',*,*,#849,.T.);
#1048=ORIENTED_EDGE('',*,*,#850,.F.);
#1049=ORIENTED_EDGE('',*,*,#851,.F.);
#1050=ORIENTED_EDGE('',*,*,#850,.T.);
#1051=ORIENTED_EDGE('',*,*,#852,.T.);
#1052=ORIENTED_EDGE('',*,*,#853,.F.);
#1053=ORIENTED_EDGE('',*,*,#854,.F.);
#1054=ORIENTED_EDGE('',*,*,#853,.T.);
#1055=ORIENTED_EDGE('',*,*,#855,.T.);
#1056=ORIENTED_EDGE('',*,*,#856,.F.);
#1057=ORIENTED_EDGE('',*,*,#857,.F.);
#1058=ORIENTED_EDGE('',*,*,#856,.T.);
#1059=ORIENTED_EDGE('',*,*,#858,.T.);
#1060=ORIENTED_EDGE('',*,*,#848,.F.);
#1061=ORIENTED_EDGE('',*,*,#858,.F.);
#1062=ORIENTED_EDGE('',*,*,#855,.F.);
#1063=ORIENTED_EDGE('',*,*,#852,.F.);
#1064=ORIENTED_EDGE('',*,*,#849,.F.);
#1065=ORIENTED_EDGE('',*,*,#859,.F.);
#1066=ORIENTED_EDGE('',*,*,#860,.F.);
#1067=ORIENTED_EDGE('',*,*,#861,.F.);
#1068=ORIENTED_EDGE('',*,*,#862,.F.);
#1069=ORIENTED_EDGE('',*,*,#863,.F.);
#1070=ORIENTED_EDGE('',*,*,#864,.F.);
#1071=ORIENTED_EDGE('',*,*,#865,.T.);
#1072=ORIENTED_EDGE('',*,*,#866,.F.);
#1073=ORIENTED_EDGE('',*,*,#865,.F.);
#1074=ORIENTED_EDGE('',*,*,#867,.F.);
#1075=ORIENTED_EDGE('',*,*,#868,.T.);
#1076=ORIENTED_EDGE('',*,*,#869,.F.);
#1077=ORIENTED_EDGE('',*,*,#868,.F.);
#1078=ORIENTED_EDGE('',*,*,#870,.F.);
#1079=ORIENTED_EDGE('',*,*,#871,.T.);
#1080=ORIENTED_EDGE('',*,*,#872,.F.);
#1081=ORIENTED_EDGE('',*,*,#871,.F.);
#1082=ORIENTED_EDGE('',*,*,#873,.F.);
#1083=ORIENTED_EDGE('',*,*,#874,.T.);
#1084=ORIENTED_EDGE('',*,*,#875,.F.);
#1085=ORIENTED_EDGE('',*,*,#874,.F.);
#1086=ORIENTED_EDGE('',*,*,#876,.F.);
#1087=ORIENTED_EDGE('',*,*,#877,.T.);
#1088=ORIENTED_EDGE('',*,*,#878,.F.);
#1089=ORIENTED_EDGE('',*,*,#877,.F.);
#1090=ORIENTED_EDGE('',*,*,#879,.F.);
#1091=ORIENTED_EDGE('',*,*,#880,.T.);
#1092=ORIENTED_EDGE('',*,*,#881,.F.);
#1093=ORIENTED_EDGE('',*,*,#880,.F.);
#1094=ORIENTED_EDGE('',*,*,#882,.F.);
#1095=ORIENTED_EDGE('',*,*,#883,.T.);
#1096=ORIENTED_EDGE('',*,*,#884,.T.);
#1097=ORIENTED_EDGE('',*,*,#883,.F.);
#1098=ORIENTED_EDGE('',*,*,#884,.F.);
#1099=ORIENTED_EDGE('',*,*,#873,.T.);
#1100=ORIENTED_EDGE('',*,*,#885,.F.);
#1101=ORIENTED_EDGE('',*,*,#886,.T.);
#1102=ORIENTED_EDGE('',*,*,#887,.T.);
#1103=ORIENTED_EDGE('',*,*,#886,.F.);
#1104=ORIENTED_EDGE('',*,*,#887,.F.);
#1105=ORIENTED_EDGE('',*,*,#876,.T.);
#1106=ORIENTED_EDGE('',*,*,#888,.F.);
#1107=ORIENTED_EDGE('',*,*,#889,.T.);
#1108=ORIENTED_EDGE('',*,*,#890,.T.);
#1109=ORIENTED_EDGE('',*,*,#889,.F.);
#1110=ORIENTED_EDGE('',*,*,#890,.F.);
#1111=ORIENTED_EDGE('',*,*,#879,.T.);
#1112=ORIENTED_EDGE('',*,*,#891,.F.);
#1113=ORIENTED_EDGE('',*,*,#892,.T.);
#1114=ORIENTED_EDGE('',*,*,#893,.T.);
#1115=ORIENTED_EDGE('',*,*,#892,.F.);
#1116=ORIENTED_EDGE('',*,*,#893,.F.);
#1117=ORIENTED_EDGE('',*,*,#864,.T.);
#1118=ORIENTED_EDGE('',*,*,#894,.F.);
#1119=ORIENTED_EDGE('',*,*,#895,.T.);
#1120=ORIENTED_EDGE('',*,*,#896,.T.);
#1121=ORIENTED_EDGE('',*,*,#895,.F.);
#1122=ORIENTED_EDGE('',*,*,#896,.F.);
#1123=ORIENTED_EDGE('',*,*,#867,.T.);
#1124=ORIENTED_EDGE('',*,*,#897,.F.);
#1125=ORIENTED_EDGE('',*,*,#898,.T.);
#1126=ORIENTED_EDGE('',*,*,#899,.T.);
#1127=ORIENTED_EDGE('',*,*,#898,.F.);
#1128=ORIENTED_EDGE('',*,*,#899,.F.);
#1129=ORIENTED_EDGE('',*,*,#870,.T.);
#1130=ORIENTED_EDGE('',*,*,#863,.T.);
#1131=ORIENTED_EDGE('',*,*,#900,.T.);
#1132=ORIENTED_EDGE('',*,*,#901,.T.);
#1133=ORIENTED_EDGE('',*,*,#900,.F.);
#1134=ORIENTED_EDGE('',*,*,#862,.T.);
#1135=ORIENTED_EDGE('',*,*,#902,.T.);
#1136=ORIENTED_EDGE('',*,*,#903,.T.);
#1137=ORIENTED_EDGE('',*,*,#902,.F.);
#1138=ORIENTED_EDGE('',*,*,#861,.T.);
#1139=ORIENTED_EDGE('',*,*,#904,.T.);
#1140=ORIENTED_EDGE('',*,*,#905,.T.);
#1141=ORIENTED_EDGE('',*,*,#904,.F.);
#1142=ORIENTED_EDGE('',*,*,#860,.T.);
#1143=ORIENTED_EDGE('',*,*,#906,.T.);
#1144=ORIENTED_EDGE('',*,*,#907,.T.);
#1145=ORIENTED_EDGE('',*,*,#906,.F.);
#1146=ORIENTED_EDGE('',*,*,#859,.T.);
#1147=ORIENTED_EDGE('',*,*,#908,.T.);
#1148=ORIENTED_EDGE('',*,*,#909,.T.);
#1149=ORIENTED_EDGE('',*,*,#908,.F.);
#1150=ORIENTED_EDGE('',*,*,#910,.F.);
#1151=ORIENTED_EDGE('',*,*,#911,.T.);
#1152=ORIENTED_EDGE('',*,*,#912,.T.);
#1153=ORIENTED_EDGE('',*,*,#911,.F.);
#1154=ORIENTED_EDGE('',*,*,#910,.T.);
#1155=ORIENTED_EDGE('',*,*,#854,.T.);
#1156=ORIENTED_EDGE('',*,*,#857,.T.);
#1157=ORIENTED_EDGE('',*,*,#847,.T.);
#1158=ORIENTED_EDGE('',*,*,#851,.T.);
#1159=ORIENTED_EDGE('',*,*,#897,.T.);
#1160=ORIENTED_EDGE('',*,*,#894,.T.);
#1161=ORIENTED_EDGE('',*,*,#891,.T.);
#1162=ORIENTED_EDGE('',*,*,#888,.T.);
#1163=ORIENTED_EDGE('',*,*,#885,.T.);
#1164=ORIENTED_EDGE('',*,*,#882,.T.);
#1165=ORIENTED_EDGE('',*,*,#836,.T.);
#1166=ORIENTED_EDGE('',*,*,#845,.T.);
#1167=ORIENTED_EDGE('',*,*,#842,.T.);
#1168=ORIENTED_EDGE('',*,*,#839,.T.);
#1169=ORIENTED_EDGE('',*,*,#823,.T.);
#1170=ORIENTED_EDGE('',*,*,#827,.T.);
#1171=ORIENTED_EDGE('',*,*,#830,.T.);
#1172=ORIENTED_EDGE('',*,*,#833,.T.);
#1173=ORIENTED_EDGE('',*,*,#812,.T.);
#1174=ORIENTED_EDGE('',*,*,#821,.T.);
#1175=ORIENTED_EDGE('',*,*,#818,.T.);
#1176=ORIENTED_EDGE('',*,*,#815,.T.);
#1177=ORIENTED_EDGE('',*,*,#799,.T.);
#1178=ORIENTED_EDGE('',*,*,#803,.T.);
#1179=ORIENTED_EDGE('',*,*,#806,.T.);
#1180=ORIENTED_EDGE('',*,*,#809,.T.);
#1181=ORIENTED_EDGE('',*,*,#912,.F.);
#1182=ORIENTED_EDGE('',*,*,#866,.T.);
#1183=ORIENTED_EDGE('',*,*,#869,.T.);
#1184=ORIENTED_EDGE('',*,*,#872,.T.);
#1185=ORIENTED_EDGE('',*,*,#875,.T.);
#1186=ORIENTED_EDGE('',*,*,#878,.T.);
#1187=ORIENTED_EDGE('',*,*,#881,.T.);
#1188=ORIENTED_EDGE('',*,*,#901,.F.);
#1189=ORIENTED_EDGE('',*,*,#903,.F.);
#1190=ORIENTED_EDGE('',*,*,#905,.F.);
#1191=ORIENTED_EDGE('',*,*,#907,.F.);
#1192=ORIENTED_EDGE('',*,*,#909,.F.);
#1193=ORIENTED_EDGE('',*,*,#837,.T.);
#1194=ORIENTED_EDGE('',*,*,#834,.T.);
#1195=ORIENTED_EDGE('',*,*,#831,.T.);
#1196=ORIENTED_EDGE('',*,*,#828,.T.);
#1197=ORIENTED_EDGE('',*,*,#825,.T.);
#1198=ORIENTED_EDGE('',*,*,#841,.T.);
#1199=ORIENTED_EDGE('',*,*,#844,.T.);
#1200=ORIENTED_EDGE('',*,*,#846,.T.);
#1201=ORIENTED_EDGE('',*,*,#813,.T.);
#1202=ORIENTED_EDGE('',*,*,#810,.T.);
#1203=ORIENTED_EDGE('',*,*,#807,.T.);
#1204=ORIENTED_EDGE('',*,*,#804,.T.);
#1205=ORIENTED_EDGE('',*,*,#801,.T.);
#1206=ORIENTED_EDGE('',*,*,#817,.T.);
#1207=ORIENTED_EDGE('',*,*,#820,.T.);
#1208=ORIENTED_EDGE('',*,*,#822,.T.);
#1209=ORIENTED_EDGE('',*,*,#913,.T.);
#1210=ORIENTED_EDGE('',*,*,#914,.T.);
#1211=ORIENTED_EDGE('',*,*,#915,.T.);
#1212=ORIENTED_EDGE('',*,*,#916,.T.);
#1213=ORIENTED_EDGE('',*,*,#917,.T.);
#1214=ORIENTED_EDGE('',*,*,#918,.T.);
#1215=ORIENTED_EDGE('',*,*,#919,.T.);
#1216=ORIENTED_EDGE('',*,*,#920,.T.);
#1217=ORIENTED_EDGE('',*,*,#921,.T.);
#1218=ORIENTED_EDGE('',*,*,#922,.F.);
#1219=ORIENTED_EDGE('',*,*,#923,.T.);
#1220=ORIENTED_EDGE('',*,*,#924,.F.);
#1221=ORIENTED_EDGE('',*,*,#923,.F.);
#1222=ORIENTED_EDGE('',*,*,#924,.T.);
#1223=ORIENTED_EDGE('',*,*,#922,.T.);
#1224=ORIENTED_EDGE('',*,*,#925,.F.);
#1225=ORIENTED_EDGE('',*,*,#926,.T.);
#1226=ORIENTED_EDGE('',*,*,#927,.T.);
#1227=ORIENTED_EDGE('',*,*,#926,.F.);
#1228=ORIENTED_EDGE('',*,*,#925,.T.);
#1229=ORIENTED_EDGE('',*,*,#927,.F.);
#1230=ORIENTED_EDGE('',*,*,#928,.T.);
#1231=ORIENTED_EDGE('',*,*,#929,.T.);
#1232=ORIENTED_EDGE('',*,*,#930,.T.);
#1233=ORIENTED_EDGE('',*,*,#931,.F.);
#1234=ORIENTED_EDGE('',*,*,#932,.T.);
#1235=ORIENTED_EDGE('',*,*,#933,.F.);
#1236=ORIENTED_EDGE('',*,*,#932,.F.);
#1237=ORIENTED_EDGE('',*,*,#933,.T.);
#1238=ORIENTED_EDGE('',*,*,#931,.T.);
#1239=ORIENTED_EDGE('',*,*,#934,.T.);
#1240=ORIENTED_EDGE('',*,*,#935,.T.);
#1241=ORIENTED_EDGE('',*,*,#936,.T.);
#1242=ORIENTED_EDGE('',*,*,#937,.T.);
#1243=ORIENTED_EDGE('',*,*,#938,.T.);
#1244=ORIENTED_EDGE('',*,*,#939,.T.);
#1245=ORIENTED_EDGE('',*,*,#940,.T.);
#1246=ORIENTED_EDGE('',*,*,#941,.T.);
#1247=ORIENTED_EDGE('',*,*,#942,.T.);
#1248=ORIENTED_EDGE('',*,*,#943,.T.);
#1249=ORIENTED_EDGE('',*,*,#944,.T.);
#1250=ORIENTED_EDGE('',*,*,#945,.T.);
#1251=ORIENTED_EDGE('',*,*,#946,.T.);
#1252=ORIENTED_EDGE('',*,*,#947,.T.);
#1253=ORIENTED_EDGE('',*,*,#948,.T.);
#1254=ORIENTED_EDGE('',*,*,#949,.T.);
#1255=ORIENTED_EDGE('',*,*,#950,.T.);
#1256=ORIENTED_EDGE('',*,*,#951,.T.);
#1257=ORIENTED_EDGE('',*,*,#952,.T.);
#1258=ORIENTED_EDGE('',*,*,#953,.T.);
#1259=ORIENTED_EDGE('',*,*,#954,.T.);
#1260=ORIENTED_EDGE('',*,*,#955,.T.);
#1261=ORIENTED_EDGE('',*,*,#956,.T.);
#1262=ORIENTED_EDGE('',*,*,#957,.T.);
#1263=ORIENTED_EDGE('',*,*,#958,.T.);
#1264=ORIENTED_EDGE('',*,*,#959,.T.);
#1265=ORIENTED_EDGE('',*,*,#960,.T.);
#1266=ORIENTED_EDGE('',*,*,#961,.T.);
#1267=ORIENTED_EDGE('',*,*,#962,.T.);
#1268=ORIENTED_EDGE('',*,*,#963,.T.);
#1269=ORIENTED_EDGE('',*,*,#964,.T.);
#1270=ORIENTED_EDGE('',*,*,#965,.F.);
#1271=ORIENTED_EDGE('',*,*,#966,.T.);
#1272=ORIENTED_EDGE('',*,*,#967,.F.);
#1273=ORIENTED_EDGE('',*,*,#966,.F.);
#1274=ORIENTED_EDGE('',*,*,#968,.F.);
#1275=ORIENTED_EDGE('',*,*,#969,.T.);
#1276=ORIENTED_EDGE('',*,*,#970,.F.);
#1277=ORIENTED_EDGE('',*,*,#969,.F.);
#1278=ORIENTED_EDGE('',*,*,#971,.T.);
#1279=ORIENTED_EDGE('',*,*,#972,.T.);
#1280=ORIENTED_EDGE('',*,*,#973,.F.);
#1281=ORIENTED_EDGE('',*,*,#974,.T.);
#1282=ORIENTED_EDGE('',*,*,#975,.F.);
#1283=ORIENTED_EDGE('',*,*,#974,.F.);
#1284=ORIENTED_EDGE('',*,*,#976,.F.);
#1285=ORIENTED_EDGE('',*,*,#977,.T.);
#1286=ORIENTED_EDGE('',*,*,#978,.F.);
#1287=ORIENTED_EDGE('',*,*,#977,.F.);
#1288=ORIENTED_EDGE('',*,*,#979,.T.);
#1289=ORIENTED_EDGE('',*,*,#980,.T.);
#1290=PLANE('',#1445);
#1291=PLANE('',#1446);
#1292=PLANE('',#1447);
#1293=PLANE('',#1448);
#1294=PLANE('',#1449);
#1295=PLANE('',#1450);
#1296=PLANE('',#1451);
#1297=PLANE('',#1452);
#1298=PLANE('',#1453);
#1299=PLANE('',#1454);
#1300=PLANE('',#1455);
#1301=PLANE('',#1456);
#1302=PLANE('',#1457);
#1303=PLANE('',#1458);
#1304=PLANE('',#1459);
#1305=PLANE('',#1460);
#1306=PLANE('',#1461);
#1307=PLANE('',#1462);
#1308=PLANE('',#1463);
#1309=PLANE('',#1464);
#1310=PLANE('',#1465);
#1311=PLANE('',#1492);
#1312=PLANE('',#1496);
#1313=PLANE('',#1500);
#1314=PLANE('',#1504);
#1315=PLANE('',#1508);
#1316=PLANE('',#1512);
#1317=PLANE('',#1526);
#1318=PLANE('',#1527);
#1319=PLANE('',#1528);
#1320=PLANE('',#1530);
#1321=PLANE('',#1532);
#1322=PLANE('',#1534);
#1323=PLANE('',#1536);
#1324=PLANE('',#1538);
#1325=PLANE('',#1540);
#1326=PLANE('',#1542);
#1327=PLANE('',#1544);
#1328=PLANE('',#1549);
#1329=PLANE('',#1550);
#1330=PLANE('',#1554);
#1331=PLANE('',#1555);
#1332=PLANE('',#1556);
#1333=PLANE('',#1558);
#1334=PLANE('',#1560);
#1335=PLANE('',#1565);
#1336=PLANE('',#1566);
#1337=PLANE('',#1567);
#1338=PLANE('',#1569);
#1339=PLANE('',#1581);
#1340=PLANE('',#1583);
#1341=PLANE('',#1585);
#1342=PLANE('',#1593);
#1343=PLANE('',#1595);
#1344=PLANE('',#1603);
#1345=PLANE('',#1605);
#1346=ADVANCED_FACE('',(#253),#1290,.F.);
#1347=ADVANCED_FACE('',(#254),#1291,.F.);
#1348=ADVANCED_FACE('',(#255),#1292,.F.);
#1349=ADVANCED_FACE('',(#256),#1293,.F.);
#1350=ADVANCED_FACE('',(#257),#1294,.F.);
#1351=ADVANCED_FACE('',(#258),#1295,.F.);
#1352=ADVANCED_FACE('',(#259),#1296,.F.);
#1353=ADVANCED_FACE('',(#260),#1297,.F.);
#1354=ADVANCED_FACE('',(#261),#1298,.F.);
#1355=ADVANCED_FACE('',(#262),#1299,.F.);
#1356=ADVANCED_FACE('',(#263),#1300,.F.);
#1357=ADVANCED_FACE('',(#264),#1301,.F.);
#1358=ADVANCED_FACE('',(#265),#1302,.F.);
#1359=ADVANCED_FACE('',(#266),#1303,.F.);
#1360=ADVANCED_FACE('',(#267),#1304,.F.);
#1361=ADVANCED_FACE('',(#268),#1305,.F.);
#1362=ADVANCED_FACE('',(#269),#1306,.F.);
#1363=ADVANCED_FACE('',(#270),#1307,.F.);
#1364=ADVANCED_FACE('',(#271),#1308,.F.);
#1365=ADVANCED_FACE('',(#272),#1309,.F.);
#1366=ADVANCED_FACE('',(#273,#127,#128,#129,#130,#131),#1310,.F.);
#1367=ADVANCED_FACE('',(#274),#102,.F.);
#1368=ADVANCED_FACE('',(#275),#103,.F.);
#1369=ADVANCED_FACE('',(#276),#104,.F.);
#1370=ADVANCED_FACE('',(#277),#105,.F.);
#1371=ADVANCED_FACE('',(#278),#106,.F.);
#1372=ADVANCED_FACE('',(#279),#107,.F.);
#1373=ADVANCED_FACE('',(#280),#108,.F.);
#1374=ADVANCED_FACE('',(#281,#132),#1311,.F.);
#1375=ADVANCED_FACE('',(#282),#109,.F.);
#1376=ADVANCED_FACE('',(#283,#133),#1312,.F.);
#1377=ADVANCED_FACE('',(#284),#110,.F.);
#1378=ADVANCED_FACE('',(#285,#134),#1313,.F.);
#1379=ADVANCED_FACE('',(#286),#111,.F.);
#1380=ADVANCED_FACE('',(#287,#135),#1314,.F.);
#1381=ADVANCED_FACE('',(#288),#112,.F.);
#1382=ADVANCED_FACE('',(#289,#136),#1315,.F.);
#1383=ADVANCED_FACE('',(#290),#113,.F.);
#1384=ADVANCED_FACE('',(#291,#137),#1316,.F.);
#1385=ADVANCED_FACE('',(#292),#114,.F.);
#1386=ADVANCED_FACE('',(#293),#115,.F.);
#1387=ADVANCED_FACE('',(#294),#116,.F.);
#1388=ADVANCED_FACE('',(#295),#117,.F.);
#1389=ADVANCED_FACE('',(#296),#118,.F.);
#1390=ADVANCED_FACE('',(#297),#119,.T.);
#1391=ADVANCED_FACE('',(#298,#138,#139,#140,#141,#142,#143,#144,#145,#146),
#1317,.T.);
#1392=ADVANCED_FACE('',(#299,#147,#148,#149,#150,#151,#152,#153,#154,#155,
#156,#157,#158,#159),#1318,.F.);
#1393=ADVANCED_FACE('',(#300),#1319,.T.);
#1394=ADVANCED_FACE('',(#301),#1320,.T.);
#1395=ADVANCED_FACE('',(#302),#1321,.T.);
#1396=ADVANCED_FACE('',(#303),#1322,.T.);
#1397=ADVANCED_FACE('',(#304),#1323,.T.);
#1398=ADVANCED_FACE('',(#305),#1324,.T.);
#1399=ADVANCED_FACE('',(#306),#1325,.T.);
#1400=ADVANCED_FACE('',(#307),#1326,.T.);
#1401=ADVANCED_FACE('',(#308),#1327,.T.);
#1402=ADVANCED_FACE('',(#309),#120,.T.);
#1403=ADVANCED_FACE('',(#310),#1328,.T.);
#1404=ADVANCED_FACE('',(#311),#1329,.F.);
#1405=ADVANCED_FACE('',(#312),#121,.T.);
#1406=ADVANCED_FACE('',(#313),#1330,.T.);
#1407=ADVANCED_FACE('',(#314),#1331,.F.);
#1408=ADVANCED_FACE('',(#315),#1332,.T.);
#1409=ADVANCED_FACE('',(#316),#1333,.T.);
#1410=ADVANCED_FACE('',(#317),#1334,.T.);
#1411=ADVANCED_FACE('',(#318),#122,.T.);
#1412=ADVANCED_FACE('',(#319),#1335,.T.);
#1413=ADVANCED_FACE('',(#320),#1336,.F.);
#1414=ADVANCED_FACE('',(#321),#1337,.T.);
#1415=ADVANCED_FACE('',(#322,#160,#161,#162,#163,#164,#165,#166,#167,#168,
#169,#170,#171),#1338,.T.);
#1416=ADVANCED_FACE('',(#323),#1339,.T.);
#1417=ADVANCED_FACE('',(#324),#1340,.T.);
#1418=ADVANCED_FACE('',(#325),#1341,.T.);
#1419=ADVANCED_FACE('',(#326),#123,.T.);
#1420=ADVANCED_FACE('',(#327),#124,.T.);
#1421=ADVANCED_FACE('',(#328),#1342,.T.);
#1422=ADVANCED_FACE('',(#329),#1343,.T.);
#1423=ADVANCED_FACE('',(#330),#125,.T.);
#1424=ADVANCED_FACE('',(#331),#126,.T.);
#1425=ADVANCED_FACE('',(#332),#1344,.T.);
#1426=ADVANCED_FACE('',(#333),#1345,.T.);
#1427=CLOSED_SHELL('',(#1346,#1347,#1348,#1349,#1350,#1351,#1352,#1353,
#1354,#1355,#1356,#1357,#1358,#1359,#1360,#1361,#1362,#1363,#1364,#1365,
#1366,#1367,#1368,#1369,#1370,#1371,#1372,#1373,#1374,#1375,#1376,#1377,
#1378,#1379,#1380,#1381,#1382,#1383,#1384,#1385,#1386,#1387,#1388,#1389,
#1390,#1391,#1392));
#1428=CLOSED_SHELL('',(#1402,#1403,#1404));
#1429=CLOSED_SHELL('',(#1405,#1406,#1407));
#1430=CLOSED_SHELL('',(#1411,#1412,#1413));
#1431=DERIVED_UNIT_ELEMENT(#1433,1.);
#1432=DERIVED_UNIT_ELEMENT(#2449,-3.);
#1433=(
MASS_UNIT()
NAMED_UNIT(*)
SI_UNIT(.KILO.,.GRAM.)
);
#1434=DERIVED_UNIT((#1431,#1432));
#1435=MEASURE_REPRESENTATION_ITEM('density measure',
POSITIVE_RATIO_MEASURE(7850.),#1434);
#1436=PROPERTY_DEFINITION_REPRESENTATION(#1441,#1438);
#1437=PROPERTY_DEFINITION_REPRESENTATION(#1442,#1439);
#1438=REPRESENTATION('material name',(#1440),#2446);
#1439=REPRESENTATION('density',(#1435),#2446);
#1440=DESCRIPTIVE_REPRESENTATION_ITEM('Steel','Steel');
#1441=PROPERTY_DEFINITION('material property','material name',#2461);
#1442=PROPERTY_DEFINITION('material property','density of part',#2461);
#1443=AXIS2_PLACEMENT_3D('',#2039,#1608,#1609);
#1444=AXIS2_PLACEMENT_3D('',#2040,#1610,#1611);
#1445=AXIS2_PLACEMENT_3D('',#2041,#1612,#1613);
#1446=AXIS2_PLACEMENT_3D('',#2050,#1618,#1619);
#1447=AXIS2_PLACEMENT_3D('',#2056,#1623,#1624);
#1448=AXIS2_PLACEMENT_3D('',#2062,#1628,#1629);
#1449=AXIS2_PLACEMENT_3D('',#2068,#1633,#1634);
#1450=AXIS2_PLACEMENT_3D('',#2074,#1638,#1639);
#1451=AXIS2_PLACEMENT_3D('',#2080,#1643,#1644);
#1452=AXIS2_PLACEMENT_3D('',#2086,#1648,#1649);
#1453=AXIS2_PLACEMENT_3D('',#2089,#1652,#1653);
#1454=AXIS2_PLACEMENT_3D('',#2098,#1658,#1659);
#1455=AXIS2_PLACEMENT_3D('',#2104,#1663,#1664);
#1456=AXIS2_PLACEMENT_3D('',#2110,#1668,#1669);
#1457=AXIS2_PLACEMENT_3D('',#2116,#1673,#1674);
#1458=AXIS2_PLACEMENT_3D('',#2122,#1678,#1679);
#1459=AXIS2_PLACEMENT_3D('',#2128,#1683,#1684);
#1460=AXIS2_PLACEMENT_3D('',#2134,#1688,#1689);
#1461=AXIS2_PLACEMENT_3D('',#2137,#1692,#1693);
#1462=AXIS2_PLACEMENT_3D('',#2146,#1698,#1699);
#1463=AXIS2_PLACEMENT_3D('',#2152,#1703,#1704);
#1464=AXIS2_PLACEMENT_3D('',#2158,#1708,#1709);
#1465=AXIS2_PLACEMENT_3D('',#2161,#1712,#1713);
#1466=AXIS2_PLACEMENT_3D('',#2163,#1714,#1715);
#1467=AXIS2_PLACEMENT_3D('',#2165,#1716,#1717);
#1468=AXIS2_PLACEMENT_3D('',#2167,#1718,#1719);
#1469=AXIS2_PLACEMENT_3D('',#2169,#1720,#1721);
#1470=AXIS2_PLACEMENT_3D('',#2171,#1722,#1723);
#1471=AXIS2_PLACEMENT_3D('',#2172,#1724,#1725);
#1472=AXIS2_PLACEMENT_3D('',#2174,#1726,#1727);
#1473=AXIS2_PLACEMENT_3D('',#2177,#1729,#1730);
#1474=AXIS2_PLACEMENT_3D('',#2178,#1731,#1732);
#1475=AXIS2_PLACEMENT_3D('',#2180,#1733,#1734);
#1476=AXIS2_PLACEMENT_3D('',#2183,#1736,#1737);
#1477=AXIS2_PLACEMENT_3D('',#2184,#1738,#1739);
#1478=AXIS2_PLACEMENT_3D('',#2186,#1740,#1741);
#1479=AXIS2_PLACEMENT_3D('',#2189,#1743,#1744);
#1480=AXIS2_PLACEMENT_3D('',#2190,#1745,#1746);
#1481=AXIS2_PLACEMENT_3D('',#2192,#1747,#1748);
#1482=AXIS2_PLACEMENT_3D('',#2195,#1750,#1751);
#1483=AXIS2_PLACEMENT_3D('',#2196,#1752,#1753);
#1484=AXIS2_PLACEMENT_3D('',#2198,#1754,#1755);
#1485=AXIS2_PLACEMENT_3D('',#2201,#1757,#1758);
#1486=AXIS2_PLACEMENT_3D('',#2202,#1759,#1760);
#1487=AXIS2_PLACEMENT_3D('',#2204,#1761,#1762);
#1488=AXIS2_PLACEMENT_3D('',#2207,#1764,#1765);
#1489=AXIS2_PLACEMENT_3D('',#2208,#1766,#1767);
#1490=AXIS2_PLACEMENT_3D('',#2210,#1768,#1769);
#1491=AXIS2_PLACEMENT_3D('',#2213,#1771,#1772);
#1492=AXIS2_PLACEMENT_3D('',#2214,#1773,#1774);
#1493=AXIS2_PLACEMENT_3D('',#2215,#1775,#1776);
#1494=AXIS2_PLACEMENT_3D('',#2217,#1777,#1778);
#1495=AXIS2_PLACEMENT_3D('',#2220,#1780,#1781);
#1496=AXIS2_PLACEMENT_3D('',#2221,#1782,#1783);
#1497=AXIS2_PLACEMENT_3D('',#2222,#1784,#1785);
#1498=AXIS2_PLACEMENT_3D('',#2224,#1786,#1787);
#1499=AXIS2_PLACEMENT_3D('',#2227,#1789,#1790);
#1500=AXIS2_PLACEMENT_3D('',#2228,#1791,#1792);
#1501=AXIS2_PLACEMENT_3D('',#2229,#1793,#1794);
#1502=AXIS2_PLACEMENT_3D('',#2231,#1795,#1796);
#1503=AXIS2_PLACEMENT_3D('',#2234,#1798,#1799);
#1504=AXIS2_PLACEMENT_3D('',#2235,#1800,#1801);
#1505=AXIS2_PLACEMENT_3D('',#2236,#1802,#1803);
#1506=AXIS2_PLACEMENT_3D('',#2238,#1804,#1805);
#1507=AXIS2_PLACEMENT_3D('',#2241,#1807,#1808);
#1508=AXIS2_PLACEMENT_3D('',#2242,#1809,#1810);
#1509=AXIS2_PLACEMENT_3D('',#2243,#1811,#1812);
#1510=AXIS2_PLACEMENT_3D('',#2245,#1813,#1814);
#1511=AXIS2_PLACEMENT_3D('',#2248,#1816,#1817);
#1512=AXIS2_PLACEMENT_3D('',#2249,#1818,#1819);
#1513=AXIS2_PLACEMENT_3D('',#2250,#1820,#1821);
#1514=AXIS2_PLACEMENT_3D('',#2253,#1823,#1824);
#1515=AXIS2_PLACEMENT_3D('',#2254,#1825,#1826);
#1516=AXIS2_PLACEMENT_3D('',#2257,#1828,#1829);
#1517=AXIS2_PLACEMENT_3D('',#2258,#1830,#1831);
#1518=AXIS2_PLACEMENT_3D('',#2261,#1833,#1834);
#1519=AXIS2_PLACEMENT_3D('',#2262,#1835,#1836);
#1520=AXIS2_PLACEMENT_3D('',#2265,#1838,#1839);
#1521=AXIS2_PLACEMENT_3D('',#2266,#1840,#1841);
#1522=AXIS2_PLACEMENT_3D('',#2269,#1843,#1844);
#1523=AXIS2_PLACEMENT_3D('',#2270,#1845,#1846);
#1524=AXIS2_PLACEMENT_3D('',#2272,#1847,#1848);
#1525=AXIS2_PLACEMENT_3D('',#2275,#1850,#1851);
#1526=AXIS2_PLACEMENT_3D('',#2276,#1852,#1853);
#1527=AXIS2_PLACEMENT_3D('',#2277,#1854,#1855);
#1528=AXIS2_PLACEMENT_3D('',#2278,#1856,#1857);
#1529=AXIS2_PLACEMENT_3D('',#2280,#1858,#1859);
#1530=AXIS2_PLACEMENT_3D('',#2281,#1860,#1861);
#1531=AXIS2_PLACEMENT_3D('',#2283,#1862,#1863);
#1532=AXIS2_PLACEMENT_3D('',#2284,#1864,#1865);
#1533=AXIS2_PLACEMENT_3D('',#2286,#1866,#1867);
#1534=AXIS2_PLACEMENT_3D('',#2287,#1868,#1869);
#1535=AXIS2_PLACEMENT_3D('',#2289,#1870,#1871);
#1536=AXIS2_PLACEMENT_3D('',#2290,#1872,#1873);
#1537=AXIS2_PLACEMENT_3D('',#2292,#1874,#1875);
#1538=AXIS2_PLACEMENT_3D('',#2293,#1876,#1877);
#1539=AXIS2_PLACEMENT_3D('',#2295,#1878,#1879);
#1540=AXIS2_PLACEMENT_3D('',#2296,#1880,#1881);
#1541=AXIS2_PLACEMENT_3D('',#2298,#1882,#1883);
#1542=AXIS2_PLACEMENT_3D('',#2299,#1884,#1885);
#1543=AXIS2_PLACEMENT_3D('',#2301,#1886,#1887);
#1544=AXIS2_PLACEMENT_3D('',#2302,#1888,#1889);
#1545=AXIS2_PLACEMENT_3D('',#2304,#1890,#1891);
#1546=AXIS2_PLACEMENT_3D('',#2305,#1892,#1893);
#1547=AXIS2_PLACEMENT_3D('',#2307,#1894,#1895);
#1548=AXIS2_PLACEMENT_3D('',#2310,#1897,#1898);
#1549=AXIS2_PLACEMENT_3D('',#2311,#1899,#1900);
#1550=AXIS2_PLACEMENT_3D('',#2312,#1901,#1902);
#1551=AXIS2_PLACEMENT_3D('',#2313,#1903,#1904);
#1552=AXIS2_PLACEMENT_3D('',#2315,#1905,#1906);
#1553=AXIS2_PLACEMENT_3D('',#2318,#1908,#1909);
#1554=AXIS2_PLACEMENT_3D('',#2319,#1910,#1911);
#1555=AXIS2_PLACEMENT_3D('',#2320,#1912,#1913);
#1556=AXIS2_PLACEMENT_3D('',#2321,#1914,#1915);
#1557=AXIS2_PLACEMENT_3D('',#2323,#1916,#1917);
#1558=AXIS2_PLACEMENT_3D('',#2324,#1918,#1919);
#1559=AXIS2_PLACEMENT_3D('',#2326,#1920,#1921);
#1560=AXIS2_PLACEMENT_3D('',#2327,#1922,#1923);
#1561=AXIS2_PLACEMENT_3D('',#2329,#1924,#1925);
#1562=AXIS2_PLACEMENT_3D('',#2330,#1926,#1927);
#1563=AXIS2_PLACEMENT_3D('',#2332,#1928,#1929);
#1564=AXIS2_PLACEMENT_3D('',#2335,#1931,#1932);
#1565=AXIS2_PLACEMENT_3D('',#2336,#1933,#1934);
#1566=AXIS2_PLACEMENT_3D('',#2337,#1935,#1936);
#1567=AXIS2_PLACEMENT_3D('',#2338,#1937,#1938);
#1568=AXIS2_PLACEMENT_3D('',#2340,#1939,#1940);
#1569=AXIS2_PLACEMENT_3D('',#2341,#1941,#1942);
#1570=AXIS2_PLACEMENT_3D('',#2343,#1943,#1944);
#1571=AXIS2_PLACEMENT_3D('',#2361,#1953,#1954);
#1572=AXIS2_PLACEMENT_3D('',#2363,#1955,#1956);
#1573=AXIS2_PLACEMENT_3D('',#2365,#1957,#1958);
#1574=AXIS2_PLACEMENT_3D('',#2367,#1959,#1960);
#1575=AXIS2_PLACEMENT_3D('',#2369,#1961,#1962);
#1576=AXIS2_PLACEMENT_3D('',#2371,#1963,#1964);
#1577=AXIS2_PLACEMENT_3D('',#2373,#1965,#1966);
#1578=AXIS2_PLACEMENT_3D('',#2375,#1967,#1968);
#1579=AXIS2_PLACEMENT_3D('',#2377,#1969,#1970);
#1580=AXIS2_PLACEMENT_3D('',#2379,#1971,#1972);
#1581=AXIS2_PLACEMENT_3D('',#2396,#1981,#1982);
#1582=AXIS2_PLACEMENT_3D('',#2398,#1983,#1984);
#1583=AXIS2_PLACEMENT_3D('',#2399,#1985,#1986);
#1584=AXIS2_PLACEMENT_3D('',#2401,#1987,#1988);
#1585=AXIS2_PLACEMENT_3D('',#2402,#1989,#1990);
#1586=AXIS2_PLACEMENT_3D('',#2404,#1991,#1992);
#1587=AXIS2_PLACEMENT_3D('',#2405,#1993,#1994);
#1588=AXIS2_PLACEMENT_3D('',#2407,#1995,#1996);
#1589=AXIS2_PLACEMENT_3D('',#2410,#1998,#1999);
#1590=AXIS2_PLACEMENT_3D('',#2411,#2000,#2001);
#1591=AXIS2_PLACEMENT_3D('',#2413,#2002,#2003);
#1592=AXIS2_PLACEMENT_3D('',#2416,#2005,#2006);
#1593=AXIS2_PLACEMENT_3D('',#2417,#2007,#2008);
#1594=AXIS2_PLACEMENT_3D('',#2419,#2009,#2010);
#1595=AXIS2_PLACEMENT_3D('',#2420,#2011,#2012);
#1596=AXIS2_PLACEMENT_3D('',#2422,#2013,#2014);
#1597=AXIS2_PLACEMENT_3D('',#2423,#2015,#2016);
#1598=AXIS2_PLACEMENT_3D('',#2425,#2017,#2018);
#1599=AXIS2_PLACEMENT_3D('',#2428,#2020,#2021);
#1600=AXIS2_PLACEMENT_3D('',#2429,#2022,#2023);
#1601=AXIS2_PLACEMENT_3D('',#2431,#2024,#2025);
#1602=AXIS2_PLACEMENT_3D('',#2434,#2027,#2028);
#1603=AXIS2_PLACEMENT_3D('',#2435,#2029,#2030);
#1604=AXIS2_PLACEMENT_3D('',#2437,#2031,#2032);
#1605=AXIS2_PLACEMENT_3D('',#2438,#2033,#2034);
#1606=AXIS2_PLACEMENT_3D('',#2440,#2035,#2036);
#1607=AXIS2_PLACEMENT_3D('',#2441,#2037,#2038);
#1608=DIRECTION('axis',(0.,0.,1.));
#1609=DIRECTION('refdir',(1.,0.,0.));
#1610=DIRECTION('axis',(0.,0.,1.));
#1611=DIRECTION('refdir',(1.,0.,0.));
#1612=DIRECTION('center_axis',(-0.707106781186548,0.707106781186547,0.));
#1613=DIRECTION('ref_axis',(0.707106781186547,0.707106781186548,0.));
#1614=DIRECTION('',(0.707106781186547,0.707106781186548,0.));
#1615=DIRECTION('',(0.,0.,-1.));
#1616=DIRECTION('',(-0.707106781186547,-0.707106781186548,0.));
#1617=DIRECTION('',(0.,0.,-1.));
#1618=DIRECTION('center_axis',(0.707106781186547,0.707106781186548,0.));
#1619=DIRECTION('ref_axis',(0.707106781186548,-0.707106781186547,0.));
#1620=DIRECTION('',(0.707106781186548,-0.707106781186547,0.));
#1621=DIRECTION('',(-0.707106781186548,0.707106781186547,0.));
#1622=DIRECTION('',(0.,0.,-1.));
#1623=DIRECTION('center_axis',(0.707106781186548,-0.707106781186547,0.));
#1624=DIRECTION('ref_axis',(-0.707106781186547,-0.707106781186548,0.));
#1625=DIRECTION('',(-0.707106781186547,-0.707106781186548,0.));
#1626=DIRECTION('',(0.707106781186547,0.707106781186548,0.));
#1627=DIRECTION('',(0.,0.,-1.));
#1628=DIRECTION('center_axis',(0.724596450986669,0.689173405767753,0.));
#1629=DIRECTION('ref_axis',(0.689173405767753,-0.724596450986669,0.));
#1630=DIRECTION('',(0.689173405767753,-0.724596450986669,0.));
#1631=DIRECTION('',(-0.689173405767753,0.724596450986669,0.));
#1632=DIRECTION('',(0.,0.,-1.));
#1633=DIRECTION('center_axis',(0.707106781186548,-0.707106781186548,0.));
#1634=DIRECTION('ref_axis',(-0.707106781186548,-0.707106781186548,0.));
#1635=DIRECTION('',(-0.707106781186548,-0.707106781186548,0.));
#1636=DIRECTION('',(0.707106781186548,0.707106781186548,0.));
#1637=DIRECTION('',(0.,0.,-1.));
#1638=DIRECTION('center_axis',(0.690580020385867,0.723255995788391,0.));
#1639=DIRECTION('ref_axis',(0.723255995788391,-0.690580020385867,0.));
#1640=DIRECTION('',(0.723255995788391,-0.690580020385867,0.));
#1641=DIRECTION('',(0.,0.,-1.));
#1642=DIRECTION('',(-0.723255995788391,0.690580020385867,0.));
#1643=DIRECTION('center_axis',(-0.707106781186548,0.707106781186547,0.));
#1644=DIRECTION('ref_axis',(0.707106781186547,0.707106781186548,0.));
#1645=DIRECTION('',(0.707106781186547,0.707106781186548,0.));
#1646=DIRECTION('',(0.,0.,-1.));
#1647=DIRECTION('',(-0.707106781186547,-0.707106781186548,0.));
#1648=DIRECTION('center_axis',(-0.707106781186547,-0.707106781186548,0.));
#1649=DIRECTION('ref_axis',(-0.707106781186548,0.707106781186547,0.));
#1650=DIRECTION('',(-0.707106781186548,0.707106781186547,0.));
#1651=DIRECTION('',(0.707106781186548,-0.707106781186547,0.));
#1652=DIRECTION('center_axis',(-0.706991504055865,0.707222039527068,0.));
#1653=DIRECTION('ref_axis',(0.707222039527068,0.706991504055865,0.));
#1654=DIRECTION('',(0.707222039527068,0.706991504055865,0.));
#1655=DIRECTION('',(0.,0.,-1.));
#1656=DIRECTION('',(-0.707222039527068,-0.706991504055865,0.));
#1657=DIRECTION('',(0.,0.,-1.));
#1658=DIRECTION('center_axis',(0.707285430583572,0.706928086642632,0.));
#1659=DIRECTION('ref_axis',(0.706928086642631,-0.707285430583572,0.));
#1660=DIRECTION('',(0.706928086642631,-0.707285430583572,0.));
#1661=DIRECTION('',(-0.706928086642631,0.707285430583572,0.));
#1662=DIRECTION('',(0.,0.,-1.));
#1663=DIRECTION('center_axis',(0.706991504055866,-0.707222039527067,0.));
#1664=DIRECTION('ref_axis',(-0.707222039527067,-0.706991504055866,0.));
#1665=DIRECTION('',(-0.707222039527067,-0.706991504055866,0.));
#1666=DIRECTION('',(0.707222039527067,0.706991504055866,0.));
#1667=DIRECTION('',(0.,0.,-1.));
#1668=DIRECTION('center_axis',(0.707222039527067,0.706991504055866,0.));
#1669=DIRECTION('ref_axis',(0.706991504055866,-0.707222039527067,0.));
#1670=DIRECTION('',(0.706991504055866,-0.707222039527067,0.));
#1671=DIRECTION('',(-0.706991504055866,0.707222039527067,0.));
#1672=DIRECTION('',(0.,0.,-1.));
#1673=DIRECTION('center_axis',(0.706991504055865,-0.707222039527068,0.));
#1674=DIRECTION('ref_axis',(-0.707222039527068,-0.706991504055865,0.));
#1675=DIRECTION('',(-0.707222039527068,-0.706991504055865,0.));
#1676=DIRECTION('',(0.707222039527068,0.706991504055865,0.));
#1677=DIRECTION('',(0.,0.,-1.));
#1678=DIRECTION('center_axis',(0.707106781186548,0.707106781186548,0.));
#1679=DIRECTION('ref_axis',(0.707106781186548,-0.707106781186548,0.));
#1680=DIRECTION('',(0.707106781186548,-0.707106781186548,0.));
#1681=DIRECTION('',(0.,0.,-1.));
#1682=DIRECTION('',(-0.707106781186548,0.707106781186548,0.));
#1683=DIRECTION('center_axis',(-0.707106781186547,0.707106781186548,0.));
#1684=DIRECTION('ref_axis',(0.707106781186548,0.707106781186547,0.));
#1685=DIRECTION('',(0.707106781186548,0.707106781186547,0.));
#1686=DIRECTION('',(0.,0.,-1.));
#1687=DIRECTION('',(-0.707106781186548,-0.707106781186547,0.));
#1688=DIRECTION('center_axis',(-0.707222039527068,-0.706991504055865,0.));
#1689=DIRECTION('ref_axis',(-0.706991504055865,0.707222039527068,0.));
#1690=DIRECTION('',(-0.706991504055865,0.707222039527068,0.));
#1691=DIRECTION('',(0.706991504055865,-0.707222039527068,0.));
#1692=DIRECTION('center_axis',(0.706991504055865,-0.707222039527068,0.));
#1693=DIRECTION('ref_axis',(-0.707222039527068,-0.706991504055865,0.));
#1694=DIRECTION('',(-0.707222039527068,-0.706991504055865,0.));
#1695=DIRECTION('',(0.,0.,-1.));
#1696=DIRECTION('',(-0.707222039527068,-0.706991504055865,0.));
#1697=DIRECTION('',(0.,0.,-1.));
#1698=DIRECTION('center_axis',(-0.707222039527068,-0.706991504055865,0.));
#1699=DIRECTION('ref_axis',(-0.706991504055865,0.707222039527068,0.));
#1700=DIRECTION('',(-0.706991504055865,0.707222039527068,0.));
#1701=DIRECTION('',(-0.706991504055865,0.707222039527068,0.));
#1702=DIRECTION('',(0.,0.,-1.));
#1703=DIRECTION('center_axis',(-0.706973897095209,0.707239640310138,0.));
#1704=DIRECTION('ref_axis',(0.707239640310138,0.706973897095209,0.));
#1705=DIRECTION('',(0.707239640310138,0.706973897095209,0.));
#1706=DIRECTION('',(0.707239640310138,0.706973897095209,0.));
#1707=DIRECTION('',(0.,0.,-1.));
#1708=DIRECTION('center_axis',(0.707222039527068,0.706991504055865,0.));
#1709=DIRECTION('ref_axis',(0.706991504055865,-0.707222039527068,0.));
#1710=DIRECTION('',(0.706991504055865,-0.707222039527068,0.));
#1711=DIRECTION('',(0.706991504055865,-0.707222039527068,0.));
#1712=DIRECTION('center_axis',(0.,0.,-1.));
#1713=DIRECTION('ref_axis',(-1.,0.,0.));
#1714=DIRECTION('center_axis',(0.,0.,1.));
#1715=DIRECTION('ref_axis',(-1.,0.,0.));
#1716=DIRECTION('center_axis',(0.,0.,1.));
#1717=DIRECTION('ref_axis',(-1.,0.,0.));
#1718=DIRECTION('center_axis',(0.,0.,1.));
#1719=DIRECTION('ref_axis',(-1.,0.,0.));
#1720=DIRECTION('center_axis',(0.,0.,1.));
#1721=DIRECTION('ref_axis',(-1.,0.,0.));
#1722=DIRECTION('center_axis',(0.,0.,1.));
#1723=DIRECTION('ref_axis',(-1.,0.,0.));
#1724=DIRECTION('center_axis',(0.,0.,-1.));
#1725=DIRECTION('ref_axis',(1.,0.,0.));
#1726=DIRECTION('center_axis',(0.,0.,-1.));
#1727=DIRECTION('ref_axis',(1.,0.,0.));
#1728=DIRECTION('',(0.,0.,-1.));
#1729=DIRECTION('center_axis',(0.,0.,1.));
#1730=DIRECTION('ref_axis',(1.,0.,0.));
#1731=DIRECTION('center_axis',(0.,0.,-1.));
#1732=DIRECTION('ref_axis',(1.,0.,0.));
#1733=DIRECTION('center_axis',(0.,0.,-1.));
#1734=DIRECTION('ref_axis',(1.,0.,0.));
#1735=DIRECTION('',(0.,0.,-1.));
#1736=DIRECTION('center_axis',(0.,0.,1.));
#1737=DIRECTION('ref_axis',(1.,0.,0.));
#1738=DIRECTION('center_axis',(0.,0.,-1.));
#1739=DIRECTION('ref_axis',(1.,0.,0.));
#1740=DIRECTION('center_axis',(0.,0.,-1.));
#1741=DIRECTION('ref_axis',(1.,0.,0.));
#1742=DIRECTION('',(0.,0.,-1.));
#1743=DIRECTION('center_axis',(0.,0.,1.));
#1744=DIRECTION('ref_axis',(1.,0.,0.));
#1745=DIRECTION('center_axis',(0.,0.,-1.));
#1746=DIRECTION('ref_axis',(1.,0.,0.));
#1747=DIRECTION('center_axis',(0.,0.,-1.));
#1748=DIRECTION('ref_axis',(1.,0.,0.));
#1749=DIRECTION('',(0.,0.,-1.));
#1750=DIRECTION('center_axis',(0.,0.,1.));
#1751=DIRECTION('ref_axis',(1.,0.,0.));
#1752=DIRECTION('center_axis',(0.,0.,-1.));
#1753=DIRECTION('ref_axis',(1.,0.,0.));
#1754=DIRECTION('center_axis',(0.,0.,-1.));
#1755=DIRECTION('ref_axis',(1.,0.,0.));
#1756=DIRECTION('',(0.,0.,-1.));
#1757=DIRECTION('center_axis',(0.,0.,1.));
#1758=DIRECTION('ref_axis',(1.,0.,0.));
#1759=DIRECTION('center_axis',(0.,0.,-1.));
#1760=DIRECTION('ref_axis',(1.,0.,0.));
#1761=DIRECTION('center_axis',(0.,0.,-1.));
#1762=DIRECTION('ref_axis',(1.,0.,0.));
#1763=DIRECTION('',(0.,0.,-1.));
#1764=DIRECTION('center_axis',(0.,0.,1.));
#1765=DIRECTION('ref_axis',(1.,0.,0.));
#1766=DIRECTION('center_axis',(0.,0.,-1.));
#1767=DIRECTION('ref_axis',(1.,0.,0.));
#1768=DIRECTION('center_axis',(0.,0.,-1.));
#1769=DIRECTION('ref_axis',(1.,0.,0.));
#1770=DIRECTION('',(0.,0.,-1.));
#1771=DIRECTION('center_axis',(0.,0.,-1.));
#1772=DIRECTION('ref_axis',(1.,0.,0.));
#1773=DIRECTION('center_axis',(0.,0.,-1.));
#1774=DIRECTION('ref_axis',(1.,0.,0.));
#1775=DIRECTION('center_axis',(0.,0.,-1.));
#1776=DIRECTION('ref_axis',(1.,0.,0.));
#1777=DIRECTION('center_axis',(0.,0.,-1.));
#1778=DIRECTION('ref_axis',(1.,0.,0.));
#1779=DIRECTION('',(0.,0.,-1.));
#1780=DIRECTION('center_axis',(0.,0.,-1.));
#1781=DIRECTION('ref_axis',(1.,0.,0.));
#1782=DIRECTION('center_axis',(0.,0.,-1.));
#1783=DIRECTION('ref_axis',(1.,0.,0.));
#1784=DIRECTION('center_axis',(0.,0.,-1.));
#1785=DIRECTION('ref_axis',(1.,0.,0.));
#1786=DIRECTION('center_axis',(0.,0.,-1.));
#1787=DIRECTION('ref_axis',(1.,0.,0.));
#1788=DIRECTION('',(0.,0.,-1.));
#1789=DIRECTION('center_axis',(0.,0.,-1.));
#1790=DIRECTION('ref_axis',(1.,0.,0.));
#1791=DIRECTION('center_axis',(0.,0.,-1.));
#1792=DIRECTION('ref_axis',(1.,0.,0.));
#1793=DIRECTION('center_axis',(0.,0.,-1.));
#1794=DIRECTION('ref_axis',(1.,0.,0.));
#1795=DIRECTION('center_axis',(0.,0.,-1.));
#1796=DIRECTION('ref_axis',(1.,0.,0.));
#1797=DIRECTION('',(0.,0.,-1.));
#1798=DIRECTION('center_axis',(0.,0.,-1.));
#1799=DIRECTION('ref_axis',(1.,0.,0.));
#1800=DIRECTION('center_axis',(0.,0.,-1.));
#1801=DIRECTION('ref_axis',(1.,0.,0.));
#1802=DIRECTION('center_axis',(0.,0.,-1.));
#1803=DIRECTION('ref_axis',(1.,0.,0.));
#1804=DIRECTION('center_axis',(0.,0.,-1.));
#1805=DIRECTION('ref_axis',(1.,0.,0.));
#1806=DIRECTION('',(0.,0.,-1.));
#1807=DIRECTION('center_axis',(0.,0.,-1.));
#1808=DIRECTION('ref_axis',(1.,0.,0.));
#1809=DIRECTION('center_axis',(0.,0.,-1.));
#1810=DIRECTION('ref_axis',(1.,0.,0.));
#1811=DIRECTION('center_axis',(0.,0.,-1.));
#1812=DIRECTION('ref_axis',(1.,0.,0.));
#1813=DIRECTION('center_axis',(0.,0.,-1.));
#1814=DIRECTION('ref_axis',(1.,0.,0.));
#1815=DIRECTION('',(0.,0.,-1.));
#1816=DIRECTION('center_axis',(0.,0.,-1.));
#1817=DIRECTION('ref_axis',(1.,0.,0.));
#1818=DIRECTION('center_axis',(0.,0.,-1.));
#1819=DIRECTION('ref_axis',(1.,0.,0.));
#1820=DIRECTION('center_axis',(0.,0.,1.));
#1821=DIRECTION('ref_axis',(-1.,0.,0.));
#1822=DIRECTION('',(0.,0.,-1.));
#1823=DIRECTION('center_axis',(0.,0.,-1.));
#1824=DIRECTION('ref_axis',(-1.,0.,0.));
#1825=DIRECTION('center_axis',(0.,0.,1.));
#1826=DIRECTION('ref_axis',(-1.,0.,0.));
#1827=DIRECTION('',(0.,0.,-1.));
#1828=DIRECTION('center_axis',(0.,0.,-1.));
#1829=DIRECTION('ref_axis',(-1.,0.,0.));
#1830=DIRECTION('center_axis',(0.,0.,1.));
#1831=DIRECTION('ref_axis',(-1.,0.,0.));
#1832=DIRECTION('',(0.,0.,-1.));
#1833=DIRECTION('center_axis',(0.,0.,-1.));
#1834=DIRECTION('ref_axis',(-1.,0.,0.));
#1835=DIRECTION('center_axis',(0.,0.,1.));
#1836=DIRECTION('ref_axis',(-1.,0.,0.));
#1837=DIRECTION('',(0.,0.,-1.));
#1838=DIRECTION('center_axis',(0.,0.,-1.));
#1839=DIRECTION('ref_axis',(-1.,0.,0.));
#1840=DIRECTION('center_axis',(0.,0.,1.));
#1841=DIRECTION('ref_axis',(-1.,0.,0.));
#1842=DIRECTION('',(0.,0.,-1.));
#1843=DIRECTION('center_axis',(0.,0.,-1.));
#1844=DIRECTION('ref_axis',(-1.,0.,0.));
#1845=DIRECTION('center_axis',(0.,0.,1.));
#1846=DIRECTION('ref_axis',(-1.,0.,0.));
#1847=DIRECTION('center_axis',(0.,0.,1.));
#1848=DIRECTION('ref_axis',(-1.,0.,0.));
#1849=DIRECTION('',(0.,0.,-1.));
#1850=DIRECTION('center_axis',(0.,0.,1.));
#1851=DIRECTION('ref_axis',(-1.,0.,0.));
#1852=DIRECTION('center_axis',(0.,0.,1.));
#1853=DIRECTION('ref_axis',(-1.,0.,0.));
#1854=DIRECTION('center_axis',(0.,0.,1.));
#1855=DIRECTION('ref_axis',(-1.,0.,0.));
#1856=DIRECTION('center_axis',(0.,0.,-1.));
#1857=DIRECTION('ref_axis',(-1.,0.,0.));
#1858=DIRECTION('center_axis',(0.,0.,-1.));
#1859=DIRECTION('ref_axis',(1.,0.,0.));
#1860=DIRECTION('center_axis',(0.,0.,-1.));
#1861=DIRECTION('ref_axis',(-1.,0.,0.));
#1862=DIRECTION('center_axis',(0.,0.,-1.));
#1863=DIRECTION('ref_axis',(1.,0.,0.));
#1864=DIRECTION('center_axis',(0.,0.,-1.));
#1865=DIRECTION('ref_axis',(-1.,0.,0.));
#1866=DIRECTION('center_axis',(0.,0.,-1.));
#1867=DIRECTION('ref_axis',(1.,0.,0.));
#1868=DIRECTION('center_axis',(0.,0.,-1.));
#1869=DIRECTION('ref_axis',(-1.,0.,0.));
#1870=DIRECTION('center_axis',(0.,0.,-1.));
#1871=DIRECTION('ref_axis',(1.,0.,0.));
#1872=DIRECTION('center_axis',(0.,0.,-1.));
#1873=DIRECTION('ref_axis',(-1.,0.,0.));
#1874=DIRECTION('center_axis',(0.,0.,-1.));
#1875=DIRECTION('ref_axis',(1.,0.,0.));
#1876=DIRECTION('center_axis',(0.,0.,-1.));
#1877=DIRECTION('ref_axis',(-1.,0.,0.));
#1878=DIRECTION('center_axis',(0.,0.,-1.));
#1879=DIRECTION('ref_axis',(1.,0.,0.));
#1880=DIRECTION('center_axis',(0.,0.,-1.));
#1881=DIRECTION('ref_axis',(-1.,0.,0.));
#1882=DIRECTION('center_axis',(0.,0.,-1.));
#1883=DIRECTION('ref_axis',(1.,0.,0.));
#1884=DIRECTION('center_axis',(0.,0.,1.));
#1885=DIRECTION('ref_axis',(1.,0.,0.));
#1886=DIRECTION('center_axis',(0.,0.,1.));
#1887=DIRECTION('ref_axis',(-1.,0.,0.));
#1888=DIRECTION('center_axis',(0.,0.,1.));
#1889=DIRECTION('ref_axis',(-1.,0.,0.));
#1890=DIRECTION('center_axis',(0.,0.,1.));
#1891=DIRECTION('ref_axis',(-1.,0.,0.));
#1892=DIRECTION('center_axis',(0.,0.,-1.));
#1893=DIRECTION('ref_axis',(-1.,0.,0.));
#1894=DIRECTION('center_axis',(0.,0.,-1.));
#1895=DIRECTION('ref_axis',(-1.,0.,0.));
#1896=DIRECTION('',(0.,0.,1.));
#1897=DIRECTION('center_axis',(0.,0.,1.));
#1898=DIRECTION('ref_axis',(-1.,0.,0.));
#1899=DIRECTION('center_axis',(0.,0.,1.));
#1900=DIRECTION('ref_axis',(1.,0.,0.));
#1901=DIRECTION('center_axis',(0.,0.,1.));
#1902=DIRECTION('ref_axis',(1.,0.,0.));
#1903=DIRECTION('center_axis',(0.,0.,-1.));
#1904=DIRECTION('ref_axis',(1.,0.,0.));
#1905=DIRECTION('center_axis',(0.,0.,-1.));
#1906=DIRECTION('ref_axis',(1.,0.,0.));
#1907=DIRECTION('',(0.,0.,1.));
#1908=DIRECTION('center_axis',(0.,0.,-1.));
#1909=DIRECTION('ref_axis',(1.,0.,0.));
#1910=DIRECTION('center_axis',(0.,0.,-1.));
#1911=DIRECTION('ref_axis',(1.,0.,0.));
#1912=DIRECTION('center_axis',(0.,0.,-1.));
#1913=DIRECTION('ref_axis',(1.,0.,0.));
#1914=DIRECTION('center_axis',(0.,0.,1.));
#1915=DIRECTION('ref_axis',(1.,0.,0.));
#1916=DIRECTION('center_axis',(0.,0.,1.));
#1917=DIRECTION('ref_axis',(-1.,0.,0.));
#1918=DIRECTION('center_axis',(0.,0.,1.));
#1919=DIRECTION('ref_axis',(-1.,0.,0.));
#1920=DIRECTION('center_axis',(0.,0.,1.));
#1921=DIRECTION('ref_axis',(-1.,0.,0.));
#1922=DIRECTION('center_axis',(0.,0.,1.));
#1923=DIRECTION('ref_axis',(-1.,0.,0.));
#1924=DIRECTION('center_axis',(0.,0.,1.));
#1925=DIRECTION('ref_axis',(-1.,0.,0.));
#1926=DIRECTION('center_axis',(0.,0.,-1.));
#1927=DIRECTION('ref_axis',(-1.,0.,0.));
#1928=DIRECTION('center_axis',(0.,0.,-1.));
#1929=DIRECTION('ref_axis',(-1.,0.,0.));
#1930=DIRECTION('',(0.,0.,1.));
#1931=DIRECTION('center_axis',(0.,0.,1.));
#1932=DIRECTION('ref_axis',(-1.,0.,0.));
#1933=DIRECTION('center_axis',(0.,0.,1.));
#1934=DIRECTION('ref_axis',(-1.,0.,0.));
#1935=DIRECTION('center_axis',(0.,0.,1.));
#1936=DIRECTION('ref_axis',(-1.,0.,0.));
#1937=DIRECTION('center_axis',(0.,0.,1.));
#1938=DIRECTION('ref_axis',(1.,0.,0.));
#1939=DIRECTION('center_axis',(0.,0.,1.));
#1940=DIRECTION('ref_axis',(-1.,0.,0.));
#1941=DIRECTION('center_axis',(0.,0.,-1.));
#1942=DIRECTION('ref_axis',(1.,0.,0.));
#1943=DIRECTION('center_axis',(0.,0.,-1.));
#1944=DIRECTION('ref_axis',(1.,0.,0.));
#1945=DIRECTION('',(-0.707106781186547,-0.707106781186548,0.));
#1946=DIRECTION('',(0.707106781186548,-0.707106781186547,0.));
#1947=DIRECTION('',(0.707106781186548,0.707106781186548,0.));
#1948=DIRECTION('',(-0.689173405767753,0.724596450986669,0.));
#1949=DIRECTION('',(0.707106781186547,0.707106781186548,0.));
#1950=DIRECTION('',(-0.707106781186548,0.707106781186547,0.));
#1951=DIRECTION('',(-0.707106781186547,-0.707106781186548,0.));
#1952=DIRECTION('',(-0.723255995788391,0.690580020385867,0.));
#1953=DIRECTION('center_axis',(0.,0.,1.));
#1954=DIRECTION('ref_axis',(1.,0.,0.));
#1955=DIRECTION('center_axis',(0.,0.,1.));
#1956=DIRECTION('ref_axis',(1.,0.,0.));
#1957=DIRECTION('center_axis',(0.,0.,1.));
#1958=DIRECTION('ref_axis',(1.,0.,0.));
#1959=DIRECTION('center_axis',(0.,0.,1.));
#1960=DIRECTION('ref_axis',(1.,0.,0.));
#1961=DIRECTION('center_axis',(0.,0.,1.));
#1962=DIRECTION('ref_axis',(1.,0.,0.));
#1963=DIRECTION('center_axis',(0.,0.,1.));
#1964=DIRECTION('ref_axis',(1.,0.,0.));
#1965=DIRECTION('center_axis',(0.,0.,1.));
#1966=DIRECTION('ref_axis',(1.,0.,0.));
#1967=DIRECTION('center_axis',(0.,0.,1.));
#1968=DIRECTION('ref_axis',(1.,0.,0.));
#1969=DIRECTION('center_axis',(0.,0.,1.));
#1970=DIRECTION('ref_axis',(1.,0.,0.));
#1971=DIRECTION('center_axis',(0.,0.,1.));
#1972=DIRECTION('ref_axis',(1.,0.,0.));
#1973=DIRECTION('',(-0.707106781186548,-0.707106781186547,0.));
#1974=DIRECTION('',(0.706991504055865,-0.707222039527068,0.));
#1975=DIRECTION('',(0.707222039527068,0.706991504055865,0.));
#1976=DIRECTION('',(-0.706991504055866,0.707222039527067,0.));
#1977=DIRECTION('',(0.707222039527067,0.706991504055866,0.));
#1978=DIRECTION('',(-0.706928086642631,0.707285430583572,0.));
#1979=DIRECTION('',(-0.707222039527068,-0.706991504055865,0.));
#1980=DIRECTION('',(-0.707106781186547,0.707106781186547,0.));
#1981=DIRECTION('center_axis',(0.,0.,-1.));
#1982=DIRECTION('ref_axis',(-1.,0.,0.));
#1983=DIRECTION('center_axis',(0.,0.,-1.));
#1984=DIRECTION('ref_axis',(1.,0.,0.));
#1985=DIRECTION('center_axis',(0.,0.,-1.));
#1986=DIRECTION('ref_axis',(-1.,0.,0.));
#1987=DIRECTION('center_axis',(0.,0.,-1.));
#1988=DIRECTION('ref_axis',(1.,0.,0.));
#1989=DIRECTION('center_axis',(0.,0.,-1.));
#1990=DIRECTION('ref_axis',(-1.,0.,0.));
#1991=DIRECTION('center_axis',(0.,0.,-1.));
#1992=DIRECTION('ref_axis',(1.,0.,0.));
#1993=DIRECTION('center_axis',(0.,0.,-1.));
#1994=DIRECTION('ref_axis',(-1.,0.,0.));
#1995=DIRECTION('center_axis',(0.,0.,-1.));
#1996=DIRECTION('ref_axis',(-1.,0.,0.));
#1997=DIRECTION('',(0.,0.,1.));
#1998=DIRECTION('center_axis',(0.,0.,1.));
#1999=DIRECTION('ref_axis',(-1.,0.,0.));
#2000=DIRECTION('center_axis',(0.,0.,-1.));
#2001=DIRECTION('ref_axis',(-1.,0.,0.));
#2002=DIRECTION('center_axis',(0.,0.,-1.));
#2003=DIRECTION('ref_axis',(-1.,0.,0.));
#2004=DIRECTION('',(0.,0.,1.));
#2005=DIRECTION('center_axis',(0.,0.,1.));
#2006=DIRECTION('ref_axis',(-1.,0.,0.));
#2007=DIRECTION('center_axis',(0.,0.,1.));
#2008=DIRECTION('ref_axis',(-1.,0.,0.));
#2009=DIRECTION('center_axis',(0.,0.,1.));
#2010=DIRECTION('ref_axis',(-1.,0.,0.));
#2011=DIRECTION('center_axis',(0.,0.,1.));
#2012=DIRECTION('ref_axis',(-1.,0.,0.));
#2013=DIRECTION('center_axis',(0.,0.,1.));
#2014=DIRECTION('ref_axis',(-1.,0.,0.));
#2015=DIRECTION('center_axis',(0.,0.,-1.));
#2016=DIRECTION('ref_axis',(-1.,0.,0.));
#2017=DIRECTION('center_axis',(0.,0.,-1.));
#2018=DIRECTION('ref_axis',(-1.,0.,0.));
#2019=DIRECTION('',(0.,0.,1.));
#2020=DIRECTION('center_axis',(0.,0.,1.));
#2021=DIRECTION('ref_axis',(-1.,0.,0.));
#2022=DIRECTION('center_axis',(0.,0.,-1.));
#2023=DIRECTION('ref_axis',(-1.,0.,0.));
#2024=DIRECTION('center_axis',(0.,0.,-1.));
#2025=DIRECTION('ref_axis',(-1.,0.,0.));
#2026=DIRECTION('',(0.,0.,1.));
#2027=DIRECTION('center_axis',(0.,0.,1.));
#2028=DIRECTION('ref_axis',(-1.,0.,0.));
#2029=DIRECTION('center_axis',(0.,0.,-1.));
#2030=DIRECTION('ref_axis',(-1.,0.,0.));
#2031=DIRECTION('center_axis',(0.,0.,-1.));
#2032=DIRECTION('ref_axis',(1.,0.,0.));
#2033=DIRECTION('center_axis',(0.,0.,-1.));
#2034=DIRECTION('ref_axis',(-1.,0.,0.));
#2035=DIRECTION('center_axis',(0.,0.,-1.));
#2036=DIRECTION('ref_axis',(1.,0.,0.));
#2037=DIRECTION('',(0.,0.,1.));
#2038=DIRECTION('',(1.,0.,0.));
#2039=CARTESIAN_POINT('',(0.,0.,0.));
#2040=CARTESIAN_POINT('',(0.,0.,0.));
#2041=CARTESIAN_POINT('Origin',(-51.2270475636276,30.1402940395027,62.292));
#2042=CARTESIAN_POINT('',(-51.2270475636276,30.1402940395027,61.75));
#2043=CARTESIAN_POINT('',(-30.0138441280312,51.3534974750991,61.75));
#2044=CARTESIAN_POINT('',(-45.9553591825964,35.4119824205339,61.75));
#2045=CARTESIAN_POINT('',(-51.2270475636276,30.1402940395027,46.5));
#2046=CARTESIAN_POINT('',(-51.2270475636276,30.1402940395027,62.292));
#2047=CARTESIAN_POINT('',(-30.0138441280312,51.3534974750991,46.5));
#2048=CARTESIAN_POINT('',(-45.9553591825964,35.4119824205339,46.5));
#2049=CARTESIAN_POINT('',(-30.0138441280312,51.3534974750991,62.292));
#2050=CARTESIAN_POINT('Origin',(-30.0138441280312,51.3534974750991,62.292));
#2051=CARTESIAN_POINT('',(-26.4783102220985,47.8179635691664,61.75));
#2052=CARTESIAN_POINT('',(-9.67200872724862,31.0116620743165,61.75));
#2053=CARTESIAN_POINT('',(-26.4783102220985,47.8179635691664,46.5));
#2054=CARTESIAN_POINT('',(-9.67200872724862,31.0116620743165,46.5));
#2055=CARTESIAN_POINT('',(-26.4783102220985,47.8179635691664,62.292));
#2056=CARTESIAN_POINT('Origin',(-26.4783102220985,47.8179635691664,62.292));
#2057=CARTESIAN_POINT('',(-47.6915136576949,26.6047601335699,61.75));
#2058=CARTESIAN_POINT('',(-31.8132235588655,42.4830502323994,61.75));
#2059=CARTESIAN_POINT('',(-47.6915136576949,26.6047601335699,46.5));
#2060=CARTESIAN_POINT('',(-31.8132235588655,42.4830502323994,46.5));
#2061=CARTESIAN_POINT('',(-47.6915136576949,26.6047601335699,62.292));
#2062=CARTESIAN_POINT('Origin',(-47.6915136576949,26.6047601335699,62.292));
#2063=CARTESIAN_POINT('',(-46.0376034881799,24.86584010408,61.75));
#2064=CARTESIAN_POINT('',(-29.7228892219901,7.7125605996667,61.75));
#2065=CARTESIAN_POINT('',(-46.0376034881799,24.86584010408,46.5));
#2066=CARTESIAN_POINT('',(-29.7228892219901,7.7125605996667,46.5));
#2067=CARTESIAN_POINT('',(-46.0376034881799,24.86584010408,62.292));
#2068=CARTESIAN_POINT('Origin',(-46.0376034881799,24.86584010408,62.292));
#2069=CARTESIAN_POINT('',(-53.1086713000454,17.7947722922145,61.75));
#2070=CARTESIAN_POINT('',(-40.7446626421549,30.158780950105,61.75));
#2071=CARTESIAN_POINT('',(-53.1086713000454,17.7947722922145,46.5));
#2072=CARTESIAN_POINT('',(-40.7446626421549,30.158780950105,46.5));
#2073=CARTESIAN_POINT('',(-53.1086713000454,17.7947722922145,62.292));
#2074=CARTESIAN_POINT('Origin',(-53.1086713000454,31.9369079159455,62.292));
#2075=CARTESIAN_POINT('',(-53.1086713000454,31.9369079159455,61.75));
#2076=CARTESIAN_POINT('',(-31.2424165586006,11.058548478843,61.75));
#2077=CARTESIAN_POINT('',(-53.1086713000454,31.9369079159455,46.5));
#2078=CARTESIAN_POINT('',(-53.1086713000454,31.9369079159455,62.292));
#2079=CARTESIAN_POINT('',(-31.2424165586006,11.058548478843,46.5));
#2080=CARTESIAN_POINT('Origin',(-60.1797391119108,24.86584010408,62.292));
#2081=CARTESIAN_POINT('',(-60.1797391119108,24.86584010408,61.75));
#2082=CARTESIAN_POINT('',(-51.3512643599531,33.6943148560377,61.75));
#2083=CARTESIAN_POINT('',(-60.1797391119108,24.86584010408,46.5));
#2084=CARTESIAN_POINT('',(-60.1797391119108,24.86584010408,62.292));
#2085=CARTESIAN_POINT('',(-51.3512643599531,33.6943148560377,46.5));
#2086=CARTESIAN_POINT('Origin',(-53.1086713000454,17.7947722922145,62.292));
#2087=CARTESIAN_POINT('',(-35.3828104019804,0.0689113941495612,61.75));
#2088=CARTESIAN_POINT('',(-35.3828104019804,0.0689113941495612,46.5));
#2089=CARTESIAN_POINT('Origin',(25.1114794537336,-46.2832428378335,62.292));
#2090=CARTESIAN_POINT('',(25.1114794537336,-46.2832428378335,61.75));
#2091=CARTESIAN_POINT('',(46.3281406395456,-25.0734977161576,61.75));
#2092=CARTESIAN_POINT('',(30.4023729335881,-40.9940740477557,61.75));
#2093=CARTESIAN_POINT('',(25.1114794537336,-46.2832428378335,46.5));
#2094=CARTESIAN_POINT('',(25.1114794537336,-46.2832428378335,62.292));
#2095=CARTESIAN_POINT('',(46.3281406395456,-25.0734977161576,46.5));
#2096=CARTESIAN_POINT('',(30.4023729335881,-40.9940740477557,46.5));
#2097=CARTESIAN_POINT('',(46.3281406395456,-25.0734977161576,62.292));
#2098=CARTESIAN_POINT('Origin',(46.3281406395456,-25.0734977161576,62.292));
#2099=CARTESIAN_POINT('',(49.6942706622389,-28.4413292784992,61.75));
#2100=CARTESIAN_POINT('',(28.4835849556613,-7.21992181653576,61.75));
#2101=CARTESIAN_POINT('',(49.6942706622389,-28.4413292784992,46.5));
#2102=CARTESIAN_POINT('',(28.4835849556613,-7.21992181653576,46.5));
#2103=CARTESIAN_POINT('',(49.6942706622389,-28.4413292784992,62.292));
#2104=CARTESIAN_POINT('Origin',(49.6942706622389,-28.4413292784992,62.292));
#2105=CARTESIAN_POINT('',(28.4776094764268,-49.6510744001752,61.75));
#2106=CARTESIAN_POINT('',(44.3769845275511,-33.7568821201107,61.75));
#2107=CARTESIAN_POINT('',(28.4776094764268,-49.6510744001752,46.5));
#2108=CARTESIAN_POINT('',(44.3769845275511,-33.7568821201107,46.5));
#2109=CARTESIAN_POINT('',(28.4776094764268,-49.6510744001752,62.292));
#2110=CARTESIAN_POINT('Origin',(28.4776094764268,-49.6510744001752,62.292));
#2111=CARTESIAN_POINT('',(30.3299272170532,-51.5039961437361,61.75));
#2112=CARTESIAN_POINT('',(8.94776027999521,-30.1148569193142,61.75));
#2113=CARTESIAN_POINT('',(30.3299272170532,-51.5039961437361,46.5));
#2114=CARTESIAN_POINT('',(8.94776027999521,-30.1148569193142,46.5));
#2115=CARTESIAN_POINT('',(30.3299272170532,-51.5039961437361,62.292));
#2116=CARTESIAN_POINT('Origin',(30.3299272170532,-51.5039961437361,62.292));
#2117=CARTESIAN_POINT('',(23.2577068217825,-58.5739111842948,61.75));
#2118=CARTESIAN_POINT('',(35.6209716752714,-46.2146764245096,61.75));
#2119=CARTESIAN_POINT('',(23.2577068217825,-58.5739111842948,46.5));
#2120=CARTESIAN_POINT('',(35.6209716752714,-46.2146764245096,46.5));
#2121=CARTESIAN_POINT('',(23.2577068217825,-58.5739111842948,62.292));
#2122=CARTESIAN_POINT('Origin',(23.2588596870249,-44.4306230711248,62.292));
#2123=CARTESIAN_POINT('',(23.2588596870249,-44.4306230711248,61.75));
#2124=CARTESIAN_POINT('',(6.33648899748745,-27.5082523815874,61.75));
#2125=CARTESIAN_POINT('',(23.2588596870249,-44.4306230711248,46.5));
#2126=CARTESIAN_POINT('',(23.2588596870249,-44.4306230711248,62.292));
#2127=CARTESIAN_POINT('',(6.33648899748745,-27.5082523815874,46.5));
#2128=CARTESIAN_POINT('Origin',(16.1877918751594,-51.5016908829902,62.292));
#2129=CARTESIAN_POINT('',(16.1877918751594,-51.5016908829902,61.75));
#2130=CARTESIAN_POINT('',(25.0162666271171,-42.6732161310325,61.75));
#2131=CARTESIAN_POINT('',(16.1877918751594,-51.5016908829902,46.5));
#2132=CARTESIAN_POINT('',(16.1877918751594,-51.5016908829902,62.292));
#2133=CARTESIAN_POINT('',(25.0162666271171,-42.6732161310325,46.5));
#2134=CARTESIAN_POINT('Origin',(23.2577068217825,-58.5739111842948,62.292));
#2135=CARTESIAN_POINT('',(2.80169875503773,-38.1112328316533,61.75));
#2136=CARTESIAN_POINT('',(2.80169875503773,-38.1112328316533,46.5));
#2137=CARTESIAN_POINT('Origin',(47.2180565914248,-9.20705157789989,62.292));
#2138=CARTESIAN_POINT('',(47.2180565914248,-9.20705157789989,61.75));
#2139=CARTESIAN_POINT('',(9.04763159747122,-47.3650340341211,61.75));
#2140=CARTESIAN_POINT('',(37.7114566326307,-18.7105526393484,61.75));
#2141=CARTESIAN_POINT('',(47.2180565914248,-9.20705157789989,52.292));
#2142=CARTESIAN_POINT('',(47.2180565914248,-9.20705157789989,62.292));
#2143=CARTESIAN_POINT('',(9.04763159747122,-47.3650340341211,52.292));
#2144=CARTESIAN_POINT('',(9.04763159747122,-47.3650340341211,52.292));
#2145=CARTESIAN_POINT('',(9.04763159747122,-47.3650340341211,62.292));
#2146=CARTESIAN_POINT('Origin',(9.04763159747122,-47.3650340341211,62.292));
#2147=CARTESIAN_POINT('',(-49.152218623371,10.853793967667,61.75));
#2148=CARTESIAN_POINT('',(-5.05479673944708,-33.2580071837227,61.75));
#2149=CARTESIAN_POINT('',(-49.152218623371,10.853793967667,52.292));
#2150=CARTESIAN_POINT('',(-49.152218623371,10.853793967667,52.292));
#2151=CARTESIAN_POINT('',(-49.152218623371,10.853793967667,62.292));
#2152=CARTESIAN_POINT('Origin',(-49.1522186233709,10.853793967667,62.292));
#2153=CARTESIAN_POINT('',(-10.9808436622241,49.0108261469301,61.75));
#2154=CARTESIAN_POINT('',(-39.572994199974,20.4294190256584,61.75));
#2155=CARTESIAN_POINT('',(-10.9808436622241,49.0108261469301,52.292));
#2156=CARTESIAN_POINT('',(-10.9808436622241,49.0108261469301,52.292));
#2157=CARTESIAN_POINT('',(-10.9808436622241,49.0108261469301,62.292));
#2158=CARTESIAN_POINT('Origin',(-10.9808436622241,49.0108261469301,62.292));
#2159=CARTESIAN_POINT('',(4.01617812768205,34.0089141349136,61.75));
#2160=CARTESIAN_POINT('',(47.2180565914248,-9.20705157789989,52.292));
#2161=CARTESIAN_POINT('Origin',(-0.967081015973061,0.82289605640451,52.292));
#2162=CARTESIAN_POINT('',(-12.5,3.67394039744206E-16,52.292));
#2163=CARTESIAN_POINT('Origin',(-15.5,0.,52.292));
#2164=CARTESIAN_POINT('',(3.,-15.5,52.292));
#2165=CARTESIAN_POINT('Origin',(0.,-15.5,52.292));
#2166=CARTESIAN_POINT('',(3.,15.5,52.292));
#2167=CARTESIAN_POINT('Origin',(0.,15.5,52.292));
#2168=CARTESIAN_POINT('',(18.5,3.67394039744206E-16,52.292));
#2169=CARTESIAN_POINT('Origin',(15.5,0.,52.292));
#2170=CARTESIAN_POINT('',(8.6,1.05319624726672E-15,52.292));
#2171=CARTESIAN_POINT('Origin',(0.,0.,52.292));
#2172=CARTESIAN_POINT('Origin',(49.9978701873177,50.0187524821267,11.75));
#2173=CARTESIAN_POINT('',(47.4978701873177,50.0187524821267,50.55));
#2174=CARTESIAN_POINT('Origin',(49.9978701873177,50.0187524821267,50.55));
#2175=CARTESIAN_POINT('',(47.4978701873177,50.0187524821267,46.5));
#2176=CARTESIAN_POINT('',(47.4978701873177,50.0187524821267,11.75));
#2177=CARTESIAN_POINT('Origin',(49.9978701873177,50.0187524821267,46.5));
#2178=CARTESIAN_POINT('Origin',(-25.058263413907,-24.883611792782,11.75));
#2179=CARTESIAN_POINT('',(-27.558263413907,-24.883611792782,50.55));
#2180=CARTESIAN_POINT('Origin',(-25.058263413907,-24.883611792782,50.55));
#2181=CARTESIAN_POINT('',(-27.558263413907,-24.883611792782,46.5));
#2182=CARTESIAN_POINT('',(-27.558263413907,-24.883611792782,11.75));
#2183=CARTESIAN_POINT('Origin',(-25.058263413907,-24.883611792782,46.5));
#2184=CARTESIAN_POINT('Origin',(-74.9618192615849,-75.1209658400174,11.75));
#2185=CARTESIAN_POINT('',(-77.4618192615849,-75.1209658400174,50.55));
#2186=CARTESIAN_POINT('Origin',(-74.9618192615849,-75.1209658400174,50.55));
#2187=CARTESIAN_POINT('',(-77.4618192615849,-75.1209658400174,46.5));
#2188=CARTESIAN_POINT('',(-77.4618192615849,-75.1209658400174,11.75));
#2189=CARTESIAN_POINT('Origin',(-74.9618192615849,-75.1209658400174,46.5));
#2190=CARTESIAN_POINT('Origin',(-50.0155082392951,-49.9547739404274,11.75));
#2191=CARTESIAN_POINT('',(-52.5155082392951,-49.9547739404274,50.55));
#2192=CARTESIAN_POINT('Origin',(-50.0155082392951,-49.9547739404274,50.55));
#2193=CARTESIAN_POINT('',(-52.5155082392951,-49.9547739404274,46.5));
#2194=CARTESIAN_POINT('',(-52.5155082392951,-49.9547739404274,11.75));
#2195=CARTESIAN_POINT('Origin',(-50.0155082392951,-49.9547739404274,46.5));
#2196=CARTESIAN_POINT('Origin',(25.0598419155261,24.9779213602855,11.75));
#2197=CARTESIAN_POINT('',(22.5598419155261,24.9779213602855,50.55));
#2198=CARTESIAN_POINT('Origin',(25.0598419155261,24.9779213602855,50.55));
#2199=CARTESIAN_POINT('',(22.5598419155261,24.9779213602855,46.5));
#2200=CARTESIAN_POINT('',(22.5598419155261,24.9779213602855,11.75));
#2201=CARTESIAN_POINT('Origin',(25.0598419155261,24.9779213602855,46.5));
#2202=CARTESIAN_POINT('Origin',(75.0045962216603,75.1291037370549,11.75));
#2203=CARTESIAN_POINT('',(72.5045962216603,75.1291037370549,50.55));
#2204=CARTESIAN_POINT('Origin',(75.0045962216603,75.1291037370549,50.55));
#2205=CARTESIAN_POINT('',(72.5045962216603,75.1291037370549,46.5));
#2206=CARTESIAN_POINT('',(72.5045962216603,75.1291037370549,11.75));
#2207=CARTESIAN_POINT('Origin',(75.0045962216603,75.1291037370549,46.5));
#2208=CARTESIAN_POINT('Origin',(-50.0155082392951,-49.9547739404274,56.15));
#2209=CARTESIAN_POINT('',(-54.7805082392951,-49.9547739404274,61.75));
#2210=CARTESIAN_POINT('Origin',(-50.0155082392951,-49.9547739404274,61.75));
#2211=CARTESIAN_POINT('',(-54.7805082392951,-49.9547739404274,50.55));
#2212=CARTESIAN_POINT('',(-54.7805082392951,-49.9547739404274,56.15));
#2213=CARTESIAN_POINT('Origin',(-50.0155082392951,-49.9547739404274,50.55));
#2214=CARTESIAN_POINT('Origin',(-50.0155082392951,-49.9547739404274,50.55));
#2215=CARTESIAN_POINT('Origin',(25.0598419155261,24.9779213602855,56.15));
#2216=CARTESIAN_POINT('',(20.2948419155261,24.9779213602855,61.75));
#2217=CARTESIAN_POINT('Origin',(25.0598419155261,24.9779213602855,61.75));
#2218=CARTESIAN_POINT('',(20.2948419155261,24.9779213602855,50.55));
#2219=CARTESIAN_POINT('',(20.2948419155261,24.9779213602855,56.15));
#2220=CARTESIAN_POINT('Origin',(25.0598419155261,24.9779213602855,50.55));
#2221=CARTESIAN_POINT('Origin',(25.0598419155261,24.9779213602855,50.55));
#2222=CARTESIAN_POINT('Origin',(75.0045962216603,75.1291037370549,56.15));
#2223=CARTESIAN_POINT('',(70.2395962216603,75.1291037370549,61.75));
#2224=CARTESIAN_POINT('Origin',(75.0045962216603,75.1291037370549,61.75));
#2225=CARTESIAN_POINT('',(70.2395962216603,75.1291037370549,50.55));
#2226=CARTESIAN_POINT('',(70.2395962216603,75.1291037370549,56.15));
#2227=CARTESIAN_POINT('Origin',(75.0045962216603,75.1291037370549,50.55));
#2228=CARTESIAN_POINT('Origin',(75.0045962216603,75.1291037370549,50.55));
#2229=CARTESIAN_POINT('Origin',(49.9978701873177,50.0187524821267,56.15));
#2230=CARTESIAN_POINT('',(45.2328701873177,50.0187524821267,61.75));
#2231=CARTESIAN_POINT('Origin',(49.9978701873177,50.0187524821267,61.75));
#2232=CARTESIAN_POINT('',(45.2328701873177,50.0187524821267,50.55));
#2233=CARTESIAN_POINT('',(45.2328701873177,50.0187524821267,56.15));
#2234=CARTESIAN_POINT('Origin',(49.9978701873177,50.0187524821267,50.55));
#2235=CARTESIAN_POINT('Origin',(49.9978701873177,50.0187524821267,50.55));
#2236=CARTESIAN_POINT('Origin',(-25.058263413907,-24.883611792782,56.15));
#2237=CARTESIAN_POINT('',(-29.823263413907,-24.883611792782,61.75));
#2238=CARTESIAN_POINT('Origin',(-25.058263413907,-24.883611792782,61.75));
#2239=CARTESIAN_POINT('',(-29.823263413907,-24.883611792782,50.55));
#2240=CARTESIAN_POINT('',(-29.823263413907,-24.883611792782,56.15));
#2241=CARTESIAN_POINT('Origin',(-25.058263413907,-24.883611792782,50.55));
#2242=CARTESIAN_POINT('Origin',(-25.058263413907,-24.883611792782,50.55));
#2243=CARTESIAN_POINT('Origin',(-74.9618192615849,-75.1209658400174,56.15));
#2244=CARTESIAN_POINT('',(-79.7268192615849,-75.1209658400174,61.75));
#2245=CARTESIAN_POINT('Origin',(-74.9618192615849,-75.1209658400174,61.75));
#2246=CARTESIAN_POINT('',(-79.7268192615849,-75.1209658400174,50.55));
#2247=CARTESIAN_POINT('',(-79.7268192615849,-75.1209658400174,56.15));
#2248=CARTESIAN_POINT('Origin',(-74.9618192615849,-75.1209658400174,50.55));
#2249=CARTESIAN_POINT('Origin',(-74.9618192615849,-75.1209658400174,50.55));
#2250=CARTESIAN_POINT('Origin',(0.,0.,46.5));
#2251=CARTESIAN_POINT('',(8.6,1.05319624726672E-15,46.5));
#2252=CARTESIAN_POINT('',(8.6,1.05319624726672E-15,46.5));
#2253=CARTESIAN_POINT('Origin',(0.,0.,46.5));
#2254=CARTESIAN_POINT('Origin',(15.5,0.,46.5));
#2255=CARTESIAN_POINT('',(18.5,3.67394039744206E-16,46.5));
#2256=CARTESIAN_POINT('',(18.5,3.67394039744206E-16,46.5));
#2257=CARTESIAN_POINT('Origin',(15.5,0.,46.5));
#2258=CARTESIAN_POINT('Origin',(0.,15.5,46.5));
#2259=CARTESIAN_POINT('',(3.,15.5,46.5));
#2260=CARTESIAN_POINT('',(3.,15.5,46.5));
#2261=CARTESIAN_POINT('Origin',(0.,15.5,46.5));
#2262=CARTESIAN_POINT('Origin',(0.,-15.5,46.5));
#2263=CARTESIAN_POINT('',(3.,-15.5,46.5));
#2264=CARTESIAN_POINT('',(3.,-15.5,46.5));
#2265=CARTESIAN_POINT('Origin',(0.,-15.5,46.5));
#2266=CARTESIAN_POINT('Origin',(-15.5,0.,46.5));
#2267=CARTESIAN_POINT('',(-12.5,3.67394039744206E-16,46.5));
#2268=CARTESIAN_POINT('',(-12.5,3.67394039744206E-16,46.5));
#2269=CARTESIAN_POINT('Origin',(-15.5,0.,46.5));
#2270=CARTESIAN_POINT('Origin',(0.,0.,46.5));
#2271=CARTESIAN_POINT('',(128.,1.56754790290861E-14,61.75));
#2272=CARTESIAN_POINT('Origin',(0.,0.,61.75));
#2273=CARTESIAN_POINT('',(128.,1.56754790290861E-14,46.5));
#2274=CARTESIAN_POINT('',(128.,1.56754790290861E-14,46.5));
#2275=CARTESIAN_POINT('Origin',(0.,0.,46.5));
#2276=CARTESIAN_POINT('Origin',(0.,0.,61.75));
#2277=CARTESIAN_POINT('Origin',(0.,0.,46.5));
#2278=CARTESIAN_POINT('Origin',(-25.058263413907,-24.883611792782,50.55));
#2279=CARTESIAN_POINT('',(-27.558263413907,-24.883611792782,50.55));
#2280=CARTESIAN_POINT('Origin',(-25.058263413907,-24.883611792782,50.55));
#2281=CARTESIAN_POINT('Origin',(-25.058263413907,-24.883611792782,50.55));
#2282=CARTESIAN_POINT('',(-27.558263413907,-24.883611792782,50.55));
#2283=CARTESIAN_POINT('Origin',(-25.058263413907,-24.883611792782,50.55));
#2284=CARTESIAN_POINT('Origin',(-25.058263413907,-24.883611792782,50.55));
#2285=CARTESIAN_POINT('',(-27.558263413907,-24.883611792782,50.55));
#2286=CARTESIAN_POINT('Origin',(-25.058263413907,-24.883611792782,50.55));
#2287=CARTESIAN_POINT('Origin',(-25.058263413907,-24.883611792782,50.55));
#2288=CARTESIAN_POINT('',(-27.558263413907,-24.883611792782,50.55));
#2289=CARTESIAN_POINT('Origin',(-25.058263413907,-24.883611792782,50.55));
#2290=CARTESIAN_POINT('Origin',(-25.058263413907,-24.883611792782,50.55));
#2291=CARTESIAN_POINT('',(-27.558263413907,-24.883611792782,50.55));
#2292=CARTESIAN_POINT('Origin',(-25.058263413907,-24.883611792782,50.55));
#2293=CARTESIAN_POINT('Origin',(-25.058263413907,-24.883611792782,46.5));
#2294=CARTESIAN_POINT('',(-27.558263413907,-24.883611792782,46.5));
#2295=CARTESIAN_POINT('Origin',(-25.058263413907,-24.883611792782,46.5));
#2296=CARTESIAN_POINT('Origin',(25.0598419155261,24.9779213602855,46.5));
#2297=CARTESIAN_POINT('',(22.5598419155261,24.9779213602855,46.5));
#2298=CARTESIAN_POINT('Origin',(25.0598419155261,24.9779213602855,46.5));
#2299=CARTESIAN_POINT('Origin',(25.0598419155261,24.9779213602855,61.75));
#2300=CARTESIAN_POINT('',(29.8248419155261,24.9779213602855,61.75));
#2301=CARTESIAN_POINT('Origin',(25.0598419155261,24.9779213602855,61.75));
#2302=CARTESIAN_POINT('Origin',(-25.058263413907,-24.883611792782,61.75));
#2303=CARTESIAN_POINT('',(-20.293263413907,-24.883611792782,61.75));
#2304=CARTESIAN_POINT('Origin',(-25.058263413907,-24.883611792782,61.75));
#2305=CARTESIAN_POINT('Origin',(25.0598419155261,24.9779213602855,61.75));
#2306=CARTESIAN_POINT('',(29.8248419155261,24.9779213602855,46.65));
#2307=CARTESIAN_POINT('Origin',(25.0598419155261,24.9779213602855,46.65));
#2308=CARTESIAN_POINT('',(29.8248419155261,24.9779213602855,61.75));
#2309=CARTESIAN_POINT('',(29.8248419155261,24.9779213602855,61.75));
#2310=CARTESIAN_POINT('Origin',(25.0598419155261,24.9779213602855,61.75));
#2311=CARTESIAN_POINT('Origin',(25.0598419155261,24.9779213602855,61.75));
#2312=CARTESIAN_POINT('Origin',(25.0598419155261,24.9779213602855,46.65));
#2313=CARTESIAN_POINT('Origin',(-25.058263413907,-24.883611792782,61.75));
#2314=CARTESIAN_POINT('',(-29.823263413907,-24.883611792782,46.65));
#2315=CARTESIAN_POINT('Origin',(-25.058263413907,-24.883611792782,46.65));
#2316=CARTESIAN_POINT('',(-29.823263413907,-24.883611792782,61.75));
#2317=CARTESIAN_POINT('',(-29.823263413907,-24.883611792782,61.75));
#2318=CARTESIAN_POINT('Origin',(-25.058263413907,-24.883611792782,61.75));
#2319=CARTESIAN_POINT('Origin',(-25.058263413907,-24.883611792782,46.65));
#2320=CARTESIAN_POINT('Origin',(-25.058263413907,-24.883611792782,61.75));
#2321=CARTESIAN_POINT('Origin',(49.9978701873177,50.0187524821267,50.55));
#2322=CARTESIAN_POINT('',(54.7628701873177,50.0187524821267,50.55));
#2323=CARTESIAN_POINT('Origin',(49.9978701873177,50.0187524821267,50.55));
#2324=CARTESIAN_POINT('Origin',(49.9978701873177,50.0187524821267,50.55));
#2325=CARTESIAN_POINT('',(54.7628701873177,50.0187524821267,50.55));
#2326=CARTESIAN_POINT('Origin',(49.9978701873177,50.0187524821267,50.55));
#2327=CARTESIAN_POINT('Origin',(49.9978701873177,50.0187524821267,61.75));
#2328=CARTESIAN_POINT('',(54.7628701873177,50.0187524821267,61.75));
#2329=CARTESIAN_POINT('Origin',(49.9978701873177,50.0187524821267,61.75));
#2330=CARTESIAN_POINT('Origin',(49.9978701873177,50.0187524821267,61.75));
#2331=CARTESIAN_POINT('',(54.7628701873177,50.0187524821267,46.65));
#2332=CARTESIAN_POINT('Origin',(49.9978701873177,50.0187524821267,46.65));
#2333=CARTESIAN_POINT('',(54.7628701873177,50.0187524821267,61.75));
#2334=CARTESIAN_POINT('',(54.7628701873177,50.0187524821267,61.75));
#2335=CARTESIAN_POINT('Origin',(49.9978701873177,50.0187524821267,61.75));
#2336=CARTESIAN_POINT('Origin',(49.9978701873177,50.0187524821267,61.75));
#2337=CARTESIAN_POINT('Origin',(49.9978701873177,50.0187524821267,46.65));
#2338=CARTESIAN_POINT('Origin',(-50.0155082392951,-49.9547739404274,61.75));
#2339=CARTESIAN_POINT('',(-45.2505082392951,-49.9547739404274,61.75));
#2340=CARTESIAN_POINT('Origin',(-50.0155082392951,-49.9547739404274,61.75));
#2341=CARTESIAN_POINT('Origin',(-50.0155082392951,-49.9547739404274,46.5));
#2342=CARTESIAN_POINT('',(-128.,1.56754790290861E-14,46.5));
#2343=CARTESIAN_POINT('Origin',(0.,0.,46.5));
#2344=CARTESIAN_POINT('',(-53.1086713000454,31.9369079159455,46.5));
#2345=CARTESIAN_POINT('',(-60.1797391119108,24.86584010408,46.5));
#2346=CARTESIAN_POINT('',(-53.1086713000454,31.9369079159455,46.5));
#2347=CARTESIAN_POINT('',(-53.1086713000454,17.7947722922145,46.5));
#2348=CARTESIAN_POINT('',(-60.1797391119108,24.86584010408,46.5));
#2349=CARTESIAN_POINT('',(-46.0376034881799,24.86584010408,46.5));
#2350=CARTESIAN_POINT('',(-53.1086713000454,17.7947722922145,46.5));
#2351=CARTESIAN_POINT('',(-47.6915136576949,26.6047601335699,46.5));
#2352=CARTESIAN_POINT('',(-46.0376034881799,24.86584010408,46.5));
#2353=CARTESIAN_POINT('',(-26.4783102220985,47.8179635691664,46.5));
#2354=CARTESIAN_POINT('',(-47.6915136576949,26.6047601335699,46.5));
#2355=CARTESIAN_POINT('',(-30.0138441280312,51.3534974750991,46.5));
#2356=CARTESIAN_POINT('',(-26.4783102220985,47.8179635691664,46.5));
#2357=CARTESIAN_POINT('',(-51.2270475636276,30.1402940395027,46.5));
#2358=CARTESIAN_POINT('',(-30.0138441280312,51.3534974750991,46.5));
#2359=CARTESIAN_POINT('',(-51.2270475636276,30.1402940395027,46.5));
#2360=CARTESIAN_POINT('',(-27.558263413907,-24.883611792782,46.5));
#2361=CARTESIAN_POINT('Origin',(-25.058263413907,-24.883611792782,46.5));
#2362=CARTESIAN_POINT('',(-3.,-15.5,46.5));
#2363=CARTESIAN_POINT('Origin',(0.,-15.5,46.5));
#2364=CARTESIAN_POINT('',(-8.6,1.05319624726672E-15,46.5));
#2365=CARTESIAN_POINT('Origin',(0.,0.,46.5));
#2366=CARTESIAN_POINT('',(12.5,3.67394039744206E-16,46.5));
#2367=CARTESIAN_POINT('Origin',(15.5,0.,46.5));
#2368=CARTESIAN_POINT('',(22.5598419155261,24.9779213602855,46.5));
#2369=CARTESIAN_POINT('Origin',(25.0598419155261,24.9779213602855,46.5));
#2370=CARTESIAN_POINT('',(-3.,15.5,46.5));
#2371=CARTESIAN_POINT('Origin',(0.,15.5,46.5));
#2372=CARTESIAN_POINT('',(-18.5,3.67394039744206E-16,46.5));
#2373=CARTESIAN_POINT('Origin',(-15.5,0.,46.5));
#2374=CARTESIAN_POINT('',(47.4978701873177,50.0187524821267,46.5));
#2375=CARTESIAN_POINT('Origin',(49.9978701873177,50.0187524821267,46.5));
#2376=CARTESIAN_POINT('',(72.5045962216603,75.1291037370549,46.5));
#2377=CARTESIAN_POINT('Origin',(75.0045962216603,75.1291037370549,46.5));
#2378=CARTESIAN_POINT('',(-77.4618192615849,-75.1209658400174,46.5));
#2379=CARTESIAN_POINT('Origin',(-74.9618192615849,-75.1209658400174,46.5));
#2380=CARTESIAN_POINT('',(23.2588596870249,-44.4306230711248,46.5));
#2381=CARTESIAN_POINT('',(16.1877918751594,-51.5016908829902,46.5));
#2382=CARTESIAN_POINT('',(23.2588596870249,-44.4306230711248,46.5));
#2383=CARTESIAN_POINT('',(23.2577068217825,-58.5739111842948,46.5));
#2384=CARTESIAN_POINT('',(16.1877918751594,-51.5016908829902,46.5));
#2385=CARTESIAN_POINT('',(30.3299272170532,-51.5039961437361,46.5));
#2386=CARTESIAN_POINT('',(23.2577068217825,-58.5739111842948,46.5));
#2387=CARTESIAN_POINT('',(28.4776094764268,-49.6510744001752,46.5));
#2388=CARTESIAN_POINT('',(30.3299272170532,-51.5039961437361,46.5));
#2389=CARTESIAN_POINT('',(49.6942706622389,-28.4413292784992,46.5));
#2390=CARTESIAN_POINT('',(28.4776094764268,-49.6510744001752,46.5));
#2391=CARTESIAN_POINT('',(46.3281406395456,-25.0734977161576,46.5));
#2392=CARTESIAN_POINT('',(49.6942706622389,-28.4413292784992,46.5));
#2393=CARTESIAN_POINT('',(25.1114794537336,-46.2832428378335,46.5));
#2394=CARTESIAN_POINT('',(46.3281406395456,-25.0734977161576,46.5));
#2395=CARTESIAN_POINT('',(25.1114794537336,-46.2832428378335,46.5));
#2396=CARTESIAN_POINT('Origin',(-74.9618192615849,-75.1209658400174,46.5));
#2397=CARTESIAN_POINT('',(-77.4618192615849,-75.1209658400174,46.5));
#2398=CARTESIAN_POINT('Origin',(-74.9618192615849,-75.1209658400174,46.5));
#2399=CARTESIAN_POINT('Origin',(75.0045962216603,75.1291037370549,46.5));
#2400=CARTESIAN_POINT('',(72.5045962216603,75.1291037370549,46.5));
#2401=CARTESIAN_POINT('Origin',(75.0045962216603,75.1291037370549,46.5));
#2402=CARTESIAN_POINT('Origin',(49.9978701873177,50.0187524821267,46.5));
#2403=CARTESIAN_POINT('',(47.4978701873177,50.0187524821267,46.5));
#2404=CARTESIAN_POINT('Origin',(49.9978701873177,50.0187524821267,46.5));
#2405=CARTESIAN_POINT('Origin',(-50.0155082392951,-49.9547739404274,61.75));
#2406=CARTESIAN_POINT('',(-45.2505082392951,-49.9547739404274,46.75));
#2407=CARTESIAN_POINT('Origin',(-50.0155082392951,-49.9547739404274,46.75));
#2408=CARTESIAN_POINT('',(-45.2505082392951,-49.9547739404274,61.75));
#2409=CARTESIAN_POINT('',(-45.2505082392951,-49.9547739404274,61.75));
#2410=CARTESIAN_POINT('Origin',(-50.0155082392951,-49.9547739404274,61.75));
#2411=CARTESIAN_POINT('Origin',(49.9978701873177,50.0187524821267,61.75));
#2412=CARTESIAN_POINT('',(54.7628701873177,50.0187524821267,46.75));
#2413=CARTESIAN_POINT('Origin',(49.9978701873177,50.0187524821267,46.75));
#2414=CARTESIAN_POINT('',(54.7628701873177,50.0187524821267,61.75));
#2415=CARTESIAN_POINT('',(54.7628701873177,50.0187524821267,61.75));
#2416=CARTESIAN_POINT('Origin',(49.9978701873177,50.0187524821267,61.75));
#2417=CARTESIAN_POINT('Origin',(-74.9618192615849,-75.1209658400174,61.75));
#2418=CARTESIAN_POINT('',(-70.1968192615849,-75.1209658400174,61.75));
#2419=CARTESIAN_POINT('Origin',(-74.9618192615849,-75.1209658400174,61.75));
#2420=CARTESIAN_POINT('Origin',(75.0045962216603,75.1291037370549,61.75));
#2421=CARTESIAN_POINT('',(79.7695962216603,75.1291037370549,61.75));
#2422=CARTESIAN_POINT('Origin',(75.0045962216603,75.1291037370549,61.75));
#2423=CARTESIAN_POINT('Origin',(75.0045962216603,75.1291037370549,61.75));
#2424=CARTESIAN_POINT('',(79.7695962216603,75.1291037370549,46.75));
#2425=CARTESIAN_POINT('Origin',(75.0045962216603,75.1291037370549,46.75));
#2426=CARTESIAN_POINT('',(79.7695962216603,75.1291037370549,61.75));
#2427=CARTESIAN_POINT('',(79.7695962216603,75.1291037370549,61.75));
#2428=CARTESIAN_POINT('Origin',(75.0045962216603,75.1291037370549,61.75));
#2429=CARTESIAN_POINT('Origin',(-74.9618192615849,-75.1209658400174,61.75));
#2430=CARTESIAN_POINT('',(-70.1968192615849,-75.1209658400174,46.75));
#2431=CARTESIAN_POINT('Origin',(-74.9618192615849,-75.1209658400174,46.75));
#2432=CARTESIAN_POINT('',(-70.1968192615849,-75.1209658400174,61.75));
#2433=CARTESIAN_POINT('',(-70.1968192615849,-75.1209658400174,61.75));
#2434=CARTESIAN_POINT('Origin',(-74.9618192615849,-75.1209658400174,61.75));
#2435=CARTESIAN_POINT('Origin',(-74.9618192615849,-75.1209658400174,46.5));
#2436=CARTESIAN_POINT('',(-77.4618192615849,-75.1209658400174,46.5));
#2437=CARTESIAN_POINT('Origin',(-74.9618192615849,-75.1209658400174,46.5));
#2438=CARTESIAN_POINT('Origin',(75.0045962216603,75.1291037370549,46.5));
#2439=CARTESIAN_POINT('',(72.5045962216603,75.1291037370549,46.5));
#2440=CARTESIAN_POINT('Origin',(75.0045962216603,75.1291037370549,46.5));
#2441=CARTESIAN_POINT('',(0.,0.,0.));
#2442=UNCERTAINTY_MEASURE_WITH_UNIT(LENGTH_MEASURE(0.01),#2448,
'DISTANCE_ACCURACY_VALUE',
'Maximum model space distance between geometric entities at asserted c
onnectivities');
#2443=UNCERTAINTY_MEASURE_WITH_UNIT(LENGTH_MEASURE(0.01),#2448,
'DISTANCE_ACCURACY_VALUE',
'Maximum model space distance between geometric entities at asserted c
onnectivities');
#2444=UNCERTAINTY_MEASURE_WITH_UNIT(LENGTH_MEASURE(0.01),#2448,
'DISTANCE_ACCURACY_VALUE',
'Maximum model space distance between geometric entities at asserted c
onnectivities');
#2445=(
GEOMETRIC_REPRESENTATION_CONTEXT(3)
GLOBAL_UNCERTAINTY_ASSIGNED_CONTEXT((#2442))
GLOBAL_UNIT_ASSIGNED_CONTEXT((#2448,#2450,#2451))
REPRESENTATION_CONTEXT('','3D')
);
#2446=(
GEOMETRIC_REPRESENTATION_CONTEXT(3)
GLOBAL_UNCERTAINTY_ASSIGNED_CONTEXT((#2443))
GLOBAL_UNIT_ASSIGNED_CONTEXT((#2448,#2450,#2451))
REPRESENTATION_CONTEXT('','3D')
);
#2447=(
GEOMETRIC_REPRESENTATION_CONTEXT(3)
GLOBAL_UNCERTAINTY_ASSIGNED_CONTEXT((#2444))
GLOBAL_UNIT_ASSIGNED_CONTEXT((#2448,#2450,#2451))
REPRESENTATION_CONTEXT('','3D')
);
#2448=(
LENGTH_UNIT()
NAMED_UNIT(*)
SI_UNIT(.MILLI.,.METRE.)
);
#2449=(
LENGTH_UNIT()
NAMED_UNIT(*)
SI_UNIT($,.METRE.)
);
#2450=(
NAMED_UNIT(*)
PLANE_ANGLE_UNIT()
SI_UNIT($,.RADIAN.)
);
#2451=(
NAMED_UNIT(*)
SI_UNIT($,.STERADIAN.)
SOLID_ANGLE_UNIT()
);
#2452=SHAPE_DEFINITION_REPRESENTATION(#2454,#2457);
#2453=SHAPE_DEFINITION_REPRESENTATION(#2455,#2458);
#2454=PRODUCT_DEFINITION_SHAPE('',$,#2460);
#2455=PRODUCT_DEFINITION_SHAPE('',$,#2461);
#2456=PRODUCT_DEFINITION_SHAPE($,$,#14);
#2457=SHAPE_REPRESENTATION('',(#1443,#1607,#40,#41,#42,#43,#44,#45,#46,
#47,#48,#49,#50,#51,#52,#53,#54,#55,#56,#57,#58,#59,#60,#61,#62,#63,#64),
#2445);
#2458=SHAPE_REPRESENTATION('',(#1444),#2446);
#2459=PRODUCT_DEFINITION_CONTEXT('part definition',#2467,'design');
#2460=PRODUCT_DEFINITION('2026-07-23-12-44-47-836','RotatingDisk',#2462,
#2459);
#2461=PRODUCT_DEFINITION('2026-07-23-12-46-01-318','External1',#2463,#2459);
#2462=PRODUCT_DEFINITION_FORMATION('',$,#2469);
#2463=PRODUCT_DEFINITION_FORMATION('',$,#2470);
#2464=PRODUCT_RELATED_PRODUCT_CATEGORY('RotatingDisk','RotatingDisk',(#2469));
#2465=PRODUCT_RELATED_PRODUCT_CATEGORY('External1','External1',(#2470));
#2466=APPLICATION_PROTOCOL_DEFINITION('international standard',
'automotive_design',2009,#2467);
#2467=APPLICATION_CONTEXT(
'Core Data for Automotive Mechanical Design Process');
#2468=PRODUCT_CONTEXT('part definition',#2467,'mechanical');
#2469=PRODUCT('2026-07-23-12-44-47-836','RotatingDisk',$,(#2468));
#2470=PRODUCT('2026-07-23-12-46-01-318','External1',$,(#2468));
#2471=PRESENTATION_STYLE_ASSIGNMENT((#2472));
#2472=SURFACE_STYLE_USAGE(.BOTH.,#2473);
#2473=SURFACE_SIDE_STYLE('',(#2474));
#2474=SURFACE_STYLE_FILL_AREA(#2475);
#2475=FILL_AREA_STYLE('Steel - Satin',(#2476));
#2476=FILL_AREA_STYLE_COLOUR('Steel - Satin',#2477);
#2477=COLOUR_RGB('Steel - Satin',0.627450980392157,0.627450980392157,0.627450980392157);
ENDSEC;
END-ISO-10303-21;
